2025-08-13 00:00:55 [background-preinit] INFO  o.h.validator.internal.util.Version - HV000001: Hibernate Validator 8.0.2.Final
2025-08-13 00:00:55 [restartedMain] INFO  org.intics.hermes.HermesApplication - Starting HermesApplication using Java 24.0.1 with PID 14365 (/home/roobadharani.deva@zucisystems.com/build/hermes/target/classes started by roobadharani.deva@zucisystems.com in /home/roobadharani.deva@zucisystems.com/build/hermes)
2025-08-13 00:00:55 [restartedMain] INFO  org.intics.hermes.HermesApplication - No active profile set, falling back to 1 default profile: "default"
2025-08-13 00:00:55 [restartedMain] INFO  o.s.b.d.e.DevToolsPropertyDefaultsPostProcessor - Devtools property defaults active! Set 'spring.devtools.add-properties' to 'false' to disable
2025-08-13 00:00:55 [restartedMain] INFO  o.s.b.d.e.DevToolsPropertyDefaultsPostProcessor - For additional web related logging consider setting the 'logging.level.web' property to 'DEBUG'
2025-08-13 00:00:56 [restartedMain] INFO  o.s.b.w.e.tomcat.TomcatWebServer - Tomcat initialized with port 8191 (http)
2025-08-13 00:00:56 [restartedMain] INFO  o.a.coyote.http11.Http11NioProtocol - Initializing ProtocolHandler ["http-nio-8191"]
2025-08-13 00:00:56 [restartedMain] INFO  o.a.catalina.core.StandardService - Starting service [Tomcat]
2025-08-13 00:00:56 [restartedMain] INFO  o.a.catalina.core.StandardEngine - Starting Servlet engine: [Apache Tomcat/10.1.43]
2025-08-13 00:00:56 [restartedMain] INFO  o.a.c.c.C.[.[localhost].[/hermes] - Initializing Spring embedded WebApplicationContext
2025-08-13 00:00:56 [restartedMain] INFO  o.s.b.w.s.c.ServletWebServerApplicationContext - Root WebApplicationContext: initialization completed in 1037 ms
2025-08-13 00:00:57 [restartedMain] INFO  o.s.b.d.a.OptionalLiveReloadServer - LiveReload server is running on port 35729
2025-08-13 00:00:57 [restartedMain] INFO  o.s.b.a.e.web.EndpointLinksResolver - Exposing 1 endpoint beneath base path '/actuator'
2025-08-13 00:00:57 [restartedMain] INFO  o.a.coyote.http11.Http11NioProtocol - Starting ProtocolHandler ["http-nio-8191"]
2025-08-13 00:00:57 [restartedMain] INFO  o.s.b.w.e.tomcat.TomcatWebServer - Tomcat started on port 8191 (http) with context path '/hermes'
2025-08-13 00:00:57 [restartedMain] INFO  org.intics.hermes.HermesApplication - Started HermesApplication in 2.168 seconds (process running for 2.678)
2025-08-13 00:01:01 [http-nio-8191-exec-1] INFO  o.a.c.c.C.[.[localhost].[/hermes] - Initializing Spring DispatcherServlet 'dispatcherServlet'
2025-08-13 00:01:01 [http-nio-8191-exec-1] INFO  o.s.web.servlet.DispatcherServlet - Initializing Servlet 'dispatcherServlet'
2025-08-13 00:01:01 [http-nio-8191-exec-1] INFO  o.s.web.servlet.DispatcherServlet - Completed initialization in 1 ms
2025-08-13 00:01:01 [http-nio-8191-exec-1] INFO  o.i.h.controller.InboundController - Completed processing docTypeBasedRedirect for tenantId=1, documentType=HEALTH_CARE
2025-08-13 00:01:01 [http-nio-8191-exec-1] INFO  o.i.hermes.service.InboundService - docTypeRedirect called with tenantId=1, documentType=HEALTH_CARE, healthPlan=PH, channel=test
2025-08-13 00:01:01 [http-nio-8191-exec-1] INFO  o.i.hermes.service.InboundService - Forwarding request to URL: https://intics.elevance.ngrok.dev/alchemy-server/alchemy/api/v2/transaction/create/pipeline/fileUrl/HEALTH_CARE?tenantId=1&channel=test&documentType=HEALTH_CARE
2025-08-13 00:01:02 [http-nio-8191-exec-1] ERROR o.i.hermes.service.InboundService - Error from external service: status=401 UNAUTHORIZED, body=
2025-08-13 00:01:02 [http-nio-8191-exec-1] ERROR o.i.h.e.GlobalExceptionHandler - 
org.intics.hermes.exception.HermesException: 
	at org.intics.hermes.service.InboundService.docTypeRedirect(InboundService.java:113)
	at org.intics.hermes.controller.InboundController.docTypeBasedRedirect(InboundController.java:31)
	at java.base/jdk.internal.reflect.DirectMethodHandleAccessor.invoke(DirectMethodHandleAccessor.java:104)
	at java.base/java.lang.reflect.Method.invoke(Method.java:565)
	at org.springframework.web.method.support.InvocableHandlerMethod.doInvoke(InvocableHandlerMethod.java:258)
	at org.springframework.web.method.support.InvocableHandlerMethod.invokeForRequest(InvocableHandlerMethod.java:191)
	at org.springframework.web.servlet.mvc.method.annotation.ServletInvocableHandlerMethod.invokeAndHandle(ServletInvocableHandlerMethod.java:118)
	at org.springframework.web.servlet.mvc.method.annotation.RequestMappingHandlerAdapter.invokeHandlerMethod(RequestMappingHandlerAdapter.java:991)
	at org.springframework.web.servlet.mvc.method.annotation.RequestMappingHandlerAdapter.handleInternal(RequestMappingHandlerAdapter.java:896)
	at org.springframework.web.servlet.mvc.method.AbstractHandlerMethodAdapter.handle(AbstractHandlerMethodAdapter.java:87)
	at org.springframework.web.servlet.DispatcherServlet.doDispatch(DispatcherServlet.java:1089)
	at org.springframework.web.servlet.DispatcherServlet.doService(DispatcherServlet.java:979)
	at org.springframework.web.servlet.FrameworkServlet.processRequest(FrameworkServlet.java:1014)
	at org.springframework.web.servlet.FrameworkServlet.doPost(FrameworkServlet.java:914)
	at jakarta.servlet.http.HttpServlet.service(HttpServlet.java:590)
	at org.springframework.web.servlet.FrameworkServlet.service(FrameworkServlet.java:885)
	at jakarta.servlet.http.HttpServlet.service(HttpServlet.java:658)
	at org.apache.catalina.core.ApplicationFilterChain.internalDoFilter(ApplicationFilterChain.java:195)
	at org.apache.catalina.core.ApplicationFilterChain.doFilter(ApplicationFilterChain.java:140)
	at org.apache.tomcat.websocket.server.WsFilter.doFilter(WsFilter.java:51)
	at org.apache.catalina.core.ApplicationFilterChain.internalDoFilter(ApplicationFilterChain.java:164)
	at org.apache.catalina.core.ApplicationFilterChain.doFilter(ApplicationFilterChain.java:140)
	at org.springframework.web.filter.RequestContextFilter.doFilterInternal(RequestContextFilter.java:100)
	at org.springframework.web.filter.OncePerRequestFilter.doFilter(OncePerRequestFilter.java:116)
	at org.apache.catalina.core.ApplicationFilterChain.internalDoFilter(ApplicationFilterChain.java:164)
	at org.apache.catalina.core.ApplicationFilterChain.doFilter(ApplicationFilterChain.java:140)
	at org.springframework.web.filter.FormContentFilter.doFilterInternal(FormContentFilter.java:93)
	at org.springframework.web.filter.OncePerRequestFilter.doFilter(OncePerRequestFilter.java:116)
	at org.apache.catalina.core.ApplicationFilterChain.internalDoFilter(ApplicationFilterChain.java:164)
	at org.apache.catalina.core.ApplicationFilterChain.doFilter(ApplicationFilterChain.java:140)
	at org.springframework.web.filter.ServerHttpObservationFilter.doFilterInternal(ServerHttpObservationFilter.java:110)
	at org.springframework.web.filter.OncePerRequestFilter.doFilter(OncePerRequestFilter.java:116)
	at org.apache.catalina.core.ApplicationFilterChain.internalDoFilter(ApplicationFilterChain.java:164)
	at org.apache.catalina.core.ApplicationFilterChain.doFilter(ApplicationFilterChain.java:140)
	at org.springframework.web.filter.CharacterEncodingFilter.doFilterInternal(CharacterEncodingFilter.java:201)
	at org.springframework.web.filter.OncePerRequestFilter.doFilter(OncePerRequestFilter.java:116)
	at org.apache.catalina.core.ApplicationFilterChain.internalDoFilter(ApplicationFilterChain.java:164)
	at org.apache.catalina.core.ApplicationFilterChain.doFilter(ApplicationFilterChain.java:140)
	at org.apache.catalina.core.StandardWrapperValve.invoke(StandardWrapperValve.java:167)
	at org.apache.catalina.core.StandardContextValve.invoke(StandardContextValve.java:90)
	at org.apache.catalina.authenticator.AuthenticatorBase.invoke(AuthenticatorBase.java:483)
	at org.apache.catalina.core.StandardHostValve.invoke(StandardHostValve.java:116)
	at org.apache.catalina.valves.ErrorReportValve.invoke(ErrorReportValve.java:93)
	at org.apache.catalina.core.StandardEngineValve.invoke(StandardEngineValve.java:74)
	at org.apache.catalina.connector.CoyoteAdapter.service(CoyoteAdapter.java:344)
	at org.apache.coyote.http11.Http11Processor.service(Http11Processor.java:398)
	at org.apache.coyote.AbstractProcessorLight.process(AbstractProcessorLight.java:63)
	at org.apache.coyote.AbstractProtocol$ConnectionHandler.process(AbstractProtocol.java:903)
	at org.apache.tomcat.util.net.NioEndpoint$SocketProcessor.doRun(NioEndpoint.java:1769)
	at org.apache.tomcat.util.net.SocketProcessorBase.run(SocketProcessorBase.java:52)
	at org.apache.tomcat.util.threads.ThreadPoolExecutor.runWorker(ThreadPoolExecutor.java:1189)
	at org.apache.tomcat.util.threads.ThreadPoolExecutor$Worker.run(ThreadPoolExecutor.java:658)
	at org.apache.tomcat.util.threads.TaskThread$WrappingRunnable.run(TaskThread.java:63)
	at java.base/java.lang.Thread.run(Thread.java:1447)
2025-08-13 00:01:02 [http-nio-8191-exec-1] WARN  o.s.w.s.m.m.a.ExceptionHandlerExceptionResolver - Resolved [org.intics.hermes.exception.HermesException: ]
2025-08-13 00:03:05 [SpringApplicationShutdownHook] INFO  o.s.b.w.e.tomcat.GracefulShutdown - Commencing graceful shutdown. Waiting for active requests to complete
2025-08-13 00:03:05 [tomcat-shutdown] INFO  o.s.b.w.e.tomcat.GracefulShutdown - Graceful shutdown complete
2025-08-13 00:03:07 [background-preinit] INFO  o.h.validator.internal.util.Version - HV000001: Hibernate Validator 8.0.2.Final
2025-08-13 00:03:07 [restartedMain] INFO  org.intics.hermes.HermesApplication - Starting HermesApplication using Java 24.0.1 with PID 14549 (/home/roobadharani.deva@zucisystems.com/build/hermes/target/classes started by roobadharani.deva@zucisystems.com in /home/roobadharani.deva@zucisystems.com/build/hermes)
2025-08-13 00:03:07 [restartedMain] INFO  org.intics.hermes.HermesApplication - No active profile set, falling back to 1 default profile: "default"
2025-08-13 00:03:07 [restartedMain] INFO  o.s.b.d.e.DevToolsPropertyDefaultsPostProcessor - Devtools property defaults active! Set 'spring.devtools.add-properties' to 'false' to disable
2025-08-13 00:03:07 [restartedMain] INFO  o.s.b.d.e.DevToolsPropertyDefaultsPostProcessor - For additional web related logging consider setting the 'logging.level.web' property to 'DEBUG'
2025-08-13 00:03:08 [restartedMain] INFO  o.s.b.w.e.tomcat.TomcatWebServer - Tomcat initialized with port 8191 (http)
2025-08-13 00:03:08 [restartedMain] INFO  o.a.coyote.http11.Http11NioProtocol - Initializing ProtocolHandler ["http-nio-8191"]
2025-08-13 00:03:08 [restartedMain] INFO  o.a.catalina.core.StandardService - Starting service [Tomcat]
2025-08-13 00:03:08 [restartedMain] INFO  o.a.catalina.core.StandardEngine - Starting Servlet engine: [Apache Tomcat/10.1.43]
2025-08-13 00:03:08 [restartedMain] INFO  o.a.c.c.C.[.[localhost].[/hermes] - Initializing Spring embedded WebApplicationContext
2025-08-13 00:03:08 [restartedMain] INFO  o.s.b.w.s.c.ServletWebServerApplicationContext - Root WebApplicationContext: initialization completed in 1072 ms
2025-08-13 00:03:09 [restartedMain] INFO  o.s.b.d.a.OptionalLiveReloadServer - LiveReload server is running on port 35729
2025-08-13 00:03:09 [restartedMain] INFO  o.s.b.a.e.web.EndpointLinksResolver - Exposing 1 endpoint beneath base path '/actuator'
2025-08-13 00:03:09 [restartedMain] INFO  o.a.coyote.http11.Http11NioProtocol - Starting ProtocolHandler ["http-nio-8191"]
2025-08-13 00:03:09 [restartedMain] INFO  o.s.b.w.e.tomcat.TomcatWebServer - Tomcat started on port 8191 (http) with context path '/hermes'
2025-08-13 00:03:09 [restartedMain] INFO  org.intics.hermes.HermesApplication - Started HermesApplication in 2.161 seconds (process running for 2.662)
2025-08-13 00:03:12 [http-nio-8191-exec-1] INFO  o.a.c.c.C.[.[localhost].[/hermes] - Initializing Spring DispatcherServlet 'dispatcherServlet'
2025-08-13 00:03:12 [http-nio-8191-exec-1] INFO  o.s.web.servlet.DispatcherServlet - Initializing Servlet 'dispatcherServlet'
2025-08-13 00:03:12 [http-nio-8191-exec-1] INFO  o.s.web.servlet.DispatcherServlet - Completed initialization in 1 ms
2025-08-13 00:03:12 [http-nio-8191-exec-1] INFO  o.i.h.controller.InboundController - Completed processing docTypeBasedRedirect for tenantId=1, documentType=HEALTH_CARE
2025-08-13 00:03:12 [http-nio-8191-exec-1] INFO  o.i.hermes.service.InboundService - docTypeRedirect called with tenantId=1, documentType=HEALTH_CARE, healthPlan=PH, channel=test
2025-08-13 00:03:12 [http-nio-8191-exec-1] INFO  o.i.hermes.service.InboundService - Forwarding request to URL: https://intics.elevance.ngrok.dev/alchemy-server/alchemy/api/v2/transaction/create/pipeline/fileUrl/HEALTH_CARE?tenantId=1&channel=test&documentType=HEALTH_CARE
2025-08-13 00:03:13 [http-nio-8191-exec-1] ERROR o.i.hermes.service.InboundService - Error from external service: status=401 UNAUTHORIZED, body=
2025-08-13 00:03:13 [http-nio-8191-exec-1] WARN  o.i.hermes.service.InboundService - Failed to parse API error body
2025-08-13 00:03:13 [http-nio-8191-exec-1] ERROR o.i.h.e.GlobalExceptionHandler - 
org.intics.hermes.exception.HermesException: 
	at org.intics.hermes.service.InboundService.handleHttpStatusError(InboundService.java:144)
	at org.intics.hermes.service.InboundService.docTypeRedirect(InboundService.java:114)
	at org.intics.hermes.controller.InboundController.docTypeBasedRedirect(InboundController.java:31)
	at java.base/jdk.internal.reflect.DirectMethodHandleAccessor.invoke(DirectMethodHandleAccessor.java:104)
	at java.base/java.lang.reflect.Method.invoke(Method.java:565)
	at org.springframework.web.method.support.InvocableHandlerMethod.doInvoke(InvocableHandlerMethod.java:258)
	at org.springframework.web.method.support.InvocableHandlerMethod.invokeForRequest(InvocableHandlerMethod.java:191)
	at org.springframework.web.servlet.mvc.method.annotation.ServletInvocableHandlerMethod.invokeAndHandle(ServletInvocableHandlerMethod.java:118)
	at org.springframework.web.servlet.mvc.method.annotation.RequestMappingHandlerAdapter.invokeHandlerMethod(RequestMappingHandlerAdapter.java:991)
	at org.springframework.web.servlet.mvc.method.annotation.RequestMappingHandlerAdapter.handleInternal(RequestMappingHandlerAdapter.java:896)
	at org.springframework.web.servlet.mvc.method.AbstractHandlerMethodAdapter.handle(AbstractHandlerMethodAdapter.java:87)
	at org.springframework.web.servlet.DispatcherServlet.doDispatch(DispatcherServlet.java:1089)
	at org.springframework.web.servlet.DispatcherServlet.doService(DispatcherServlet.java:979)
	at org.springframework.web.servlet.FrameworkServlet.processRequest(FrameworkServlet.java:1014)
	at org.springframework.web.servlet.FrameworkServlet.doPost(FrameworkServlet.java:914)
	at jakarta.servlet.http.HttpServlet.service(HttpServlet.java:590)
	at org.springframework.web.servlet.FrameworkServlet.service(FrameworkServlet.java:885)
	at jakarta.servlet.http.HttpServlet.service(HttpServlet.java:658)
	at org.apache.catalina.core.ApplicationFilterChain.internalDoFilter(ApplicationFilterChain.java:195)
	at org.apache.catalina.core.ApplicationFilterChain.doFilter(ApplicationFilterChain.java:140)
	at org.apache.tomcat.websocket.server.WsFilter.doFilter(WsFilter.java:51)
	at org.apache.catalina.core.ApplicationFilterChain.internalDoFilter(ApplicationFilterChain.java:164)
	at org.apache.catalina.core.ApplicationFilterChain.doFilter(ApplicationFilterChain.java:140)
	at org.springframework.web.filter.RequestContextFilter.doFilterInternal(RequestContextFilter.java:100)
	at org.springframework.web.filter.OncePerRequestFilter.doFilter(OncePerRequestFilter.java:116)
	at org.apache.catalina.core.ApplicationFilterChain.internalDoFilter(ApplicationFilterChain.java:164)
	at org.apache.catalina.core.ApplicationFilterChain.doFilter(ApplicationFilterChain.java:140)
	at org.springframework.web.filter.FormContentFilter.doFilterInternal(FormContentFilter.java:93)
	at org.springframework.web.filter.OncePerRequestFilter.doFilter(OncePerRequestFilter.java:116)
	at org.apache.catalina.core.ApplicationFilterChain.internalDoFilter(ApplicationFilterChain.java:164)
	at org.apache.catalina.core.ApplicationFilterChain.doFilter(ApplicationFilterChain.java:140)
	at org.springframework.web.filter.ServerHttpObservationFilter.doFilterInternal(ServerHttpObservationFilter.java:110)
	at org.springframework.web.filter.OncePerRequestFilter.doFilter(OncePerRequestFilter.java:116)
	at org.apache.catalina.core.ApplicationFilterChain.internalDoFilter(ApplicationFilterChain.java:164)
	at org.apache.catalina.core.ApplicationFilterChain.doFilter(ApplicationFilterChain.java:140)
	at org.springframework.web.filter.CharacterEncodingFilter.doFilterInternal(CharacterEncodingFilter.java:201)
	at org.springframework.web.filter.OncePerRequestFilter.doFilter(OncePerRequestFilter.java:116)
	at org.apache.catalina.core.ApplicationFilterChain.internalDoFilter(ApplicationFilterChain.java:164)
	at org.apache.catalina.core.ApplicationFilterChain.doFilter(ApplicationFilterChain.java:140)
	at org.apache.catalina.core.StandardWrapperValve.invoke(StandardWrapperValve.java:167)
	at org.apache.catalina.core.StandardContextValve.invoke(StandardContextValve.java:90)
	at org.apache.catalina.authenticator.AuthenticatorBase.invoke(AuthenticatorBase.java:483)
	at org.apache.catalina.core.StandardHostValve.invoke(StandardHostValve.java:116)
	at org.apache.catalina.valves.ErrorReportValve.invoke(ErrorReportValve.java:93)
	at org.apache.catalina.core.StandardEngineValve.invoke(StandardEngineValve.java:74)
	at org.apache.catalina.connector.CoyoteAdapter.service(CoyoteAdapter.java:344)
	at org.apache.coyote.http11.Http11Processor.service(Http11Processor.java:398)
	at org.apache.coyote.AbstractProcessorLight.process(AbstractProcessorLight.java:63)
	at org.apache.coyote.AbstractProtocol$ConnectionHandler.process(AbstractProtocol.java:903)
	at org.apache.tomcat.util.net.NioEndpoint$SocketProcessor.doRun(NioEndpoint.java:1769)
	at org.apache.tomcat.util.net.SocketProcessorBase.run(SocketProcessorBase.java:52)
	at org.apache.tomcat.util.threads.ThreadPoolExecutor.runWorker(ThreadPoolExecutor.java:1189)
	at org.apache.tomcat.util.threads.ThreadPoolExecutor$Worker.run(ThreadPoolExecutor.java:658)
	at org.apache.tomcat.util.threads.TaskThread$WrappingRunnable.run(TaskThread.java:63)
	at java.base/java.lang.Thread.run(Thread.java:1447)
2025-08-13 00:03:13 [http-nio-8191-exec-1] WARN  o.s.w.s.m.m.a.ExceptionHandlerExceptionResolver - Resolved [org.intics.hermes.exception.HermesException: ]
2025-08-13 00:06:36 [http-nio-8191-exec-4] INFO  o.i.h.c.InboundShadowController - Completed processing docTypeBasedRedirect for tenantId=1, documentType=HEALTH_CARE
2025-08-13 00:06:36 [http-nio-8191-exec-4] INFO  o.i.h.service.InboundShadowService - docTypeRedirect called with tenantId=1, documentType=HEALTH_CARE, healthPlan=PH, channel=test
2025-08-13 00:06:36 [http-nio-8191-exec-4] INFO  o.i.h.service.InboundShadowService - Forwarding request to URL: https://intics.elevance.ngrok.dev/alchemy-server/alchemy/api/v2/transaction/create/pipeline/shadow/fileUrl/HEALTH_CARE?tenantId=1&channel=test&documentType=HEALTH_CARE
2025-08-13 00:06:36 [http-nio-8191-exec-4] ERROR o.i.h.service.InboundShadowService - Error from external service: status=401 UNAUTHORIZED, body=
2025-08-13 00:06:36 [http-nio-8191-exec-4] ERROR o.i.h.e.GlobalExceptionHandler - 
org.intics.hermes.exception.HermesException: 
	at org.intics.hermes.service.InboundShadowService.docTypeRedirect(InboundShadowService.java:113)
	at org.intics.hermes.controller.InboundShadowController.docTypeBasedRedirect(InboundShadowController.java:32)
	at java.base/jdk.internal.reflect.DirectMethodHandleAccessor.invoke(DirectMethodHandleAccessor.java:104)
	at java.base/java.lang.reflect.Method.invoke(Method.java:565)
	at org.springframework.web.method.support.InvocableHandlerMethod.doInvoke(InvocableHandlerMethod.java:258)
	at org.springframework.web.method.support.InvocableHandlerMethod.invokeForRequest(InvocableHandlerMethod.java:191)
	at org.springframework.web.servlet.mvc.method.annotation.ServletInvocableHandlerMethod.invokeAndHandle(ServletInvocableHandlerMethod.java:118)
	at org.springframework.web.servlet.mvc.method.annotation.RequestMappingHandlerAdapter.invokeHandlerMethod(RequestMappingHandlerAdapter.java:991)
	at org.springframework.web.servlet.mvc.method.annotation.RequestMappingHandlerAdapter.handleInternal(RequestMappingHandlerAdapter.java:896)
	at org.springframework.web.servlet.mvc.method.AbstractHandlerMethodAdapter.handle(AbstractHandlerMethodAdapter.java:87)
	at org.springframework.web.servlet.DispatcherServlet.doDispatch(DispatcherServlet.java:1089)
	at org.springframework.web.servlet.DispatcherServlet.doService(DispatcherServlet.java:979)
	at org.springframework.web.servlet.FrameworkServlet.processRequest(FrameworkServlet.java:1014)
	at org.springframework.web.servlet.FrameworkServlet.doPost(FrameworkServlet.java:914)
	at jakarta.servlet.http.HttpServlet.service(HttpServlet.java:590)
	at org.springframework.web.servlet.FrameworkServlet.service(FrameworkServlet.java:885)
	at jakarta.servlet.http.HttpServlet.service(HttpServlet.java:658)
	at org.apache.catalina.core.ApplicationFilterChain.internalDoFilter(ApplicationFilterChain.java:195)
	at org.apache.catalina.core.ApplicationFilterChain.doFilter(ApplicationFilterChain.java:140)
	at org.apache.tomcat.websocket.server.WsFilter.doFilter(WsFilter.java:51)
	at org.apache.catalina.core.ApplicationFilterChain.internalDoFilter(ApplicationFilterChain.java:164)
	at org.apache.catalina.core.ApplicationFilterChain.doFilter(ApplicationFilterChain.java:140)
	at org.springframework.web.filter.RequestContextFilter.doFilterInternal(RequestContextFilter.java:100)
	at org.springframework.web.filter.OncePerRequestFilter.doFilter(OncePerRequestFilter.java:116)
	at org.apache.catalina.core.ApplicationFilterChain.internalDoFilter(ApplicationFilterChain.java:164)
	at org.apache.catalina.core.ApplicationFilterChain.doFilter(ApplicationFilterChain.java:140)
	at org.springframework.web.filter.FormContentFilter.doFilterInternal(FormContentFilter.java:93)
	at org.springframework.web.filter.OncePerRequestFilter.doFilter(OncePerRequestFilter.java:116)
	at org.apache.catalina.core.ApplicationFilterChain.internalDoFilter(ApplicationFilterChain.java:164)
	at org.apache.catalina.core.ApplicationFilterChain.doFilter(ApplicationFilterChain.java:140)
	at org.springframework.web.filter.ServerHttpObservationFilter.doFilterInternal(ServerHttpObservationFilter.java:110)
	at org.springframework.web.filter.OncePerRequestFilter.doFilter(OncePerRequestFilter.java:116)
	at org.apache.catalina.core.ApplicationFilterChain.internalDoFilter(ApplicationFilterChain.java:164)
	at org.apache.catalina.core.ApplicationFilterChain.doFilter(ApplicationFilterChain.java:140)
	at org.springframework.web.filter.CharacterEncodingFilter.doFilterInternal(CharacterEncodingFilter.java:201)
	at org.springframework.web.filter.OncePerRequestFilter.doFilter(OncePerRequestFilter.java:116)
	at org.apache.catalina.core.ApplicationFilterChain.internalDoFilter(ApplicationFilterChain.java:164)
	at org.apache.catalina.core.ApplicationFilterChain.doFilter(ApplicationFilterChain.java:140)
	at org.apache.catalina.core.StandardWrapperValve.invoke(StandardWrapperValve.java:167)
	at org.apache.catalina.core.StandardContextValve.invoke(StandardContextValve.java:90)
	at org.apache.catalina.authenticator.AuthenticatorBase.invoke(AuthenticatorBase.java:483)
	at org.apache.catalina.core.StandardHostValve.invoke(StandardHostValve.java:116)
	at org.apache.catalina.valves.ErrorReportValve.invoke(ErrorReportValve.java:93)
	at org.apache.catalina.core.StandardEngineValve.invoke(StandardEngineValve.java:74)
	at org.apache.catalina.connector.CoyoteAdapter.service(CoyoteAdapter.java:344)
	at org.apache.coyote.http11.Http11Processor.service(Http11Processor.java:398)
	at org.apache.coyote.AbstractProcessorLight.process(AbstractProcessorLight.java:63)
	at org.apache.coyote.AbstractProtocol$ConnectionHandler.process(AbstractProtocol.java:903)
	at org.apache.tomcat.util.net.NioEndpoint$SocketProcessor.doRun(NioEndpoint.java:1769)
	at org.apache.tomcat.util.net.SocketProcessorBase.run(SocketProcessorBase.java:52)
	at org.apache.tomcat.util.threads.ThreadPoolExecutor.runWorker(ThreadPoolExecutor.java:1189)
	at org.apache.tomcat.util.threads.ThreadPoolExecutor$Worker.run(ThreadPoolExecutor.java:658)
	at org.apache.tomcat.util.threads.TaskThread$WrappingRunnable.run(TaskThread.java:63)
	at java.base/java.lang.Thread.run(Thread.java:1447)
2025-08-13 00:06:36 [http-nio-8191-exec-4] WARN  o.s.w.s.m.m.a.ExceptionHandlerExceptionResolver - Resolved [org.intics.hermes.exception.HermesException: ]
2025-08-13 00:06:39 [SpringApplicationShutdownHook] INFO  o.s.b.w.e.tomcat.GracefulShutdown - Commencing graceful shutdown. Waiting for active requests to complete
2025-08-13 00:06:39 [tomcat-shutdown] INFO  o.s.b.w.e.tomcat.GracefulShutdown - Graceful shutdown complete
2025-08-13 00:06:41 [background-preinit] INFO  o.h.validator.internal.util.Version - HV000001: Hibernate Validator 8.0.2.Final
2025-08-13 00:06:41 [restartedMain] INFO  org.intics.hermes.HermesApplication - Starting HermesApplication using Java 24.0.1 with PID 14721 (/home/roobadharani.deva@zucisystems.com/build/hermes/target/classes started by roobadharani.deva@zucisystems.com in /home/roobadharani.deva@zucisystems.com/build/hermes)
2025-08-13 00:06:41 [restartedMain] INFO  org.intics.hermes.HermesApplication - No active profile set, falling back to 1 default profile: "default"
2025-08-13 00:06:41 [restartedMain] INFO  o.s.b.d.e.DevToolsPropertyDefaultsPostProcessor - Devtools property defaults active! Set 'spring.devtools.add-properties' to 'false' to disable
2025-08-13 00:06:41 [restartedMain] INFO  o.s.b.d.e.DevToolsPropertyDefaultsPostProcessor - For additional web related logging consider setting the 'logging.level.web' property to 'DEBUG'
2025-08-13 00:06:42 [restartedMain] INFO  o.s.b.w.e.tomcat.TomcatWebServer - Tomcat initialized with port 8191 (http)
2025-08-13 00:06:42 [restartedMain] INFO  o.a.coyote.http11.Http11NioProtocol - Initializing ProtocolHandler ["http-nio-8191"]
2025-08-13 00:06:42 [restartedMain] INFO  o.a.catalina.core.StandardService - Starting service [Tomcat]
2025-08-13 00:06:42 [restartedMain] INFO  o.a.catalina.core.StandardEngine - Starting Servlet engine: [Apache Tomcat/10.1.43]
2025-08-13 00:06:42 [restartedMain] INFO  o.a.c.c.C.[.[localhost].[/hermes] - Initializing Spring embedded WebApplicationContext
2025-08-13 00:06:42 [restartedMain] INFO  o.s.b.w.s.c.ServletWebServerApplicationContext - Root WebApplicationContext: initialization completed in 1078 ms
2025-08-13 00:06:43 [restartedMain] INFO  o.s.b.d.a.OptionalLiveReloadServer - LiveReload server is running on port 35729
2025-08-13 00:06:43 [restartedMain] INFO  o.s.b.a.e.web.EndpointLinksResolver - Exposing 1 endpoint beneath base path '/actuator'
2025-08-13 00:06:43 [restartedMain] INFO  o.a.coyote.http11.Http11NioProtocol - Starting ProtocolHandler ["http-nio-8191"]
2025-08-13 00:06:43 [restartedMain] INFO  o.s.b.w.e.tomcat.TomcatWebServer - Tomcat started on port 8191 (http) with context path '/hermes'
2025-08-13 00:06:43 [restartedMain] INFO  org.intics.hermes.HermesApplication - Started HermesApplication in 2.202 seconds (process running for 2.822)
2025-08-13 00:06:46 [http-nio-8191-exec-2] INFO  o.a.c.c.C.[.[localhost].[/hermes] - Initializing Spring DispatcherServlet 'dispatcherServlet'
2025-08-13 00:06:46 [http-nio-8191-exec-2] INFO  o.s.web.servlet.DispatcherServlet - Initializing Servlet 'dispatcherServlet'
2025-08-13 00:06:46 [http-nio-8191-exec-2] INFO  o.s.web.servlet.DispatcherServlet - Completed initialization in 0 ms
2025-08-13 00:06:46 [http-nio-8191-exec-2] INFO  o.i.h.c.InboundShadowController - Completed processing docTypeBasedRedirect for tenantId=1, documentType=HEALTH_CARE
2025-08-13 00:06:46 [http-nio-8191-exec-2] INFO  o.i.h.service.InboundShadowService - docTypeRedirect called with tenantId=1, documentType=HEALTH_CARE, healthPlan=PH, channel=test
2025-08-13 00:06:46 [http-nio-8191-exec-2] INFO  o.i.h.service.InboundShadowService - Forwarding request to URL: https://intics.elevance.ngrok.dev/alchemy-server/alchemy/api/v2/transaction/create/pipeline/shadow/fileUrl/HEALTH_CARE?tenantId=1&channel=test&documentType=HEALTH_CARE
2025-08-13 00:06:47 [http-nio-8191-exec-2] ERROR o.i.h.service.InboundShadowService - Error from external service: status=401 UNAUTHORIZED, body=
2025-08-13 00:06:47 [http-nio-8191-exec-2] ERROR o.i.h.e.GlobalExceptionHandler - 
org.intics.hermes.exception.HermesException: 
	at org.intics.hermes.service.InboundShadowService.docTypeRedirect(InboundShadowService.java:113)
	at org.intics.hermes.controller.InboundShadowController.docTypeBasedRedirect(InboundShadowController.java:32)
	at java.base/jdk.internal.reflect.DirectMethodHandleAccessor.invoke(DirectMethodHandleAccessor.java:104)
	at java.base/java.lang.reflect.Method.invoke(Method.java:565)
	at org.springframework.web.method.support.InvocableHandlerMethod.doInvoke(InvocableHandlerMethod.java:258)
	at org.springframework.web.method.support.InvocableHandlerMethod.invokeForRequest(InvocableHandlerMethod.java:191)
	at org.springframework.web.servlet.mvc.method.annotation.ServletInvocableHandlerMethod.invokeAndHandle(ServletInvocableHandlerMethod.java:118)
	at org.springframework.web.servlet.mvc.method.annotation.RequestMappingHandlerAdapter.invokeHandlerMethod(RequestMappingHandlerAdapter.java:991)
	at org.springframework.web.servlet.mvc.method.annotation.RequestMappingHandlerAdapter.handleInternal(RequestMappingHandlerAdapter.java:896)
	at org.springframework.web.servlet.mvc.method.AbstractHandlerMethodAdapter.handle(AbstractHandlerMethodAdapter.java:87)
	at org.springframework.web.servlet.DispatcherServlet.doDispatch(DispatcherServlet.java:1089)
	at org.springframework.web.servlet.DispatcherServlet.doService(DispatcherServlet.java:979)
	at org.springframework.web.servlet.FrameworkServlet.processRequest(FrameworkServlet.java:1014)
	at org.springframework.web.servlet.FrameworkServlet.doPost(FrameworkServlet.java:914)
	at jakarta.servlet.http.HttpServlet.service(HttpServlet.java:590)
	at org.springframework.web.servlet.FrameworkServlet.service(FrameworkServlet.java:885)
	at jakarta.servlet.http.HttpServlet.service(HttpServlet.java:658)
	at org.apache.catalina.core.ApplicationFilterChain.internalDoFilter(ApplicationFilterChain.java:195)
	at org.apache.catalina.core.ApplicationFilterChain.doFilter(ApplicationFilterChain.java:140)
	at org.apache.tomcat.websocket.server.WsFilter.doFilter(WsFilter.java:51)
	at org.apache.catalina.core.ApplicationFilterChain.internalDoFilter(ApplicationFilterChain.java:164)
	at org.apache.catalina.core.ApplicationFilterChain.doFilter(ApplicationFilterChain.java:140)
	at org.springframework.web.filter.RequestContextFilter.doFilterInternal(RequestContextFilter.java:100)
	at org.springframework.web.filter.OncePerRequestFilter.doFilter(OncePerRequestFilter.java:116)
	at org.apache.catalina.core.ApplicationFilterChain.internalDoFilter(ApplicationFilterChain.java:164)
	at org.apache.catalina.core.ApplicationFilterChain.doFilter(ApplicationFilterChain.java:140)
	at org.springframework.web.filter.FormContentFilter.doFilterInternal(FormContentFilter.java:93)
	at org.springframework.web.filter.OncePerRequestFilter.doFilter(OncePerRequestFilter.java:116)
	at org.apache.catalina.core.ApplicationFilterChain.internalDoFilter(ApplicationFilterChain.java:164)
	at org.apache.catalina.core.ApplicationFilterChain.doFilter(ApplicationFilterChain.java:140)
	at org.springframework.web.filter.ServerHttpObservationFilter.doFilterInternal(ServerHttpObservationFilter.java:110)
	at org.springframework.web.filter.OncePerRequestFilter.doFilter(OncePerRequestFilter.java:116)
	at org.apache.catalina.core.ApplicationFilterChain.internalDoFilter(ApplicationFilterChain.java:164)
	at org.apache.catalina.core.ApplicationFilterChain.doFilter(ApplicationFilterChain.java:140)
	at org.springframework.web.filter.CharacterEncodingFilter.doFilterInternal(CharacterEncodingFilter.java:201)
	at org.springframework.web.filter.OncePerRequestFilter.doFilter(OncePerRequestFilter.java:116)
	at org.apache.catalina.core.ApplicationFilterChain.internalDoFilter(ApplicationFilterChain.java:164)
	at org.apache.catalina.core.ApplicationFilterChain.doFilter(ApplicationFilterChain.java:140)
	at org.apache.catalina.core.StandardWrapperValve.invoke(StandardWrapperValve.java:167)
	at org.apache.catalina.core.StandardContextValve.invoke(StandardContextValve.java:90)
	at org.apache.catalina.authenticator.AuthenticatorBase.invoke(AuthenticatorBase.java:483)
	at org.apache.catalina.core.StandardHostValve.invoke(StandardHostValve.java:116)
	at org.apache.catalina.valves.ErrorReportValve.invoke(ErrorReportValve.java:93)
	at org.apache.catalina.core.StandardEngineValve.invoke(StandardEngineValve.java:74)
	at org.apache.catalina.connector.CoyoteAdapter.service(CoyoteAdapter.java:344)
	at org.apache.coyote.http11.Http11Processor.service(Http11Processor.java:398)
	at org.apache.coyote.AbstractProcessorLight.process(AbstractProcessorLight.java:63)
	at org.apache.coyote.AbstractProtocol$ConnectionHandler.process(AbstractProtocol.java:903)
	at org.apache.tomcat.util.net.NioEndpoint$SocketProcessor.doRun(NioEndpoint.java:1769)
	at org.apache.tomcat.util.net.SocketProcessorBase.run(SocketProcessorBase.java:52)
	at org.apache.tomcat.util.threads.ThreadPoolExecutor.runWorker(ThreadPoolExecutor.java:1189)
	at org.apache.tomcat.util.threads.ThreadPoolExecutor$Worker.run(ThreadPoolExecutor.java:658)
	at org.apache.tomcat.util.threads.TaskThread$WrappingRunnable.run(TaskThread.java:63)
	at java.base/java.lang.Thread.run(Thread.java:1447)
2025-08-13 00:06:47 [http-nio-8191-exec-2] WARN  o.s.w.s.m.m.a.ExceptionHandlerExceptionResolver - Resolved [org.intics.hermes.exception.HermesException: ]
2025-08-13 00:10:04 [http-nio-8191-exec-4] INFO  o.i.h.controller.InboundController - Completed processing docTypeBasedRedirect for tenantId=1, documentType=HEALTH_CARE
2025-08-13 00:10:04 [http-nio-8191-exec-4] INFO  o.i.hermes.service.InboundService - docTypeRedirect called with tenantId=1, documentType=HEALTH_CARE, healthPlan=PH, channel=test
2025-08-13 00:10:04 [http-nio-8191-exec-4] INFO  o.i.hermes.service.InboundService - Forwarding request to URL: https://intics.elevance.ngrok.dev/alchemy-server/alchemy/api/v2/transaction/create/pipeline/fileUrl/HEALTH_CARE?tenantId=1&channel=test&documentType=HEALTH_CARE
2025-08-13 00:10:04 [http-nio-8191-exec-4] ERROR o.i.hermes.service.InboundService - Error from external service: status=401 UNAUTHORIZED, body=
2025-08-13 00:10:04 [http-nio-8191-exec-4] WARN  o.i.hermes.service.InboundService - Failed to parse API error body
2025-08-13 00:10:04 [http-nio-8191-exec-4] ERROR o.i.h.e.GlobalExceptionHandler - 
org.intics.hermes.exception.HermesException: 
	at org.intics.hermes.service.InboundService.handleHttpStatusError(InboundService.java:144)
	at org.intics.hermes.service.InboundService.docTypeRedirect(InboundService.java:114)
	at org.intics.hermes.controller.InboundController.docTypeBasedRedirect(InboundController.java:31)
	at java.base/jdk.internal.reflect.DirectMethodHandleAccessor.invoke(DirectMethodHandleAccessor.java:104)
	at java.base/java.lang.reflect.Method.invoke(Method.java:565)
	at org.springframework.web.method.support.InvocableHandlerMethod.doInvoke(InvocableHandlerMethod.java:258)
	at org.springframework.web.method.support.InvocableHandlerMethod.invokeForRequest(InvocableHandlerMethod.java:191)
	at org.springframework.web.servlet.mvc.method.annotation.ServletInvocableHandlerMethod.invokeAndHandle(ServletInvocableHandlerMethod.java:118)
	at org.springframework.web.servlet.mvc.method.annotation.RequestMappingHandlerAdapter.invokeHandlerMethod(RequestMappingHandlerAdapter.java:991)
	at org.springframework.web.servlet.mvc.method.annotation.RequestMappingHandlerAdapter.handleInternal(RequestMappingHandlerAdapter.java:896)
	at org.springframework.web.servlet.mvc.method.AbstractHandlerMethodAdapter.handle(AbstractHandlerMethodAdapter.java:87)
	at org.springframework.web.servlet.DispatcherServlet.doDispatch(DispatcherServlet.java:1089)
	at org.springframework.web.servlet.DispatcherServlet.doService(DispatcherServlet.java:979)
	at org.springframework.web.servlet.FrameworkServlet.processRequest(FrameworkServlet.java:1014)
	at org.springframework.web.servlet.FrameworkServlet.doPost(FrameworkServlet.java:914)
	at jakarta.servlet.http.HttpServlet.service(HttpServlet.java:590)
	at org.springframework.web.servlet.FrameworkServlet.service(FrameworkServlet.java:885)
	at jakarta.servlet.http.HttpServlet.service(HttpServlet.java:658)
	at org.apache.catalina.core.ApplicationFilterChain.internalDoFilter(ApplicationFilterChain.java:195)
	at org.apache.catalina.core.ApplicationFilterChain.doFilter(ApplicationFilterChain.java:140)
	at org.apache.tomcat.websocket.server.WsFilter.doFilter(WsFilter.java:51)
	at org.apache.catalina.core.ApplicationFilterChain.internalDoFilter(ApplicationFilterChain.java:164)
	at org.apache.catalina.core.ApplicationFilterChain.doFilter(ApplicationFilterChain.java:140)
	at org.springframework.web.filter.RequestContextFilter.doFilterInternal(RequestContextFilter.java:100)
	at org.springframework.web.filter.OncePerRequestFilter.doFilter(OncePerRequestFilter.java:116)
	at org.apache.catalina.core.ApplicationFilterChain.internalDoFilter(ApplicationFilterChain.java:164)
	at org.apache.catalina.core.ApplicationFilterChain.doFilter(ApplicationFilterChain.java:140)
	at org.springframework.web.filter.FormContentFilter.doFilterInternal(FormContentFilter.java:93)
	at org.springframework.web.filter.OncePerRequestFilter.doFilter(OncePerRequestFilter.java:116)
	at org.apache.catalina.core.ApplicationFilterChain.internalDoFilter(ApplicationFilterChain.java:164)
	at org.apache.catalina.core.ApplicationFilterChain.doFilter(ApplicationFilterChain.java:140)
	at org.springframework.web.filter.ServerHttpObservationFilter.doFilterInternal(ServerHttpObservationFilter.java:110)
	at org.springframework.web.filter.OncePerRequestFilter.doFilter(OncePerRequestFilter.java:116)
	at org.apache.catalina.core.ApplicationFilterChain.internalDoFilter(ApplicationFilterChain.java:164)
	at org.apache.catalina.core.ApplicationFilterChain.doFilter(ApplicationFilterChain.java:140)
	at org.springframework.web.filter.CharacterEncodingFilter.doFilterInternal(CharacterEncodingFilter.java:201)
	at org.springframework.web.filter.OncePerRequestFilter.doFilter(OncePerRequestFilter.java:116)
	at org.apache.catalina.core.ApplicationFilterChain.internalDoFilter(ApplicationFilterChain.java:164)
	at org.apache.catalina.core.ApplicationFilterChain.doFilter(ApplicationFilterChain.java:140)
	at org.apache.catalina.core.StandardWrapperValve.invoke(StandardWrapperValve.java:167)
	at org.apache.catalina.core.StandardContextValve.invoke(StandardContextValve.java:90)
	at org.apache.catalina.authenticator.AuthenticatorBase.invoke(AuthenticatorBase.java:483)
	at org.apache.catalina.core.StandardHostValve.invoke(StandardHostValve.java:116)
	at org.apache.catalina.valves.ErrorReportValve.invoke(ErrorReportValve.java:93)
	at org.apache.catalina.core.StandardEngineValve.invoke(StandardEngineValve.java:74)
	at org.apache.catalina.connector.CoyoteAdapter.service(CoyoteAdapter.java:344)
	at org.apache.coyote.http11.Http11Processor.service(Http11Processor.java:398)
	at org.apache.coyote.AbstractProcessorLight.process(AbstractProcessorLight.java:63)
	at org.apache.coyote.AbstractProtocol$ConnectionHandler.process(AbstractProtocol.java:903)
	at org.apache.tomcat.util.net.NioEndpoint$SocketProcessor.doRun(NioEndpoint.java:1769)
	at org.apache.tomcat.util.net.SocketProcessorBase.run(SocketProcessorBase.java:52)
	at org.apache.tomcat.util.threads.ThreadPoolExecutor.runWorker(ThreadPoolExecutor.java:1189)
	at org.apache.tomcat.util.threads.ThreadPoolExecutor$Worker.run(ThreadPoolExecutor.java:658)
	at org.apache.tomcat.util.threads.TaskThread$WrappingRunnable.run(TaskThread.java:63)
	at java.base/java.lang.Thread.run(Thread.java:1447)
2025-08-13 00:10:04 [http-nio-8191-exec-4] WARN  o.s.w.s.m.m.a.ExceptionHandlerExceptionResolver - Resolved [org.intics.hermes.exception.HermesException: ]
2025-08-13 00:11:42 [SpringApplicationShutdownHook] INFO  o.s.b.w.e.tomcat.GracefulShutdown - Commencing graceful shutdown. Waiting for active requests to complete
2025-08-13 00:11:42 [tomcat-shutdown] INFO  o.s.b.w.e.tomcat.GracefulShutdown - Graceful shutdown complete
2025-08-13 00:11:45 [background-preinit] INFO  o.h.validator.internal.util.Version - HV000001: Hibernate Validator 8.0.2.Final
2025-08-13 00:11:45 [restartedMain] INFO  org.intics.hermes.HermesApplication - Starting HermesApplication using Java 24.0.1 with PID 14919 (/home/roobadharani.deva@zucisystems.com/build/hermes/target/classes started by roobadharani.deva@zucisystems.com in /home/roobadharani.deva@zucisystems.com/build/hermes)
2025-08-13 00:11:45 [restartedMain] INFO  org.intics.hermes.HermesApplication - No active profile set, falling back to 1 default profile: "default"
2025-08-13 00:11:45 [restartedMain] INFO  o.s.b.d.e.DevToolsPropertyDefaultsPostProcessor - Devtools property defaults active! Set 'spring.devtools.add-properties' to 'false' to disable
2025-08-13 00:11:45 [restartedMain] INFO  o.s.b.d.e.DevToolsPropertyDefaultsPostProcessor - For additional web related logging consider setting the 'logging.level.web' property to 'DEBUG'
2025-08-13 00:11:46 [restartedMain] INFO  o.s.b.w.e.tomcat.TomcatWebServer - Tomcat initialized with port 8191 (http)
2025-08-13 00:11:46 [restartedMain] INFO  o.a.coyote.http11.Http11NioProtocol - Initializing ProtocolHandler ["http-nio-8191"]
2025-08-13 00:11:46 [restartedMain] INFO  o.a.catalina.core.StandardService - Starting service [Tomcat]
2025-08-13 00:11:46 [restartedMain] INFO  o.a.catalina.core.StandardEngine - Starting Servlet engine: [Apache Tomcat/10.1.43]
2025-08-13 00:11:46 [restartedMain] INFO  o.a.c.c.C.[.[localhost].[/hermes] - Initializing Spring embedded WebApplicationContext
2025-08-13 00:11:46 [restartedMain] INFO  o.s.b.w.s.c.ServletWebServerApplicationContext - Root WebApplicationContext: initialization completed in 1042 ms
2025-08-13 00:11:47 [restartedMain] INFO  o.s.b.d.a.OptionalLiveReloadServer - LiveReload server is running on port 35729
2025-08-13 00:11:47 [restartedMain] INFO  o.s.b.a.e.web.EndpointLinksResolver - Exposing 1 endpoint beneath base path '/actuator'
2025-08-13 00:11:47 [restartedMain] INFO  o.a.coyote.http11.Http11NioProtocol - Starting ProtocolHandler ["http-nio-8191"]
2025-08-13 00:11:47 [restartedMain] INFO  o.s.b.w.e.tomcat.TomcatWebServer - Tomcat started on port 8191 (http) with context path '/hermes'
2025-08-13 00:11:47 [restartedMain] INFO  org.intics.hermes.HermesApplication - Started HermesApplication in 2.185 seconds (process running for 2.665)
2025-08-13 00:11:51 [http-nio-8191-exec-2] INFO  o.a.c.c.C.[.[localhost].[/hermes] - Initializing Spring DispatcherServlet 'dispatcherServlet'
2025-08-13 00:11:51 [http-nio-8191-exec-2] INFO  o.s.web.servlet.DispatcherServlet - Initializing Servlet 'dispatcherServlet'
2025-08-13 00:11:51 [http-nio-8191-exec-2] INFO  o.s.web.servlet.DispatcherServlet - Completed initialization in 0 ms
2025-08-13 00:11:51 [http-nio-8191-exec-2] INFO  o.i.h.controller.InboundController - Completed processing docTypeBasedRedirect for tenantId=1, documentType=HEALTH_CARE
2025-08-13 00:11:51 [http-nio-8191-exec-2] INFO  o.i.hermes.service.InboundService - docTypeRedirect called with tenantId=1, documentType=HEALTH_CARE, healthPlan=PH, channel=test
2025-08-13 00:11:51 [http-nio-8191-exec-2] INFO  o.i.hermes.service.InboundService - Forwarding request to URL: https://intics.elevance.ngrok.dev/alchemy-server/alchemy/api/v2/transaction/create/pipeline/fileUrl/HEALTH_CARE?tenantId=1&channel=test&documentType=HEALTH_CARE
2025-08-13 00:11:51 [http-nio-8191-exec-2] ERROR o.i.hermes.service.InboundService - Error from external service: status=401 UNAUTHORIZED, body=
2025-08-13 00:11:51 [http-nio-8191-exec-2] WARN  o.i.hermes.service.InboundService - Failed to parse API error body
2025-08-13 00:11:51 [http-nio-8191-exec-2] WARN  o.s.w.s.m.m.a.ExceptionHandlerExceptionResolver - Resolved [java.lang.NullPointerException: Cannot invoke "org.intics.hermes.dto.ResponseStatusPayload.getErrorMsg()" because "apiError" is null]
2025-08-13 00:14:28 [http-nio-8191-exec-4] INFO  o.i.h.controller.InboundController - Completed processing docTypeBasedRedirect for tenantId=1, documentType=HEALTH_CARE
2025-08-13 00:14:28 [http-nio-8191-exec-4] INFO  o.i.hermes.service.InboundService - docTypeRedirect called with tenantId=1, documentType=HEALTH_CARE, healthPlan=PH, channel=test
2025-08-13 00:14:28 [http-nio-8191-exec-4] INFO  o.i.hermes.service.InboundService - Forwarding request to URL: https://intics.elevance.ngrok.dev/alchemy-server/alchemy/api/v2/transaction/create/pipeline/fileUrl/HEALTH_CARE?tenantId=1&channel=test&documentType=HEALTH_CARE
2025-08-13 00:14:29 [http-nio-8191-exec-4] ERROR o.i.hermes.service.InboundService - Error from external service: status=401 UNAUTHORIZED, body=
2025-08-13 00:14:29 [http-nio-8191-exec-4] WARN  o.i.hermes.service.InboundService - Failed to parse API error body
2025-08-13 00:14:29 [http-nio-8191-exec-4] WARN  o.s.w.s.m.m.a.ExceptionHandlerExceptionResolver - Resolved [java.lang.NullPointerException: Cannot invoke "org.intics.hermes.dto.ResponseStatusPayload.getErrorMsg()" because "apiError" is null]
2025-08-13 00:14:43 [SpringApplicationShutdownHook] INFO  o.s.b.w.e.tomcat.GracefulShutdown - Commencing graceful shutdown. Waiting for active requests to complete
2025-08-13 00:14:43 [tomcat-shutdown] INFO  o.s.b.w.e.tomcat.GracefulShutdown - Graceful shutdown complete
2025-08-13 00:14:45 [background-preinit] INFO  o.h.validator.internal.util.Version - HV000001: Hibernate Validator 8.0.2.Final
2025-08-13 00:14:45 [restartedMain] INFO  org.intics.hermes.HermesApplication - Starting HermesApplication using Java 24.0.1 with PID 15091 (/home/roobadharani.deva@zucisystems.com/build/hermes/target/classes started by roobadharani.deva@zucisystems.com in /home/roobadharani.deva@zucisystems.com/build/hermes)
2025-08-13 00:14:45 [restartedMain] INFO  org.intics.hermes.HermesApplication - No active profile set, falling back to 1 default profile: "default"
2025-08-13 00:14:45 [restartedMain] INFO  o.s.b.d.e.DevToolsPropertyDefaultsPostProcessor - Devtools property defaults active! Set 'spring.devtools.add-properties' to 'false' to disable
2025-08-13 00:14:45 [restartedMain] INFO  o.s.b.d.e.DevToolsPropertyDefaultsPostProcessor - For additional web related logging consider setting the 'logging.level.web' property to 'DEBUG'
2025-08-13 00:14:46 [restartedMain] INFO  o.s.b.w.e.tomcat.TomcatWebServer - Tomcat initialized with port 8191 (http)
2025-08-13 00:14:46 [restartedMain] INFO  o.a.coyote.http11.Http11NioProtocol - Initializing ProtocolHandler ["http-nio-8191"]
2025-08-13 00:14:46 [restartedMain] INFO  o.a.catalina.core.StandardService - Starting service [Tomcat]
2025-08-13 00:14:46 [restartedMain] INFO  o.a.catalina.core.StandardEngine - Starting Servlet engine: [Apache Tomcat/10.1.43]
2025-08-13 00:14:46 [restartedMain] INFO  o.a.c.c.C.[.[localhost].[/hermes] - Initializing Spring embedded WebApplicationContext
2025-08-13 00:14:46 [restartedMain] INFO  o.s.b.w.s.c.ServletWebServerApplicationContext - Root WebApplicationContext: initialization completed in 1047 ms
2025-08-13 00:14:47 [restartedMain] INFO  o.s.b.d.a.OptionalLiveReloadServer - LiveReload server is running on port 35729
2025-08-13 00:14:47 [restartedMain] INFO  o.s.b.a.e.web.EndpointLinksResolver - Exposing 1 endpoint beneath base path '/actuator'
2025-08-13 00:14:47 [restartedMain] INFO  o.a.coyote.http11.Http11NioProtocol - Starting ProtocolHandler ["http-nio-8191"]
2025-08-13 00:14:47 [restartedMain] INFO  o.s.b.w.e.tomcat.TomcatWebServer - Tomcat started on port 8191 (http) with context path '/hermes'
2025-08-13 00:14:47 [restartedMain] INFO  org.intics.hermes.HermesApplication - Started HermesApplication in 2.102 seconds (process running for 2.609)
2025-08-13 00:14:52 [http-nio-8191-exec-2] INFO  o.a.c.c.C.[.[localhost].[/hermes] - Initializing Spring DispatcherServlet 'dispatcherServlet'
2025-08-13 00:14:52 [http-nio-8191-exec-2] INFO  o.s.web.servlet.DispatcherServlet - Initializing Servlet 'dispatcherServlet'
2025-08-13 00:14:52 [http-nio-8191-exec-2] INFO  o.s.web.servlet.DispatcherServlet - Completed initialization in 1 ms
2025-08-13 00:14:52 [http-nio-8191-exec-2] INFO  o.i.h.controller.InboundController - Completed processing docTypeBasedRedirect for tenantId=1, documentType=HEALTH_CARE
2025-08-13 00:14:52 [http-nio-8191-exec-2] INFO  o.i.hermes.service.InboundService - docTypeRedirect called with tenantId=1, documentType=HEALTH_CARE, healthPlan=PH, channel=test
2025-08-13 00:14:52 [http-nio-8191-exec-2] INFO  o.i.hermes.service.InboundService - Forwarding request to URL: https://intics.elevance.ngrok.dev/alchemy-server/alchemy/api/v2/transaction/create/pipeline/fileUrl/HEALTH_CARE?tenantId=1&channel=test&documentType=HEALTH_CARE
2025-08-13 00:14:53 [http-nio-8191-exec-2] ERROR o.i.hermes.service.InboundService - Error from external service: status=401 UNAUTHORIZED, body=
2025-08-13 00:14:53 [http-nio-8191-exec-2] WARN  o.i.hermes.service.InboundService - Failed to parse API error body
2025-08-13 00:14:53 [http-nio-8191-exec-2] ERROR o.i.h.e.GlobalExceptionHandler - 
org.intics.hermes.exception.HermesException: 
	at org.intics.hermes.service.InboundService.handleHttpStatusError(InboundService.java:144)
	at org.intics.hermes.service.InboundService.docTypeRedirect(InboundService.java:114)
	at org.intics.hermes.controller.InboundController.docTypeBasedRedirect(InboundController.java:31)
	at java.base/jdk.internal.reflect.DirectMethodHandleAccessor.invoke(DirectMethodHandleAccessor.java:104)
	at java.base/java.lang.reflect.Method.invoke(Method.java:565)
	at org.springframework.web.method.support.InvocableHandlerMethod.doInvoke(InvocableHandlerMethod.java:258)
	at org.springframework.web.method.support.InvocableHandlerMethod.invokeForRequest(InvocableHandlerMethod.java:191)
	at org.springframework.web.servlet.mvc.method.annotation.ServletInvocableHandlerMethod.invokeAndHandle(ServletInvocableHandlerMethod.java:118)
	at org.springframework.web.servlet.mvc.method.annotation.RequestMappingHandlerAdapter.invokeHandlerMethod(RequestMappingHandlerAdapter.java:991)
	at org.springframework.web.servlet.mvc.method.annotation.RequestMappingHandlerAdapter.handleInternal(RequestMappingHandlerAdapter.java:896)
	at org.springframework.web.servlet.mvc.method.AbstractHandlerMethodAdapter.handle(AbstractHandlerMethodAdapter.java:87)
	at org.springframework.web.servlet.DispatcherServlet.doDispatch(DispatcherServlet.java:1089)
	at org.springframework.web.servlet.DispatcherServlet.doService(DispatcherServlet.java:979)
	at org.springframework.web.servlet.FrameworkServlet.processRequest(FrameworkServlet.java:1014)
	at org.springframework.web.servlet.FrameworkServlet.doPost(FrameworkServlet.java:914)
	at jakarta.servlet.http.HttpServlet.service(HttpServlet.java:590)
	at org.springframework.web.servlet.FrameworkServlet.service(FrameworkServlet.java:885)
	at jakarta.servlet.http.HttpServlet.service(HttpServlet.java:658)
	at org.apache.catalina.core.ApplicationFilterChain.internalDoFilter(ApplicationFilterChain.java:195)
	at org.apache.catalina.core.ApplicationFilterChain.doFilter(ApplicationFilterChain.java:140)
	at org.apache.tomcat.websocket.server.WsFilter.doFilter(WsFilter.java:51)
	at org.apache.catalina.core.ApplicationFilterChain.internalDoFilter(ApplicationFilterChain.java:164)
	at org.apache.catalina.core.ApplicationFilterChain.doFilter(ApplicationFilterChain.java:140)
	at org.springframework.web.filter.RequestContextFilter.doFilterInternal(RequestContextFilter.java:100)
	at org.springframework.web.filter.OncePerRequestFilter.doFilter(OncePerRequestFilter.java:116)
	at org.apache.catalina.core.ApplicationFilterChain.internalDoFilter(ApplicationFilterChain.java:164)
	at org.apache.catalina.core.ApplicationFilterChain.doFilter(ApplicationFilterChain.java:140)
	at org.springframework.web.filter.FormContentFilter.doFilterInternal(FormContentFilter.java:93)
	at org.springframework.web.filter.OncePerRequestFilter.doFilter(OncePerRequestFilter.java:116)
	at org.apache.catalina.core.ApplicationFilterChain.internalDoFilter(ApplicationFilterChain.java:164)
	at org.apache.catalina.core.ApplicationFilterChain.doFilter(ApplicationFilterChain.java:140)
	at org.springframework.web.filter.ServerHttpObservationFilter.doFilterInternal(ServerHttpObservationFilter.java:110)
	at org.springframework.web.filter.OncePerRequestFilter.doFilter(OncePerRequestFilter.java:116)
	at org.apache.catalina.core.ApplicationFilterChain.internalDoFilter(ApplicationFilterChain.java:164)
	at org.apache.catalina.core.ApplicationFilterChain.doFilter(ApplicationFilterChain.java:140)
	at org.springframework.web.filter.CharacterEncodingFilter.doFilterInternal(CharacterEncodingFilter.java:201)
	at org.springframework.web.filter.OncePerRequestFilter.doFilter(OncePerRequestFilter.java:116)
	at org.apache.catalina.core.ApplicationFilterChain.internalDoFilter(ApplicationFilterChain.java:164)
	at org.apache.catalina.core.ApplicationFilterChain.doFilter(ApplicationFilterChain.java:140)
	at org.apache.catalina.core.StandardWrapperValve.invoke(StandardWrapperValve.java:167)
	at org.apache.catalina.core.StandardContextValve.invoke(StandardContextValve.java:90)
	at org.apache.catalina.authenticator.AuthenticatorBase.invoke(AuthenticatorBase.java:483)
	at org.apache.catalina.core.StandardHostValve.invoke(StandardHostValve.java:116)
	at org.apache.catalina.valves.ErrorReportValve.invoke(ErrorReportValve.java:93)
	at org.apache.catalina.core.StandardEngineValve.invoke(StandardEngineValve.java:74)
	at org.apache.catalina.connector.CoyoteAdapter.service(CoyoteAdapter.java:344)
	at org.apache.coyote.http11.Http11Processor.service(Http11Processor.java:398)
	at org.apache.coyote.AbstractProcessorLight.process(AbstractProcessorLight.java:63)
	at org.apache.coyote.AbstractProtocol$ConnectionHandler.process(AbstractProtocol.java:903)
	at org.apache.tomcat.util.net.NioEndpoint$SocketProcessor.doRun(NioEndpoint.java:1769)
	at org.apache.tomcat.util.net.SocketProcessorBase.run(SocketProcessorBase.java:52)
	at org.apache.tomcat.util.threads.ThreadPoolExecutor.runWorker(ThreadPoolExecutor.java:1189)
	at org.apache.tomcat.util.threads.ThreadPoolExecutor$Worker.run(ThreadPoolExecutor.java:658)
	at org.apache.tomcat.util.threads.TaskThread$WrappingRunnable.run(TaskThread.java:63)
	at java.base/java.lang.Thread.run(Thread.java:1447)
2025-08-13 00:14:53 [http-nio-8191-exec-2] WARN  o.s.w.s.m.m.a.ExceptionHandlerExceptionResolver - Resolved [org.intics.hermes.exception.HermesException: ]
2025-08-13 00:16:47 [SpringApplicationShutdownHook] INFO  o.s.b.w.e.tomcat.GracefulShutdown - Commencing graceful shutdown. Waiting for active requests to complete
2025-08-13 00:16:47 [tomcat-shutdown] INFO  o.s.b.w.e.tomcat.GracefulShutdown - Graceful shutdown complete
2025-08-13 00:16:49 [background-preinit] INFO  o.h.validator.internal.util.Version - HV000001: Hibernate Validator 8.0.2.Final
2025-08-13 00:16:49 [restartedMain] INFO  org.intics.hermes.HermesApplication - Starting HermesApplication using Java 24.0.1 with PID 15251 (/home/roobadharani.deva@zucisystems.com/build/hermes/target/classes started by roobadharani.deva@zucisystems.com in /home/roobadharani.deva@zucisystems.com/build/hermes)
2025-08-13 00:16:49 [restartedMain] INFO  org.intics.hermes.HermesApplication - No active profile set, falling back to 1 default profile: "default"
2025-08-13 00:16:49 [restartedMain] INFO  o.s.b.d.e.DevToolsPropertyDefaultsPostProcessor - Devtools property defaults active! Set 'spring.devtools.add-properties' to 'false' to disable
2025-08-13 00:16:49 [restartedMain] INFO  o.s.b.d.e.DevToolsPropertyDefaultsPostProcessor - For additional web related logging consider setting the 'logging.level.web' property to 'DEBUG'
2025-08-13 00:16:50 [restartedMain] INFO  o.s.b.w.e.tomcat.TomcatWebServer - Tomcat initialized with port 8191 (http)
2025-08-13 00:16:50 [restartedMain] INFO  o.a.coyote.http11.Http11NioProtocol - Initializing ProtocolHandler ["http-nio-8191"]
2025-08-13 00:16:50 [restartedMain] INFO  o.a.catalina.core.StandardService - Starting service [Tomcat]
2025-08-13 00:16:50 [restartedMain] INFO  o.a.catalina.core.StandardEngine - Starting Servlet engine: [Apache Tomcat/10.1.43]
2025-08-13 00:16:50 [restartedMain] INFO  o.a.c.c.C.[.[localhost].[/hermes] - Initializing Spring embedded WebApplicationContext
2025-08-13 00:16:50 [restartedMain] INFO  o.s.b.w.s.c.ServletWebServerApplicationContext - Root WebApplicationContext: initialization completed in 1015 ms
2025-08-13 00:16:51 [restartedMain] INFO  o.s.b.d.a.OptionalLiveReloadServer - LiveReload server is running on port 35729
2025-08-13 00:16:51 [restartedMain] INFO  o.s.b.a.e.web.EndpointLinksResolver - Exposing 1 endpoint beneath base path '/actuator'
2025-08-13 00:16:51 [restartedMain] INFO  o.a.coyote.http11.Http11NioProtocol - Starting ProtocolHandler ["http-nio-8191"]
2025-08-13 00:16:51 [restartedMain] INFO  o.s.b.w.e.tomcat.TomcatWebServer - Tomcat started on port 8191 (http) with context path '/hermes'
2025-08-13 00:16:51 [restartedMain] INFO  org.intics.hermes.HermesApplication - Started HermesApplication in 2.056 seconds (process running for 2.541)
2025-08-13 00:16:59 [http-nio-8191-exec-1] INFO  o.a.c.c.C.[.[localhost].[/hermes] - Initializing Spring DispatcherServlet 'dispatcherServlet'
2025-08-13 00:16:59 [http-nio-8191-exec-1] INFO  o.s.web.servlet.DispatcherServlet - Initializing Servlet 'dispatcherServlet'
2025-08-13 00:16:59 [http-nio-8191-exec-1] INFO  o.s.web.servlet.DispatcherServlet - Completed initialization in 1 ms
2025-08-13 00:16:59 [http-nio-8191-exec-1] INFO  o.i.h.controller.InboundController - Completed processing docTypeBasedRedirect for tenantId=1, documentType=HEALTH_CARE
2025-08-13 00:16:59 [http-nio-8191-exec-1] INFO  o.i.hermes.service.InboundService - docTypeRedirect called with tenantId=1, documentType=HEALTH_CARE, healthPlan=PH, channel=test
2025-08-13 00:16:59 [http-nio-8191-exec-1] INFO  o.i.hermes.service.InboundService - Forwarding request to URL: https://intics.elevance.ngrok.dev/alchemy-server/alchemy/api/v2/transaction/create/pipeline/fileUrl/HEALTH_CARE?tenantId=1&channel=test&documentType=HEALTH_CARE
2025-08-13 00:16:59 [http-nio-8191-exec-1] ERROR o.i.hermes.service.InboundService - Error from external service: status=401 UNAUTHORIZED, body=
2025-08-13 00:16:59 [http-nio-8191-exec-1] WARN  o.i.hermes.service.InboundService - Failed to parse API error body
2025-08-13 00:16:59 [http-nio-8191-exec-1] WARN  o.s.w.s.m.m.a.ExceptionHandlerExceptionResolver - Resolved [java.lang.NullPointerException: Cannot invoke "org.intics.hermes.dto.ResponseStatusPayload.getErrorMsg()" because "apiError" is null]
2025-08-13 00:17:24 [SpringApplicationShutdownHook] INFO  o.s.b.w.e.tomcat.GracefulShutdown - Commencing graceful shutdown. Waiting for active requests to complete
2025-08-13 00:17:24 [tomcat-shutdown] INFO  o.s.b.w.e.tomcat.GracefulShutdown - Graceful shutdown complete
2025-08-13 00:17:27 [background-preinit] INFO  o.h.validator.internal.util.Version - HV000001: Hibernate Validator 8.0.2.Final
2025-08-13 00:17:27 [restartedMain] INFO  org.intics.hermes.HermesApplication - Starting HermesApplication using Java 24.0.1 with PID 15384 (/home/roobadharani.deva@zucisystems.com/build/hermes/target/classes started by roobadharani.deva@zucisystems.com in /home/roobadharani.deva@zucisystems.com/build/hermes)
2025-08-13 00:17:27 [restartedMain] INFO  org.intics.hermes.HermesApplication - No active profile set, falling back to 1 default profile: "default"
2025-08-13 00:17:27 [restartedMain] INFO  o.s.b.d.e.DevToolsPropertyDefaultsPostProcessor - Devtools property defaults active! Set 'spring.devtools.add-properties' to 'false' to disable
2025-08-13 00:17:27 [restartedMain] INFO  o.s.b.d.e.DevToolsPropertyDefaultsPostProcessor - For additional web related logging consider setting the 'logging.level.web' property to 'DEBUG'
2025-08-13 00:17:28 [restartedMain] INFO  o.s.b.w.e.tomcat.TomcatWebServer - Tomcat initialized with port 8191 (http)
2025-08-13 00:17:28 [restartedMain] INFO  o.a.coyote.http11.Http11NioProtocol - Initializing ProtocolHandler ["http-nio-8191"]
2025-08-13 00:17:28 [restartedMain] INFO  o.a.catalina.core.StandardService - Starting service [Tomcat]
2025-08-13 00:17:28 [restartedMain] INFO  o.a.catalina.core.StandardEngine - Starting Servlet engine: [Apache Tomcat/10.1.43]
2025-08-13 00:17:28 [restartedMain] INFO  o.a.c.c.C.[.[localhost].[/hermes] - Initializing Spring embedded WebApplicationContext
2025-08-13 00:17:28 [restartedMain] INFO  o.s.b.w.s.c.ServletWebServerApplicationContext - Root WebApplicationContext: initialization completed in 1061 ms
2025-08-13 00:17:29 [restartedMain] INFO  o.s.b.d.a.OptionalLiveReloadServer - LiveReload server is running on port 35729
2025-08-13 00:17:29 [restartedMain] INFO  o.s.b.a.e.web.EndpointLinksResolver - Exposing 1 endpoint beneath base path '/actuator'
2025-08-13 00:17:29 [restartedMain] INFO  o.a.coyote.http11.Http11NioProtocol - Starting ProtocolHandler ["http-nio-8191"]
2025-08-13 00:17:29 [restartedMain] INFO  o.s.b.w.e.tomcat.TomcatWebServer - Tomcat started on port 8191 (http) with context path '/hermes'
2025-08-13 00:17:29 [restartedMain] INFO  org.intics.hermes.HermesApplication - Started HermesApplication in 2.184 seconds (process running for 2.703)
2025-08-13 00:17:32 [http-nio-8191-exec-2] INFO  o.a.c.c.C.[.[localhost].[/hermes] - Initializing Spring DispatcherServlet 'dispatcherServlet'
2025-08-13 00:17:32 [http-nio-8191-exec-2] INFO  o.s.web.servlet.DispatcherServlet - Initializing Servlet 'dispatcherServlet'
2025-08-13 00:17:32 [http-nio-8191-exec-2] INFO  o.s.web.servlet.DispatcherServlet - Completed initialization in 0 ms
2025-08-13 00:17:32 [http-nio-8191-exec-2] INFO  o.i.h.controller.InboundController - Completed processing docTypeBasedRedirect for tenantId=1, documentType=HEALTH_CARE
2025-08-13 00:17:32 [http-nio-8191-exec-2] INFO  o.i.hermes.service.InboundService - docTypeRedirect called with tenantId=1, documentType=HEALTH_CARE, healthPlan=PH, channel=test
2025-08-13 00:17:32 [http-nio-8191-exec-2] INFO  o.i.hermes.service.InboundService - Forwarding request to URL: https://intics.elevance.ngrok.dev/alchemy-server/alchemy/api/v2/transaction/create/pipeline/fileUrl/HEALTH_CARE?tenantId=1&channel=test&documentType=HEALTH_CARE
2025-08-13 00:17:33 [http-nio-8191-exec-2] ERROR o.i.hermes.service.InboundService - Error from external service: status=401 UNAUTHORIZED, body=
2025-08-13 00:17:33 [http-nio-8191-exec-2] WARN  o.i.hermes.service.InboundService - Failed to parse API error body
2025-08-13 00:17:33 [http-nio-8191-exec-2] WARN  o.s.w.s.m.m.a.ExceptionHandlerExceptionResolver - Resolved [java.lang.NullPointerException: Cannot invoke "org.intics.hermes.dto.ResponseStatusPayload.getErrorCode()" because "apiError" is null]
2025-08-13 00:17:51 [SpringApplicationShutdownHook] INFO  o.s.b.w.e.tomcat.GracefulShutdown - Commencing graceful shutdown. Waiting for active requests to complete
2025-08-13 00:17:51 [tomcat-shutdown] INFO  o.s.b.w.e.tomcat.GracefulShutdown - Graceful shutdown complete
2025-08-13 00:17:54 [background-preinit] INFO  o.h.validator.internal.util.Version - HV000001: Hibernate Validator 8.0.2.Final
2025-08-13 00:17:54 [restartedMain] INFO  org.intics.hermes.HermesApplication - Starting HermesApplication using Java 24.0.1 with PID 15513 (/home/roobadharani.deva@zucisystems.com/build/hermes/target/classes started by roobadharani.deva@zucisystems.com in /home/roobadharani.deva@zucisystems.com/build/hermes)
2025-08-13 00:17:54 [restartedMain] INFO  org.intics.hermes.HermesApplication - No active profile set, falling back to 1 default profile: "default"
2025-08-13 00:17:54 [restartedMain] INFO  o.s.b.d.e.DevToolsPropertyDefaultsPostProcessor - Devtools property defaults active! Set 'spring.devtools.add-properties' to 'false' to disable
2025-08-13 00:17:54 [restartedMain] INFO  o.s.b.d.e.DevToolsPropertyDefaultsPostProcessor - For additional web related logging consider setting the 'logging.level.web' property to 'DEBUG'
2025-08-13 00:17:55 [restartedMain] INFO  o.s.b.w.e.tomcat.TomcatWebServer - Tomcat initialized with port 8191 (http)
2025-08-13 00:17:55 [restartedMain] INFO  o.a.coyote.http11.Http11NioProtocol - Initializing ProtocolHandler ["http-nio-8191"]
2025-08-13 00:17:55 [restartedMain] INFO  o.a.catalina.core.StandardService - Starting service [Tomcat]
2025-08-13 00:17:55 [restartedMain] INFO  o.a.catalina.core.StandardEngine - Starting Servlet engine: [Apache Tomcat/10.1.43]
2025-08-13 00:17:55 [restartedMain] INFO  o.a.c.c.C.[.[localhost].[/hermes] - Initializing Spring embedded WebApplicationContext
2025-08-13 00:17:55 [restartedMain] INFO  o.s.b.w.s.c.ServletWebServerApplicationContext - Root WebApplicationContext: initialization completed in 1078 ms
2025-08-13 00:17:56 [restartedMain] INFO  o.s.b.d.a.OptionalLiveReloadServer - LiveReload server is running on port 35729
2025-08-13 00:17:56 [restartedMain] INFO  o.s.b.a.e.web.EndpointLinksResolver - Exposing 1 endpoint beneath base path '/actuator'
2025-08-13 00:17:56 [restartedMain] INFO  o.a.coyote.http11.Http11NioProtocol - Starting ProtocolHandler ["http-nio-8191"]
2025-08-13 00:17:56 [restartedMain] INFO  o.s.b.w.e.tomcat.TomcatWebServer - Tomcat started on port 8191 (http) with context path '/hermes'
2025-08-13 00:17:56 [restartedMain] INFO  org.intics.hermes.HermesApplication - Started HermesApplication in 2.209 seconds (process running for 2.706)
2025-08-13 00:18:07 [http-nio-8191-exec-1] INFO  o.a.c.c.C.[.[localhost].[/hermes] - Initializing Spring DispatcherServlet 'dispatcherServlet'
2025-08-13 00:18:07 [http-nio-8191-exec-1] INFO  o.s.web.servlet.DispatcherServlet - Initializing Servlet 'dispatcherServlet'
2025-08-13 00:18:07 [http-nio-8191-exec-1] INFO  o.s.web.servlet.DispatcherServlet - Completed initialization in 1 ms
2025-08-13 00:18:07 [http-nio-8191-exec-1] INFO  o.i.h.controller.InboundController - Completed processing docTypeBasedRedirect for tenantId=1, documentType=HEALTH_CARE
2025-08-13 00:18:07 [http-nio-8191-exec-1] INFO  o.i.hermes.service.InboundService - docTypeRedirect called with tenantId=1, documentType=HEALTH_CARE, healthPlan=PH, channel=test
2025-08-13 00:18:07 [http-nio-8191-exec-1] INFO  o.i.hermes.service.InboundService - Forwarding request to URL: https://intics.elevance.ngrok.dev/alchemy-server/alchemy/api/v2/transaction/create/pipeline/fileUrl/HEALTH_CARE?tenantId=1&channel=test&documentType=HEALTH_CARE
2025-08-13 00:18:08 [http-nio-8191-exec-1] ERROR o.i.hermes.service.InboundService - Error from external service: status=401 UNAUTHORIZED, body=
2025-08-13 00:18:08 [http-nio-8191-exec-1] WARN  o.i.hermes.service.InboundService - Failed to parse API error body
2025-08-13 00:18:08 [http-nio-8191-exec-1] ERROR o.i.h.e.GlobalExceptionHandler - Invalid error response format from API
org.intics.hermes.exception.HermesException: Invalid error response format from API
	at org.intics.hermes.service.InboundService.handleHttpStatusError(InboundService.java:136)
	at org.intics.hermes.service.InboundService.docTypeRedirect(InboundService.java:114)
	at org.intics.hermes.controller.InboundController.docTypeBasedRedirect(InboundController.java:31)
	at java.base/jdk.internal.reflect.DirectMethodHandleAccessor.invoke(DirectMethodHandleAccessor.java:104)
	at java.base/java.lang.reflect.Method.invoke(Method.java:565)
	at org.springframework.web.method.support.InvocableHandlerMethod.doInvoke(InvocableHandlerMethod.java:258)
	at org.springframework.web.method.support.InvocableHandlerMethod.invokeForRequest(InvocableHandlerMethod.java:191)
	at org.springframework.web.servlet.mvc.method.annotation.ServletInvocableHandlerMethod.invokeAndHandle(ServletInvocableHandlerMethod.java:118)
	at org.springframework.web.servlet.mvc.method.annotation.RequestMappingHandlerAdapter.invokeHandlerMethod(RequestMappingHandlerAdapter.java:991)
	at org.springframework.web.servlet.mvc.method.annotation.RequestMappingHandlerAdapter.handleInternal(RequestMappingHandlerAdapter.java:896)
	at org.springframework.web.servlet.mvc.method.AbstractHandlerMethodAdapter.handle(AbstractHandlerMethodAdapter.java:87)
	at org.springframework.web.servlet.DispatcherServlet.doDispatch(DispatcherServlet.java:1089)
	at org.springframework.web.servlet.DispatcherServlet.doService(DispatcherServlet.java:979)
	at org.springframework.web.servlet.FrameworkServlet.processRequest(FrameworkServlet.java:1014)
	at org.springframework.web.servlet.FrameworkServlet.doPost(FrameworkServlet.java:914)
	at jakarta.servlet.http.HttpServlet.service(HttpServlet.java:590)
	at org.springframework.web.servlet.FrameworkServlet.service(FrameworkServlet.java:885)
	at jakarta.servlet.http.HttpServlet.service(HttpServlet.java:658)
	at org.apache.catalina.core.ApplicationFilterChain.internalDoFilter(ApplicationFilterChain.java:195)
	at org.apache.catalina.core.ApplicationFilterChain.doFilter(ApplicationFilterChain.java:140)
	at org.apache.tomcat.websocket.server.WsFilter.doFilter(WsFilter.java:51)
	at org.apache.catalina.core.ApplicationFilterChain.internalDoFilter(ApplicationFilterChain.java:164)
	at org.apache.catalina.core.ApplicationFilterChain.doFilter(ApplicationFilterChain.java:140)
	at org.springframework.web.filter.RequestContextFilter.doFilterInternal(RequestContextFilter.java:100)
	at org.springframework.web.filter.OncePerRequestFilter.doFilter(OncePerRequestFilter.java:116)
	at org.apache.catalina.core.ApplicationFilterChain.internalDoFilter(ApplicationFilterChain.java:164)
	at org.apache.catalina.core.ApplicationFilterChain.doFilter(ApplicationFilterChain.java:140)
	at org.springframework.web.filter.FormContentFilter.doFilterInternal(FormContentFilter.java:93)
	at org.springframework.web.filter.OncePerRequestFilter.doFilter(OncePerRequestFilter.java:116)
	at org.apache.catalina.core.ApplicationFilterChain.internalDoFilter(ApplicationFilterChain.java:164)
	at org.apache.catalina.core.ApplicationFilterChain.doFilter(ApplicationFilterChain.java:140)
	at org.springframework.web.filter.ServerHttpObservationFilter.doFilterInternal(ServerHttpObservationFilter.java:110)
	at org.springframework.web.filter.OncePerRequestFilter.doFilter(OncePerRequestFilter.java:116)
	at org.apache.catalina.core.ApplicationFilterChain.internalDoFilter(ApplicationFilterChain.java:164)
	at org.apache.catalina.core.ApplicationFilterChain.doFilter(ApplicationFilterChain.java:140)
	at org.springframework.web.filter.CharacterEncodingFilter.doFilterInternal(CharacterEncodingFilter.java:201)
	at org.springframework.web.filter.OncePerRequestFilter.doFilter(OncePerRequestFilter.java:116)
	at org.apache.catalina.core.ApplicationFilterChain.internalDoFilter(ApplicationFilterChain.java:164)
	at org.apache.catalina.core.ApplicationFilterChain.doFilter(ApplicationFilterChain.java:140)
	at org.apache.catalina.core.StandardWrapperValve.invoke(StandardWrapperValve.java:167)
	at org.apache.catalina.core.StandardContextValve.invoke(StandardContextValve.java:90)
	at org.apache.catalina.authenticator.AuthenticatorBase.invoke(AuthenticatorBase.java:483)
	at org.apache.catalina.core.StandardHostValve.invoke(StandardHostValve.java:116)
	at org.apache.catalina.valves.ErrorReportValve.invoke(ErrorReportValve.java:93)
	at org.apache.catalina.core.StandardEngineValve.invoke(StandardEngineValve.java:74)
	at org.apache.catalina.connector.CoyoteAdapter.service(CoyoteAdapter.java:344)
	at org.apache.coyote.http11.Http11Processor.service(Http11Processor.java:398)
	at org.apache.coyote.AbstractProcessorLight.process(AbstractProcessorLight.java:63)
	at org.apache.coyote.AbstractProtocol$ConnectionHandler.process(AbstractProtocol.java:903)
	at org.apache.tomcat.util.net.NioEndpoint$SocketProcessor.doRun(NioEndpoint.java:1769)
	at org.apache.tomcat.util.net.SocketProcessorBase.run(SocketProcessorBase.java:52)
	at org.apache.tomcat.util.threads.ThreadPoolExecutor.runWorker(ThreadPoolExecutor.java:1189)
	at org.apache.tomcat.util.threads.ThreadPoolExecutor$Worker.run(ThreadPoolExecutor.java:658)
	at org.apache.tomcat.util.threads.TaskThread$WrappingRunnable.run(TaskThread.java:63)
	at java.base/java.lang.Thread.run(Thread.java:1447)
2025-08-13 00:18:08 [http-nio-8191-exec-1] WARN  o.s.w.s.m.m.a.ExceptionHandlerExceptionResolver - Resolved [org.intics.hermes.exception.HermesException: Invalid error response format from API]
2025-08-13 00:20:29 [http-nio-8191-exec-4] WARN  o.s.w.s.m.s.DefaultHandlerExceptionResolver - Resolved [org.springframework.web.bind.MissingRequestHeaderException: Required request header 'Authorization' for method parameter type String is not present]
2025-08-13 00:21:23 [http-nio-8191-exec-6] WARN  o.s.w.s.m.s.DefaultHandlerExceptionResolver - Resolved [org.springframework.web.bind.MissingRequestHeaderException: Required request header 'Authorization' for method parameter type String is not present]
2025-08-13 00:35:01 [http-nio-8191-exec-8] INFO  o.i.h.controller.InboundController - Completed processing docTypeBasedRedirect for tenantId=1, documentType=HEALTH_CARE
2025-08-13 00:35:01 [http-nio-8191-exec-8] INFO  o.i.hermes.service.InboundService - docTypeRedirect called with tenantId=1, documentType=HEALTH_CARE, healthPlan=PH, channel=test
2025-08-13 00:35:01 [http-nio-8191-exec-8] INFO  o.i.hermes.service.InboundService - Forwarding request to URL: https://intics.elevance.ngrok.dev/alchemy-server/alchemy/api/v2/transaction/create/pipeline/fileUrl/HEALTH_CARE?tenantId=1&channel=test&documentType=HEALTH_CARE
2025-08-13 00:35:01 [http-nio-8191-exec-8] ERROR o.i.hermes.service.InboundService - Error from external service: status=401 UNAUTHORIZED, body=
2025-08-13 00:35:01 [http-nio-8191-exec-8] WARN  o.i.hermes.service.InboundService - Failed to parse API error body
2025-08-13 00:35:01 [http-nio-8191-exec-8] ERROR o.i.h.e.GlobalExceptionHandler - Invalid error response format from API
org.intics.hermes.exception.HermesException: Invalid error response format from API
	at org.intics.hermes.service.InboundService.handleHttpStatusError(InboundService.java:136)
	at org.intics.hermes.service.InboundService.docTypeRedirect(InboundService.java:114)
	at org.intics.hermes.controller.InboundController.docTypeBasedRedirect(InboundController.java:31)
	at java.base/jdk.internal.reflect.DirectMethodHandleAccessor.invoke(DirectMethodHandleAccessor.java:104)
	at java.base/java.lang.reflect.Method.invoke(Method.java:565)
	at org.springframework.web.method.support.InvocableHandlerMethod.doInvoke(InvocableHandlerMethod.java:258)
	at org.springframework.web.method.support.InvocableHandlerMethod.invokeForRequest(InvocableHandlerMethod.java:191)
	at org.springframework.web.servlet.mvc.method.annotation.ServletInvocableHandlerMethod.invokeAndHandle(ServletInvocableHandlerMethod.java:118)
	at org.springframework.web.servlet.mvc.method.annotation.RequestMappingHandlerAdapter.invokeHandlerMethod(RequestMappingHandlerAdapter.java:991)
	at org.springframework.web.servlet.mvc.method.annotation.RequestMappingHandlerAdapter.handleInternal(RequestMappingHandlerAdapter.java:896)
	at org.springframework.web.servlet.mvc.method.AbstractHandlerMethodAdapter.handle(AbstractHandlerMethodAdapter.java:87)
	at org.springframework.web.servlet.DispatcherServlet.doDispatch(DispatcherServlet.java:1089)
	at org.springframework.web.servlet.DispatcherServlet.doService(DispatcherServlet.java:979)
	at org.springframework.web.servlet.FrameworkServlet.processRequest(FrameworkServlet.java:1014)
	at org.springframework.web.servlet.FrameworkServlet.doPost(FrameworkServlet.java:914)
	at jakarta.servlet.http.HttpServlet.service(HttpServlet.java:590)
	at org.springframework.web.servlet.FrameworkServlet.service(FrameworkServlet.java:885)
	at jakarta.servlet.http.HttpServlet.service(HttpServlet.java:658)
	at org.apache.catalina.core.ApplicationFilterChain.internalDoFilter(ApplicationFilterChain.java:195)
	at org.apache.catalina.core.ApplicationFilterChain.doFilter(ApplicationFilterChain.java:140)
	at org.apache.tomcat.websocket.server.WsFilter.doFilter(WsFilter.java:51)
	at org.apache.catalina.core.ApplicationFilterChain.internalDoFilter(ApplicationFilterChain.java:164)
	at org.apache.catalina.core.ApplicationFilterChain.doFilter(ApplicationFilterChain.java:140)
	at org.springframework.web.filter.RequestContextFilter.doFilterInternal(RequestContextFilter.java:100)
	at org.springframework.web.filter.OncePerRequestFilter.doFilter(OncePerRequestFilter.java:116)
	at org.apache.catalina.core.ApplicationFilterChain.internalDoFilter(ApplicationFilterChain.java:164)
	at org.apache.catalina.core.ApplicationFilterChain.doFilter(ApplicationFilterChain.java:140)
	at org.springframework.web.filter.FormContentFilter.doFilterInternal(FormContentFilter.java:93)
	at org.springframework.web.filter.OncePerRequestFilter.doFilter(OncePerRequestFilter.java:116)
	at org.apache.catalina.core.ApplicationFilterChain.internalDoFilter(ApplicationFilterChain.java:164)
	at org.apache.catalina.core.ApplicationFilterChain.doFilter(ApplicationFilterChain.java:140)
	at org.springframework.web.filter.ServerHttpObservationFilter.doFilterInternal(ServerHttpObservationFilter.java:110)
	at org.springframework.web.filter.OncePerRequestFilter.doFilter(OncePerRequestFilter.java:116)
	at org.apache.catalina.core.ApplicationFilterChain.internalDoFilter(ApplicationFilterChain.java:164)
	at org.apache.catalina.core.ApplicationFilterChain.doFilter(ApplicationFilterChain.java:140)
	at org.springframework.web.filter.CharacterEncodingFilter.doFilterInternal(CharacterEncodingFilter.java:201)
	at org.springframework.web.filter.OncePerRequestFilter.doFilter(OncePerRequestFilter.java:116)
	at org.apache.catalina.core.ApplicationFilterChain.internalDoFilter(ApplicationFilterChain.java:164)
	at org.apache.catalina.core.ApplicationFilterChain.doFilter(ApplicationFilterChain.java:140)
	at org.apache.catalina.core.StandardWrapperValve.invoke(StandardWrapperValve.java:167)
	at org.apache.catalina.core.StandardContextValve.invoke(StandardContextValve.java:90)
	at org.apache.catalina.authenticator.AuthenticatorBase.invoke(AuthenticatorBase.java:483)
	at org.apache.catalina.core.StandardHostValve.invoke(StandardHostValve.java:116)
	at org.apache.catalina.valves.ErrorReportValve.invoke(ErrorReportValve.java:93)
	at org.apache.catalina.core.StandardEngineValve.invoke(StandardEngineValve.java:74)
	at org.apache.catalina.connector.CoyoteAdapter.service(CoyoteAdapter.java:344)
	at org.apache.coyote.http11.Http11Processor.service(Http11Processor.java:398)
	at org.apache.coyote.AbstractProcessorLight.process(AbstractProcessorLight.java:63)
	at org.apache.coyote.AbstractProtocol$ConnectionHandler.process(AbstractProtocol.java:903)
	at org.apache.tomcat.util.net.NioEndpoint$SocketProcessor.doRun(NioEndpoint.java:1769)
	at org.apache.tomcat.util.net.SocketProcessorBase.run(SocketProcessorBase.java:52)
	at org.apache.tomcat.util.threads.ThreadPoolExecutor.runWorker(ThreadPoolExecutor.java:1189)
	at org.apache.tomcat.util.threads.ThreadPoolExecutor$Worker.run(ThreadPoolExecutor.java:658)
	at org.apache.tomcat.util.threads.TaskThread$WrappingRunnable.run(TaskThread.java:63)
	at java.base/java.lang.Thread.run(Thread.java:1447)
2025-08-13 00:35:01 [http-nio-8191-exec-8] WARN  o.s.w.s.m.m.a.ExceptionHandlerExceptionResolver - Resolved [org.intics.hermes.exception.HermesException: Invalid error response format from API]
2025-08-13 00:40:22 [http-nio-8191-exec-10] INFO  o.i.hermes.controller.AuthController - Login response success for username
2025-08-13 00:40:22 [http-nio-8191-exec-10] INFO  o.intics.hermes.service.AuthService - loginRedirect called with loginSource=PH, username=SmartIntake
2025-08-13 00:40:22 [http-nio-8191-exec-10] INFO  o.intics.hermes.service.AuthService - Forwarding login request to: https://intics.elevance.ngrok.dev/alchemy-server/alchemy/api/v2/auth/login
2025-08-13 00:40:33 [http-nio-8191-exec-2] INFO  o.i.h.controller.InboundController - Completed processing docTypeBasedRedirect for tenantId=1, documentType=HEALTH_CARE
2025-08-13 00:40:33 [http-nio-8191-exec-2] INFO  o.i.hermes.service.InboundService - docTypeRedirect called with tenantId=1, documentType=HEALTH_CARE, healthPlan=PH, channel=test
2025-08-13 00:40:33 [http-nio-8191-exec-2] INFO  o.i.hermes.service.InboundService - Forwarding request to URL: https://intics.elevance.ngrok.dev/alchemy-server/alchemy/api/v2/transaction/create/pipeline/fileUrl/HEALTH_CARE?tenantId=1&channel=test&documentType=HEALTH_CARE
2025-08-13 00:40:34 [http-nio-8191-exec-2] INFO  o.i.hermes.service.InboundService - Response body received {"requestTxnId":"SI-123","status":"REQUEST_RECEIVED","transactionId":"ITX-823"}
2025-08-13 00:40:34 [http-nio-8191-exec-2] INFO  o.i.hermes.service.InboundService - Response received with status code: 200 OK
2025-08-13 00:40:43 [http-nio-8191-exec-1] INFO  o.i.h.controller.InboundController - Completed processing docTypeBasedRedirect for tenantId=1, documentType=HEALTH_CARE
2025-08-13 00:40:43 [http-nio-8191-exec-1] INFO  o.i.hermes.service.InboundService - docTypeRedirect called with tenantId=1, documentType=HEALTH_CARE, healthPlan=H, channel=test
2025-08-13 00:40:43 [http-nio-8191-exec-1] ERROR o.i.h.e.GlobalExceptionHandler - Unsupported health plan: H
org.intics.hermes.exception.HermesException: Unsupported health plan: H
	at org.intics.hermes.service.InboundService.docTypeRedirect(InboundService.java:68)
	at org.intics.hermes.controller.InboundController.docTypeBasedRedirect(InboundController.java:31)
	at java.base/jdk.internal.reflect.DirectMethodHandleAccessor.invoke(DirectMethodHandleAccessor.java:104)
	at java.base/java.lang.reflect.Method.invoke(Method.java:565)
	at org.springframework.web.method.support.InvocableHandlerMethod.doInvoke(InvocableHandlerMethod.java:258)
	at org.springframework.web.method.support.InvocableHandlerMethod.invokeForRequest(InvocableHandlerMethod.java:191)
	at org.springframework.web.servlet.mvc.method.annotation.ServletInvocableHandlerMethod.invokeAndHandle(ServletInvocableHandlerMethod.java:118)
	at org.springframework.web.servlet.mvc.method.annotation.RequestMappingHandlerAdapter.invokeHandlerMethod(RequestMappingHandlerAdapter.java:991)
	at org.springframework.web.servlet.mvc.method.annotation.RequestMappingHandlerAdapter.handleInternal(RequestMappingHandlerAdapter.java:896)
	at org.springframework.web.servlet.mvc.method.AbstractHandlerMethodAdapter.handle(AbstractHandlerMethodAdapter.java:87)
	at org.springframework.web.servlet.DispatcherServlet.doDispatch(DispatcherServlet.java:1089)
	at org.springframework.web.servlet.DispatcherServlet.doService(DispatcherServlet.java:979)
	at org.springframework.web.servlet.FrameworkServlet.processRequest(FrameworkServlet.java:1014)
	at org.springframework.web.servlet.FrameworkServlet.doPost(FrameworkServlet.java:914)
	at jakarta.servlet.http.HttpServlet.service(HttpServlet.java:590)
	at org.springframework.web.servlet.FrameworkServlet.service(FrameworkServlet.java:885)
	at jakarta.servlet.http.HttpServlet.service(HttpServlet.java:658)
	at org.apache.catalina.core.ApplicationFilterChain.internalDoFilter(ApplicationFilterChain.java:195)
	at org.apache.catalina.core.ApplicationFilterChain.doFilter(ApplicationFilterChain.java:140)
	at org.apache.tomcat.websocket.server.WsFilter.doFilter(WsFilter.java:51)
	at org.apache.catalina.core.ApplicationFilterChain.internalDoFilter(ApplicationFilterChain.java:164)
	at org.apache.catalina.core.ApplicationFilterChain.doFilter(ApplicationFilterChain.java:140)
	at org.springframework.web.filter.RequestContextFilter.doFilterInternal(RequestContextFilter.java:100)
	at org.springframework.web.filter.OncePerRequestFilter.doFilter(OncePerRequestFilter.java:116)
	at org.apache.catalina.core.ApplicationFilterChain.internalDoFilter(ApplicationFilterChain.java:164)
	at org.apache.catalina.core.ApplicationFilterChain.doFilter(ApplicationFilterChain.java:140)
	at org.springframework.web.filter.FormContentFilter.doFilterInternal(FormContentFilter.java:93)
	at org.springframework.web.filter.OncePerRequestFilter.doFilter(OncePerRequestFilter.java:116)
	at org.apache.catalina.core.ApplicationFilterChain.internalDoFilter(ApplicationFilterChain.java:164)
	at org.apache.catalina.core.ApplicationFilterChain.doFilter(ApplicationFilterChain.java:140)
	at org.springframework.web.filter.ServerHttpObservationFilter.doFilterInternal(ServerHttpObservationFilter.java:110)
	at org.springframework.web.filter.OncePerRequestFilter.doFilter(OncePerRequestFilter.java:116)
	at org.apache.catalina.core.ApplicationFilterChain.internalDoFilter(ApplicationFilterChain.java:164)
	at org.apache.catalina.core.ApplicationFilterChain.doFilter(ApplicationFilterChain.java:140)
	at org.springframework.web.filter.CharacterEncodingFilter.doFilterInternal(CharacterEncodingFilter.java:201)
	at org.springframework.web.filter.OncePerRequestFilter.doFilter(OncePerRequestFilter.java:116)
	at org.apache.catalina.core.ApplicationFilterChain.internalDoFilter(ApplicationFilterChain.java:164)
	at org.apache.catalina.core.ApplicationFilterChain.doFilter(ApplicationFilterChain.java:140)
	at org.apache.catalina.core.StandardWrapperValve.invoke(StandardWrapperValve.java:167)
	at org.apache.catalina.core.StandardContextValve.invoke(StandardContextValve.java:90)
	at org.apache.catalina.authenticator.AuthenticatorBase.invoke(AuthenticatorBase.java:483)
	at org.apache.catalina.core.StandardHostValve.invoke(StandardHostValve.java:116)
	at org.apache.catalina.valves.ErrorReportValve.invoke(ErrorReportValve.java:93)
	at org.apache.catalina.core.StandardEngineValve.invoke(StandardEngineValve.java:74)
	at org.apache.catalina.connector.CoyoteAdapter.service(CoyoteAdapter.java:344)
	at org.apache.coyote.http11.Http11Processor.service(Http11Processor.java:398)
	at org.apache.coyote.AbstractProcessorLight.process(AbstractProcessorLight.java:63)
	at org.apache.coyote.AbstractProtocol$ConnectionHandler.process(AbstractProtocol.java:903)
	at org.apache.tomcat.util.net.NioEndpoint$SocketProcessor.doRun(NioEndpoint.java:1769)
	at org.apache.tomcat.util.net.SocketProcessorBase.run(SocketProcessorBase.java:52)
	at org.apache.tomcat.util.threads.ThreadPoolExecutor.runWorker(ThreadPoolExecutor.java:1189)
	at org.apache.tomcat.util.threads.ThreadPoolExecutor$Worker.run(ThreadPoolExecutor.java:658)
	at org.apache.tomcat.util.threads.TaskThread$WrappingRunnable.run(TaskThread.java:63)
	at java.base/java.lang.Thread.run(Thread.java:1447)
2025-08-13 00:40:43 [http-nio-8191-exec-1] WARN  o.s.w.s.m.m.a.ExceptionHandlerExceptionResolver - Resolved [org.intics.hermes.exception.HermesException: Unsupported health plan: H]
2025-08-13 00:46:10 [http-nio-8191-exec-4] WARN  o.s.w.s.m.s.DefaultHandlerExceptionResolver - Resolved [org.springframework.web.bind.MissingRequestHeaderException: Required request header 'Authorization' for method parameter type String is not present]
2025-08-13 00:58:03 [SpringApplicationShutdownHook] INFO  o.s.b.w.e.tomcat.GracefulShutdown - Commencing graceful shutdown. Waiting for active requests to complete
2025-08-13 00:58:03 [tomcat-shutdown] INFO  o.s.b.w.e.tomcat.GracefulShutdown - Graceful shutdown complete
2025-08-13 00:58:21 [background-preinit] INFO  o.h.validator.internal.util.Version - HV000001: Hibernate Validator 8.0.2.Final
2025-08-13 00:58:21 [restartedMain] INFO  org.intics.hermes.HermesApplication - Starting HermesApplication using Java 24.0.1 with PID 16265 (/home/roobadharani.deva@zucisystems.com/build/hermes/target/classes started by roobadharani.deva@zucisystems.com in /home/roobadharani.deva@zucisystems.com/build/hermes)
2025-08-13 00:58:21 [restartedMain] INFO  org.intics.hermes.HermesApplication - No active profile set, falling back to 1 default profile: "default"
2025-08-13 00:58:21 [restartedMain] INFO  o.s.b.d.e.DevToolsPropertyDefaultsPostProcessor - Devtools property defaults active! Set 'spring.devtools.add-properties' to 'false' to disable
2025-08-13 00:58:21 [restartedMain] INFO  o.s.b.d.e.DevToolsPropertyDefaultsPostProcessor - For additional web related logging consider setting the 'logging.level.web' property to 'DEBUG'
2025-08-13 00:58:22 [restartedMain] INFO  o.s.b.w.e.tomcat.TomcatWebServer - Tomcat initialized with port 8191 (http)
2025-08-13 00:58:22 [restartedMain] INFO  o.a.coyote.http11.Http11NioProtocol - Initializing ProtocolHandler ["http-nio-8191"]
2025-08-13 00:58:22 [restartedMain] INFO  o.a.catalina.core.StandardService - Starting service [Tomcat]
2025-08-13 00:58:22 [restartedMain] INFO  o.a.catalina.core.StandardEngine - Starting Servlet engine: [Apache Tomcat/10.1.43]
2025-08-13 00:58:22 [restartedMain] INFO  o.a.c.c.C.[.[localhost].[/hermes] - Initializing Spring embedded WebApplicationContext
2025-08-13 00:58:22 [restartedMain] INFO  o.s.b.w.s.c.ServletWebServerApplicationContext - Root WebApplicationContext: initialization completed in 1093 ms
2025-08-13 00:58:22 [restartedMain] INFO  o.s.b.d.a.OptionalLiveReloadServer - LiveReload server is running on port 35729
2025-08-13 00:58:22 [restartedMain] INFO  o.s.b.a.e.web.EndpointLinksResolver - Exposing 1 endpoint beneath base path '/actuator'
2025-08-13 00:58:22 [restartedMain] INFO  o.a.coyote.http11.Http11NioProtocol - Starting ProtocolHandler ["http-nio-8191"]
2025-08-13 00:58:22 [restartedMain] INFO  o.s.b.w.e.tomcat.TomcatWebServer - Tomcat started on port 8191 (http) with context path '/hermes'
2025-08-13 00:58:22 [restartedMain] INFO  org.intics.hermes.HermesApplication - Started HermesApplication in 2.101 seconds (process running for 2.592)
2025-08-13 00:58:27 [http-nio-8191-exec-2] INFO  o.a.c.c.C.[.[localhost].[/hermes] - Initializing Spring DispatcherServlet 'dispatcherServlet'
2025-08-13 00:58:27 [http-nio-8191-exec-2] INFO  o.s.web.servlet.DispatcherServlet - Initializing Servlet 'dispatcherServlet'
2025-08-13 00:58:27 [http-nio-8191-exec-2] INFO  o.s.web.servlet.DispatcherServlet - Completed initialization in 1 ms
2025-08-13 00:58:27 [http-nio-8191-exec-2] WARN  o.s.w.s.m.s.DefaultHandlerExceptionResolver - Resolved [org.springframework.web.bind.MissingRequestHeaderException: Required request header 'Authorization' for method parameter type String is not present]
2025-08-13 01:00:21 [http-nio-8191-exec-4] WARN  o.s.w.s.m.s.DefaultHandlerExceptionResolver - Resolved [org.springframework.web.bind.MissingRequestHeaderException: Required request header 'Authorization' for method parameter type String is not present]
2025-08-13 01:00:26 [http-nio-8191-exec-6] INFO  o.i.h.controller.InboundController - Completed processing docTypeBasedRedirect for tenantId=1, documentType=HEALTH_CARE
2025-08-13 01:00:26 [http-nio-8191-exec-6] INFO  o.i.hermes.service.InboundService - docTypeRedirect called with tenantId=1, documentType=HEALTH_CARE, healthPlan=PH, channel=test
2025-08-13 01:00:26 [http-nio-8191-exec-6] INFO  o.i.hermes.service.InboundService - Forwarding request to URL: https://intics.elevance.ngrok.dev/alchemy-server/alchemy/api/v2/transaction/create/pipeline/fileUrl/HEALTH_CARE?tenantId=1&channel=test&documentType=HEALTH_CARE
2025-08-13 01:00:28 [http-nio-8191-exec-6] INFO  o.i.hermes.service.InboundService - Response body received {"requestTxnId":"SI-123","status":"REQUEST_RECEIVED","transactionId":"ITX-824"}
2025-08-13 01:00:28 [http-nio-8191-exec-6] INFO  o.i.hermes.service.InboundService - Response received with status code: 200 OK
2025-08-13 01:00:34 [http-nio-8191-exec-7] INFO  o.i.h.controller.InboundController - Completed processing docTypeBasedRedirect for tenantId=1, documentType=HEALTH_CARE
2025-08-13 01:00:34 [http-nio-8191-exec-7] INFO  o.i.hermes.service.InboundService - docTypeRedirect called with tenantId=1, documentType=HEALTH_CARE, healthPlan=PH, channel=test
2025-08-13 01:00:34 [http-nio-8191-exec-7] INFO  o.i.hermes.service.InboundService - Forwarding request to URL: https://intics.elevance.ngrok.dev/alchemy-server/alchemy/api/v2/transaction/create/pipeline/fileUrl/HEALTH_CARE?tenantId=1&channel=test&documentType=HEALTH_CARE
2025-08-13 01:00:34 [http-nio-8191-exec-7] ERROR o.i.hermes.service.InboundService - Error from external service: status=401 UNAUTHORIZED, body=
2025-08-13 01:00:34 [http-nio-8191-exec-7] WARN  o.i.hermes.service.InboundService - Failed to parse API error body
2025-08-13 01:00:34 [http-nio-8191-exec-7] ERROR o.i.h.e.GlobalExceptionHandler - Invalid error response format from API
org.intics.hermes.exception.HermesException: Invalid error response format from API
	at org.intics.hermes.service.InboundService.handleHttpStatusError(InboundService.java:144)
	at org.intics.hermes.service.InboundService.docTypeRedirect(InboundService.java:115)
	at org.intics.hermes.controller.InboundController.docTypeBasedRedirect(InboundController.java:31)
	at java.base/jdk.internal.reflect.DirectMethodHandleAccessor.invoke(DirectMethodHandleAccessor.java:104)
	at java.base/java.lang.reflect.Method.invoke(Method.java:565)
	at org.springframework.web.method.support.InvocableHandlerMethod.doInvoke(InvocableHandlerMethod.java:258)
	at org.springframework.web.method.support.InvocableHandlerMethod.invokeForRequest(InvocableHandlerMethod.java:191)
	at org.springframework.web.servlet.mvc.method.annotation.ServletInvocableHandlerMethod.invokeAndHandle(ServletInvocableHandlerMethod.java:118)
	at org.springframework.web.servlet.mvc.method.annotation.RequestMappingHandlerAdapter.invokeHandlerMethod(RequestMappingHandlerAdapter.java:991)
	at org.springframework.web.servlet.mvc.method.annotation.RequestMappingHandlerAdapter.handleInternal(RequestMappingHandlerAdapter.java:896)
	at org.springframework.web.servlet.mvc.method.AbstractHandlerMethodAdapter.handle(AbstractHandlerMethodAdapter.java:87)
	at org.springframework.web.servlet.DispatcherServlet.doDispatch(DispatcherServlet.java:1089)
	at org.springframework.web.servlet.DispatcherServlet.doService(DispatcherServlet.java:979)
	at org.springframework.web.servlet.FrameworkServlet.processRequest(FrameworkServlet.java:1014)
	at org.springframework.web.servlet.FrameworkServlet.doPost(FrameworkServlet.java:914)
	at jakarta.servlet.http.HttpServlet.service(HttpServlet.java:590)
	at org.springframework.web.servlet.FrameworkServlet.service(FrameworkServlet.java:885)
	at jakarta.servlet.http.HttpServlet.service(HttpServlet.java:658)
	at org.apache.catalina.core.ApplicationFilterChain.internalDoFilter(ApplicationFilterChain.java:195)
	at org.apache.catalina.core.ApplicationFilterChain.doFilter(ApplicationFilterChain.java:140)
	at org.apache.tomcat.websocket.server.WsFilter.doFilter(WsFilter.java:51)
	at org.apache.catalina.core.ApplicationFilterChain.internalDoFilter(ApplicationFilterChain.java:164)
	at org.apache.catalina.core.ApplicationFilterChain.doFilter(ApplicationFilterChain.java:140)
	at org.springframework.web.filter.RequestContextFilter.doFilterInternal(RequestContextFilter.java:100)
	at org.springframework.web.filter.OncePerRequestFilter.doFilter(OncePerRequestFilter.java:116)
	at org.apache.catalina.core.ApplicationFilterChain.internalDoFilter(ApplicationFilterChain.java:164)
	at org.apache.catalina.core.ApplicationFilterChain.doFilter(ApplicationFilterChain.java:140)
	at org.springframework.web.filter.FormContentFilter.doFilterInternal(FormContentFilter.java:93)
	at org.springframework.web.filter.OncePerRequestFilter.doFilter(OncePerRequestFilter.java:116)
	at org.apache.catalina.core.ApplicationFilterChain.internalDoFilter(ApplicationFilterChain.java:164)
	at org.apache.catalina.core.ApplicationFilterChain.doFilter(ApplicationFilterChain.java:140)
	at org.springframework.web.filter.ServerHttpObservationFilter.doFilterInternal(ServerHttpObservationFilter.java:110)
	at org.springframework.web.filter.OncePerRequestFilter.doFilter(OncePerRequestFilter.java:116)
	at org.apache.catalina.core.ApplicationFilterChain.internalDoFilter(ApplicationFilterChain.java:164)
	at org.apache.catalina.core.ApplicationFilterChain.doFilter(ApplicationFilterChain.java:140)
	at org.springframework.web.filter.CharacterEncodingFilter.doFilterInternal(CharacterEncodingFilter.java:201)
	at org.springframework.web.filter.OncePerRequestFilter.doFilter(OncePerRequestFilter.java:116)
	at org.apache.catalina.core.ApplicationFilterChain.internalDoFilter(ApplicationFilterChain.java:164)
	at org.apache.catalina.core.ApplicationFilterChain.doFilter(ApplicationFilterChain.java:140)
	at org.apache.catalina.core.StandardWrapperValve.invoke(StandardWrapperValve.java:167)
	at org.apache.catalina.core.StandardContextValve.invoke(StandardContextValve.java:90)
	at org.apache.catalina.authenticator.AuthenticatorBase.invoke(AuthenticatorBase.java:483)
	at org.apache.catalina.core.StandardHostValve.invoke(StandardHostValve.java:116)
	at org.apache.catalina.valves.ErrorReportValve.invoke(ErrorReportValve.java:93)
	at org.apache.catalina.core.StandardEngineValve.invoke(StandardEngineValve.java:74)
	at org.apache.catalina.connector.CoyoteAdapter.service(CoyoteAdapter.java:344)
	at org.apache.coyote.http11.Http11Processor.service(Http11Processor.java:398)
	at org.apache.coyote.AbstractProcessorLight.process(AbstractProcessorLight.java:63)
	at org.apache.coyote.AbstractProtocol$ConnectionHandler.process(AbstractProtocol.java:903)
	at org.apache.tomcat.util.net.NioEndpoint$SocketProcessor.doRun(NioEndpoint.java:1769)
	at org.apache.tomcat.util.net.SocketProcessorBase.run(SocketProcessorBase.java:52)
	at org.apache.tomcat.util.threads.ThreadPoolExecutor.runWorker(ThreadPoolExecutor.java:1189)
	at org.apache.tomcat.util.threads.ThreadPoolExecutor$Worker.run(ThreadPoolExecutor.java:658)
	at org.apache.tomcat.util.threads.TaskThread$WrappingRunnable.run(TaskThread.java:63)
	at java.base/java.lang.Thread.run(Thread.java:1447)
2025-08-13 01:00:34 [http-nio-8191-exec-7] WARN  o.s.w.s.m.m.a.ExceptionHandlerExceptionResolver - Resolved [org.intics.hermes.exception.HermesException: Invalid error response format from API]
2025-08-13 01:05:01 [SpringApplicationShutdownHook] INFO  o.s.b.w.e.tomcat.GracefulShutdown - Commencing graceful shutdown. Waiting for active requests to complete
2025-08-13 01:05:01 [tomcat-shutdown] INFO  o.s.b.w.e.tomcat.GracefulShutdown - Graceful shutdown complete
2025-08-13 01:05:04 [background-preinit] INFO  o.h.validator.internal.util.Version - HV000001: Hibernate Validator 8.0.2.Final
2025-08-13 01:05:04 [restartedMain] INFO  org.intics.hermes.HermesApplication - Starting HermesApplication using Java 24.0.1 with PID 16504 (/home/roobadharani.deva@zucisystems.com/build/hermes/target/classes started by roobadharani.deva@zucisystems.com in /home/roobadharani.deva@zucisystems.com/build/hermes)
2025-08-13 01:05:04 [restartedMain] INFO  org.intics.hermes.HermesApplication - No active profile set, falling back to 1 default profile: "default"
2025-08-13 01:05:04 [restartedMain] INFO  o.s.b.d.e.DevToolsPropertyDefaultsPostProcessor - Devtools property defaults active! Set 'spring.devtools.add-properties' to 'false' to disable
2025-08-13 01:05:04 [restartedMain] INFO  o.s.b.d.e.DevToolsPropertyDefaultsPostProcessor - For additional web related logging consider setting the 'logging.level.web' property to 'DEBUG'
2025-08-13 01:05:05 [restartedMain] INFO  o.s.b.w.e.tomcat.TomcatWebServer - Tomcat initialized with port 8191 (http)
2025-08-13 01:05:05 [restartedMain] INFO  o.a.coyote.http11.Http11NioProtocol - Initializing ProtocolHandler ["http-nio-8191"]
2025-08-13 01:05:05 [restartedMain] INFO  o.a.catalina.core.StandardService - Starting service [Tomcat]
2025-08-13 01:05:05 [restartedMain] INFO  o.a.catalina.core.StandardEngine - Starting Servlet engine: [Apache Tomcat/10.1.43]
2025-08-13 01:05:05 [restartedMain] INFO  o.a.c.c.C.[.[localhost].[/hermes] - Initializing Spring embedded WebApplicationContext
2025-08-13 01:05:05 [restartedMain] INFO  o.s.b.w.s.c.ServletWebServerApplicationContext - Root WebApplicationContext: initialization completed in 1114 ms
2025-08-13 01:05:06 [restartedMain] INFO  o.s.b.d.a.OptionalLiveReloadServer - LiveReload server is running on port 35729
2025-08-13 01:05:06 [restartedMain] INFO  o.s.b.a.e.web.EndpointLinksResolver - Exposing 1 endpoint beneath base path '/actuator'
2025-08-13 01:05:06 [restartedMain] INFO  o.a.coyote.http11.Http11NioProtocol - Starting ProtocolHandler ["http-nio-8191"]
2025-08-13 01:05:06 [restartedMain] INFO  o.s.b.w.e.tomcat.TomcatWebServer - Tomcat started on port 8191 (http) with context path '/hermes'
2025-08-13 01:05:06 [restartedMain] INFO  org.intics.hermes.HermesApplication - Started HermesApplication in 2.194 seconds (process running for 2.699)
2025-08-13 01:05:11 [http-nio-8191-exec-1] INFO  o.a.c.c.C.[.[localhost].[/hermes] - Initializing Spring DispatcherServlet 'dispatcherServlet'
2025-08-13 01:05:11 [http-nio-8191-exec-1] INFO  o.s.web.servlet.DispatcherServlet - Initializing Servlet 'dispatcherServlet'
2025-08-13 01:05:11 [http-nio-8191-exec-1] INFO  o.s.web.servlet.DispatcherServlet - Completed initialization in 1 ms
2025-08-13 01:05:11 [http-nio-8191-exec-1] INFO  o.i.h.controller.InboundController - Completed processing docTypeBasedRedirect for tenantId=1, documentType=HEALTH_CARE
2025-08-13 01:05:11 [http-nio-8191-exec-1] INFO  o.i.hermes.service.InboundService - docTypeRedirect called with tenantId=1, documentType=HEALTH_CARE, healthPlan=PH, channel=test
2025-08-13 01:05:11 [http-nio-8191-exec-1] INFO  o.i.hermes.service.InboundService - Forwarding request to URL: https://intics.elevance.ngrok.dev/alchemy-server/alchemy/api/v2/transaction/create/pipeline/fileUrl/HEALTH_CARE?tenantId=1&channel=test&documentType=HEALTH_CARE
2025-08-13 01:05:12 [http-nio-8191-exec-1] ERROR o.i.hermes.service.InboundService - Error from external service: status=401 UNAUTHORIZED, body=
2025-08-13 01:05:12 [http-nio-8191-exec-1] WARN  o.i.hermes.service.InboundService - Failed to parse API error body
2025-08-13 01:05:12 [http-nio-8191-exec-1] ERROR o.i.h.e.GlobalExceptionHandler - Invalid error response format from API
org.intics.hermes.exception.HermesException: Invalid error response format from API
	at org.intics.hermes.service.InboundService.handleHttpStatusError(InboundService.java:144)
	at org.intics.hermes.service.InboundService.docTypeRedirect(InboundService.java:115)
	at org.intics.hermes.controller.InboundController.docTypeBasedRedirect(InboundController.java:31)
	at java.base/jdk.internal.reflect.DirectMethodHandleAccessor.invoke(DirectMethodHandleAccessor.java:104)
	at java.base/java.lang.reflect.Method.invoke(Method.java:565)
	at org.springframework.web.method.support.InvocableHandlerMethod.doInvoke(InvocableHandlerMethod.java:258)
	at org.springframework.web.method.support.InvocableHandlerMethod.invokeForRequest(InvocableHandlerMethod.java:191)
	at org.springframework.web.servlet.mvc.method.annotation.ServletInvocableHandlerMethod.invokeAndHandle(ServletInvocableHandlerMethod.java:118)
	at org.springframework.web.servlet.mvc.method.annotation.RequestMappingHandlerAdapter.invokeHandlerMethod(RequestMappingHandlerAdapter.java:991)
	at org.springframework.web.servlet.mvc.method.annotation.RequestMappingHandlerAdapter.handleInternal(RequestMappingHandlerAdapter.java:896)
	at org.springframework.web.servlet.mvc.method.AbstractHandlerMethodAdapter.handle(AbstractHandlerMethodAdapter.java:87)
	at org.springframework.web.servlet.DispatcherServlet.doDispatch(DispatcherServlet.java:1089)
	at org.springframework.web.servlet.DispatcherServlet.doService(DispatcherServlet.java:979)
	at org.springframework.web.servlet.FrameworkServlet.processRequest(FrameworkServlet.java:1014)
	at org.springframework.web.servlet.FrameworkServlet.doPost(FrameworkServlet.java:914)
	at jakarta.servlet.http.HttpServlet.service(HttpServlet.java:590)
	at org.springframework.web.servlet.FrameworkServlet.service(FrameworkServlet.java:885)
	at jakarta.servlet.http.HttpServlet.service(HttpServlet.java:658)
	at org.apache.catalina.core.ApplicationFilterChain.internalDoFilter(ApplicationFilterChain.java:195)
	at org.apache.catalina.core.ApplicationFilterChain.doFilter(ApplicationFilterChain.java:140)
	at org.apache.tomcat.websocket.server.WsFilter.doFilter(WsFilter.java:51)
	at org.apache.catalina.core.ApplicationFilterChain.internalDoFilter(ApplicationFilterChain.java:164)
	at org.apache.catalina.core.ApplicationFilterChain.doFilter(ApplicationFilterChain.java:140)
	at org.springframework.web.filter.RequestContextFilter.doFilterInternal(RequestContextFilter.java:100)
	at org.springframework.web.filter.OncePerRequestFilter.doFilter(OncePerRequestFilter.java:116)
	at org.apache.catalina.core.ApplicationFilterChain.internalDoFilter(ApplicationFilterChain.java:164)
	at org.apache.catalina.core.ApplicationFilterChain.doFilter(ApplicationFilterChain.java:140)
	at org.springframework.web.filter.FormContentFilter.doFilterInternal(FormContentFilter.java:93)
	at org.springframework.web.filter.OncePerRequestFilter.doFilter(OncePerRequestFilter.java:116)
	at org.apache.catalina.core.ApplicationFilterChain.internalDoFilter(ApplicationFilterChain.java:164)
	at org.apache.catalina.core.ApplicationFilterChain.doFilter(ApplicationFilterChain.java:140)
	at org.springframework.web.filter.ServerHttpObservationFilter.doFilterInternal(ServerHttpObservationFilter.java:110)
	at org.springframework.web.filter.OncePerRequestFilter.doFilter(OncePerRequestFilter.java:116)
	at org.apache.catalina.core.ApplicationFilterChain.internalDoFilter(ApplicationFilterChain.java:164)
	at org.apache.catalina.core.ApplicationFilterChain.doFilter(ApplicationFilterChain.java:140)
	at org.springframework.web.filter.CharacterEncodingFilter.doFilterInternal(CharacterEncodingFilter.java:201)
	at org.springframework.web.filter.OncePerRequestFilter.doFilter(OncePerRequestFilter.java:116)
	at org.apache.catalina.core.ApplicationFilterChain.internalDoFilter(ApplicationFilterChain.java:164)
	at org.apache.catalina.core.ApplicationFilterChain.doFilter(ApplicationFilterChain.java:140)
	at org.apache.catalina.core.StandardWrapperValve.invoke(StandardWrapperValve.java:167)
	at org.apache.catalina.core.StandardContextValve.invoke(StandardContextValve.java:90)
	at org.apache.catalina.authenticator.AuthenticatorBase.invoke(AuthenticatorBase.java:483)
	at org.apache.catalina.core.StandardHostValve.invoke(StandardHostValve.java:116)
	at org.apache.catalina.valves.ErrorReportValve.invoke(ErrorReportValve.java:93)
	at org.apache.catalina.core.StandardEngineValve.invoke(StandardEngineValve.java:74)
	at org.apache.catalina.connector.CoyoteAdapter.service(CoyoteAdapter.java:344)
	at org.apache.coyote.http11.Http11Processor.service(Http11Processor.java:398)
	at org.apache.coyote.AbstractProcessorLight.process(AbstractProcessorLight.java:63)
	at org.apache.coyote.AbstractProtocol$ConnectionHandler.process(AbstractProtocol.java:903)
	at org.apache.tomcat.util.net.NioEndpoint$SocketProcessor.doRun(NioEndpoint.java:1769)
	at org.apache.tomcat.util.net.SocketProcessorBase.run(SocketProcessorBase.java:52)
	at org.apache.tomcat.util.threads.ThreadPoolExecutor.runWorker(ThreadPoolExecutor.java:1189)
	at org.apache.tomcat.util.threads.ThreadPoolExecutor$Worker.run(ThreadPoolExecutor.java:658)
	at org.apache.tomcat.util.threads.TaskThread$WrappingRunnable.run(TaskThread.java:63)
	at java.base/java.lang.Thread.run(Thread.java:1447)
2025-08-13 01:05:12 [http-nio-8191-exec-1] WARN  o.s.w.s.m.m.a.ExceptionHandlerExceptionResolver - Resolved [org.intics.hermes.exception.HermesException: Invalid error response format from API]
2025-08-13 01:10:54 [SpringApplicationShutdownHook] INFO  o.s.b.w.e.tomcat.GracefulShutdown - Commencing graceful shutdown. Waiting for active requests to complete
2025-08-13 01:10:54 [tomcat-shutdown] INFO  o.s.b.w.e.tomcat.GracefulShutdown - Graceful shutdown complete
2025-08-13 01:10:56 [background-preinit] INFO  o.h.validator.internal.util.Version - HV000001: Hibernate Validator 8.0.2.Final
2025-08-13 01:10:56 [restartedMain] INFO  org.intics.hermes.HermesApplication - Starting HermesApplication using Java 24.0.1 with PID 16745 (/home/roobadharani.deva@zucisystems.com/build/hermes/target/classes started by roobadharani.deva@zucisystems.com in /home/roobadharani.deva@zucisystems.com/build/hermes)
2025-08-13 01:10:56 [restartedMain] INFO  org.intics.hermes.HermesApplication - No active profile set, falling back to 1 default profile: "default"
2025-08-13 01:10:56 [restartedMain] INFO  o.s.b.d.e.DevToolsPropertyDefaultsPostProcessor - Devtools property defaults active! Set 'spring.devtools.add-properties' to 'false' to disable
2025-08-13 01:10:56 [restartedMain] INFO  o.s.b.d.e.DevToolsPropertyDefaultsPostProcessor - For additional web related logging consider setting the 'logging.level.web' property to 'DEBUG'
2025-08-13 01:10:57 [restartedMain] INFO  o.s.b.w.e.tomcat.TomcatWebServer - Tomcat initialized with port 8191 (http)
2025-08-13 01:10:57 [restartedMain] INFO  o.a.coyote.http11.Http11NioProtocol - Initializing ProtocolHandler ["http-nio-8191"]
2025-08-13 01:10:57 [restartedMain] INFO  o.a.catalina.core.StandardService - Starting service [Tomcat]
2025-08-13 01:10:57 [restartedMain] INFO  o.a.catalina.core.StandardEngine - Starting Servlet engine: [Apache Tomcat/10.1.43]
2025-08-13 01:10:57 [restartedMain] INFO  o.a.c.c.C.[.[localhost].[/hermes] - Initializing Spring embedded WebApplicationContext
2025-08-13 01:10:57 [restartedMain] INFO  o.s.b.w.s.c.ServletWebServerApplicationContext - Root WebApplicationContext: initialization completed in 1049 ms
2025-08-13 01:10:58 [restartedMain] INFO  o.s.b.d.a.OptionalLiveReloadServer - LiveReload server is running on port 35729
2025-08-13 01:10:58 [restartedMain] INFO  o.s.b.a.e.web.EndpointLinksResolver - Exposing 1 endpoint beneath base path '/actuator'
2025-08-13 01:10:58 [restartedMain] INFO  o.a.coyote.http11.Http11NioProtocol - Starting ProtocolHandler ["http-nio-8191"]
2025-08-13 01:10:58 [restartedMain] INFO  o.s.b.w.e.tomcat.TomcatWebServer - Tomcat started on port 8191 (http) with context path '/hermes'
2025-08-13 01:10:58 [restartedMain] INFO  org.intics.hermes.HermesApplication - Started HermesApplication in 2.094 seconds (process running for 2.629)
2025-08-13 01:11:03 [http-nio-8191-exec-2] INFO  o.a.c.c.C.[.[localhost].[/hermes] - Initializing Spring DispatcherServlet 'dispatcherServlet'
2025-08-13 01:11:03 [http-nio-8191-exec-2] INFO  o.s.web.servlet.DispatcherServlet - Initializing Servlet 'dispatcherServlet'
2025-08-13 01:11:03 [http-nio-8191-exec-2] INFO  o.s.web.servlet.DispatcherServlet - Completed initialization in 0 ms
2025-08-13 01:11:03 [http-nio-8191-exec-2] INFO  o.i.h.controller.InboundController - Completed processing docTypeBasedRedirect for tenantId=1, documentType=HEALTH_CARE
2025-08-13 01:11:03 [http-nio-8191-exec-2] INFO  o.i.hermes.service.InboundService - docTypeRedirect called with tenantId=1, documentType=HEALTH_CARE, healthPlan=PH, channel=test
2025-08-13 01:11:03 [http-nio-8191-exec-2] INFO  o.i.hermes.service.InboundService - Forwarding request to URL: https://intics.elevance.ngrok.dev/alchemy-server/alchemy/api/v2/transaction/create/pipeline/fileUrl/HEALTH_CARE?tenantId=1&channel=test&documentType=HEALTH_CARE
2025-08-13 01:11:03 [http-nio-8191-exec-2] ERROR o.i.h.e.GlobalExceptionHandler - 401 Unauthorized on POST request for "https://intics.elevance.ngrok.dev/alchemy-server/alchemy/api/v2/transaction/create/pipeline/fileUrl/HEALTH_CARE": [no body]
org.intics.hermes.exception.HermesException: 401 Unauthorized on POST request for "https://intics.elevance.ngrok.dev/alchemy-server/alchemy/api/v2/transaction/create/pipeline/fileUrl/HEALTH_CARE": [no body]
	at org.intics.hermes.service.InboundService.docTypeRedirect(InboundService.java:110)
	at org.intics.hermes.controller.InboundController.docTypeBasedRedirect(InboundController.java:31)
	at java.base/jdk.internal.reflect.DirectMethodHandleAccessor.invoke(DirectMethodHandleAccessor.java:104)
	at java.base/java.lang.reflect.Method.invoke(Method.java:565)
	at org.springframework.web.method.support.InvocableHandlerMethod.doInvoke(InvocableHandlerMethod.java:258)
	at org.springframework.web.method.support.InvocableHandlerMethod.invokeForRequest(InvocableHandlerMethod.java:191)
	at org.springframework.web.servlet.mvc.method.annotation.ServletInvocableHandlerMethod.invokeAndHandle(ServletInvocableHandlerMethod.java:118)
	at org.springframework.web.servlet.mvc.method.annotation.RequestMappingHandlerAdapter.invokeHandlerMethod(RequestMappingHandlerAdapter.java:991)
	at org.springframework.web.servlet.mvc.method.annotation.RequestMappingHandlerAdapter.handleInternal(RequestMappingHandlerAdapter.java:896)
	at org.springframework.web.servlet.mvc.method.AbstractHandlerMethodAdapter.handle(AbstractHandlerMethodAdapter.java:87)
	at org.springframework.web.servlet.DispatcherServlet.doDispatch(DispatcherServlet.java:1089)
	at org.springframework.web.servlet.DispatcherServlet.doService(DispatcherServlet.java:979)
	at org.springframework.web.servlet.FrameworkServlet.processRequest(FrameworkServlet.java:1014)
	at org.springframework.web.servlet.FrameworkServlet.doPost(FrameworkServlet.java:914)
	at jakarta.servlet.http.HttpServlet.service(HttpServlet.java:590)
	at org.springframework.web.servlet.FrameworkServlet.service(FrameworkServlet.java:885)
	at jakarta.servlet.http.HttpServlet.service(HttpServlet.java:658)
	at org.apache.catalina.core.ApplicationFilterChain.internalDoFilter(ApplicationFilterChain.java:195)
	at org.apache.catalina.core.ApplicationFilterChain.doFilter(ApplicationFilterChain.java:140)
	at org.apache.tomcat.websocket.server.WsFilter.doFilter(WsFilter.java:51)
	at org.apache.catalina.core.ApplicationFilterChain.internalDoFilter(ApplicationFilterChain.java:164)
	at org.apache.catalina.core.ApplicationFilterChain.doFilter(ApplicationFilterChain.java:140)
	at org.springframework.web.filter.RequestContextFilter.doFilterInternal(RequestContextFilter.java:100)
	at org.springframework.web.filter.OncePerRequestFilter.doFilter(OncePerRequestFilter.java:116)
	at org.apache.catalina.core.ApplicationFilterChain.internalDoFilter(ApplicationFilterChain.java:164)
	at org.apache.catalina.core.ApplicationFilterChain.doFilter(ApplicationFilterChain.java:140)
	at org.springframework.web.filter.FormContentFilter.doFilterInternal(FormContentFilter.java:93)
	at org.springframework.web.filter.OncePerRequestFilter.doFilter(OncePerRequestFilter.java:116)
	at org.apache.catalina.core.ApplicationFilterChain.internalDoFilter(ApplicationFilterChain.java:164)
	at org.apache.catalina.core.ApplicationFilterChain.doFilter(ApplicationFilterChain.java:140)
	at org.springframework.web.filter.ServerHttpObservationFilter.doFilterInternal(ServerHttpObservationFilter.java:110)
	at org.springframework.web.filter.OncePerRequestFilter.doFilter(OncePerRequestFilter.java:116)
	at org.apache.catalina.core.ApplicationFilterChain.internalDoFilter(ApplicationFilterChain.java:164)
	at org.apache.catalina.core.ApplicationFilterChain.doFilter(ApplicationFilterChain.java:140)
	at org.springframework.web.filter.CharacterEncodingFilter.doFilterInternal(CharacterEncodingFilter.java:201)
	at org.springframework.web.filter.OncePerRequestFilter.doFilter(OncePerRequestFilter.java:116)
	at org.apache.catalina.core.ApplicationFilterChain.internalDoFilter(ApplicationFilterChain.java:164)
	at org.apache.catalina.core.ApplicationFilterChain.doFilter(ApplicationFilterChain.java:140)
	at org.apache.catalina.core.StandardWrapperValve.invoke(StandardWrapperValve.java:167)
	at org.apache.catalina.core.StandardContextValve.invoke(StandardContextValve.java:90)
	at org.apache.catalina.authenticator.AuthenticatorBase.invoke(AuthenticatorBase.java:483)
	at org.apache.catalina.core.StandardHostValve.invoke(StandardHostValve.java:116)
	at org.apache.catalina.valves.ErrorReportValve.invoke(ErrorReportValve.java:93)
	at org.apache.catalina.core.StandardEngineValve.invoke(StandardEngineValve.java:74)
	at org.apache.catalina.connector.CoyoteAdapter.service(CoyoteAdapter.java:344)
	at org.apache.coyote.http11.Http11Processor.service(Http11Processor.java:398)
	at org.apache.coyote.AbstractProcessorLight.process(AbstractProcessorLight.java:63)
	at org.apache.coyote.AbstractProtocol$ConnectionHandler.process(AbstractProtocol.java:903)
	at org.apache.tomcat.util.net.NioEndpoint$SocketProcessor.doRun(NioEndpoint.java:1769)
	at org.apache.tomcat.util.net.SocketProcessorBase.run(SocketProcessorBase.java:52)
	at org.apache.tomcat.util.threads.ThreadPoolExecutor.runWorker(ThreadPoolExecutor.java:1189)
	at org.apache.tomcat.util.threads.ThreadPoolExecutor$Worker.run(ThreadPoolExecutor.java:658)
	at org.apache.tomcat.util.threads.TaskThread$WrappingRunnable.run(TaskThread.java:63)
	at java.base/java.lang.Thread.run(Thread.java:1447)
2025-08-13 01:11:03 [http-nio-8191-exec-2] WARN  o.s.w.s.m.m.a.ExceptionHandlerExceptionResolver - Resolved [org.intics.hermes.exception.HermesException: 401 Unauthorized on POST request for "https://intics.elevance.ngrok.dev/alchemy-server/alchemy/api/v2/transaction/create/pipeline/fileUrl/HEALTH_CARE": [no body]]
2025-08-13 01:11:13 [http-nio-8191-exec-4] INFO  o.i.hermes.controller.AuthController - Login response success for username
2025-08-13 01:11:13 [http-nio-8191-exec-4] INFO  o.intics.hermes.service.AuthService - loginRedirect called with loginSource=PH, username=SmartIntake
2025-08-13 01:11:13 [http-nio-8191-exec-4] INFO  o.intics.hermes.service.AuthService - Forwarding login request to: https://intics.elevance.ngrok.dev/alchemy-server/alchemy/api/v2/auth/login
2025-08-13 01:11:37 [http-nio-8191-exec-5] INFO  o.i.h.controller.InboundController - Completed processing docTypeBasedRedirect for tenantId=1, documentType=HEALTH_CARE
2025-08-13 01:11:37 [http-nio-8191-exec-5] INFO  o.i.hermes.service.InboundService - docTypeRedirect called with tenantId=1, documentType=HEALTH_CARE, healthPlan=PH, channel=test
2025-08-13 01:11:37 [http-nio-8191-exec-5] INFO  o.i.hermes.service.InboundService - Forwarding request to URL: https://intics.elevance.ngrok.dev/alchemy-server/alchemy/api/v2/transaction/create/pipeline/fileUrl/HEALTH_CARE?tenantId=1&channel=test&documentType=HEALTH_CARE
2025-08-13 01:11:39 [http-nio-8191-exec-5] INFO  o.i.hermes.service.InboundService - Response body received {"requestTxnId":"SI-123","status":"REQUEST_RECEIVED","transactionId":"ITX-825"}
2025-08-13 01:11:39 [http-nio-8191-exec-5] INFO  o.i.hermes.service.InboundService - Response received with status code: 200 OK
2025-08-13 01:11:47 [http-nio-8191-exec-6] INFO  o.i.h.controller.InboundController - Completed processing docTypeBasedRedirect for tenantId=1, documentType=HEALTH_CARE
2025-08-13 01:11:47 [http-nio-8191-exec-6] INFO  o.i.hermes.service.InboundService - docTypeRedirect called with tenantId=1, documentType=HEALTH_CARE, healthPlan=P, channel=test
2025-08-13 01:11:47 [http-nio-8191-exec-6] ERROR o.i.h.e.GlobalExceptionHandler - Unsupported health plan: P
org.intics.hermes.exception.HermesException: Unsupported health plan: P
	at org.intics.hermes.service.InboundService.docTypeRedirect(InboundService.java:69)
	at org.intics.hermes.controller.InboundController.docTypeBasedRedirect(InboundController.java:31)
	at java.base/jdk.internal.reflect.DirectMethodHandleAccessor.invoke(DirectMethodHandleAccessor.java:104)
	at java.base/java.lang.reflect.Method.invoke(Method.java:565)
	at org.springframework.web.method.support.InvocableHandlerMethod.doInvoke(InvocableHandlerMethod.java:258)
	at org.springframework.web.method.support.InvocableHandlerMethod.invokeForRequest(InvocableHandlerMethod.java:191)
	at org.springframework.web.servlet.mvc.method.annotation.ServletInvocableHandlerMethod.invokeAndHandle(ServletInvocableHandlerMethod.java:118)
	at org.springframework.web.servlet.mvc.method.annotation.RequestMappingHandlerAdapter.invokeHandlerMethod(RequestMappingHandlerAdapter.java:991)
	at org.springframework.web.servlet.mvc.method.annotation.RequestMappingHandlerAdapter.handleInternal(RequestMappingHandlerAdapter.java:896)
	at org.springframework.web.servlet.mvc.method.AbstractHandlerMethodAdapter.handle(AbstractHandlerMethodAdapter.java:87)
	at org.springframework.web.servlet.DispatcherServlet.doDispatch(DispatcherServlet.java:1089)
	at org.springframework.web.servlet.DispatcherServlet.doService(DispatcherServlet.java:979)
	at org.springframework.web.servlet.FrameworkServlet.processRequest(FrameworkServlet.java:1014)
	at org.springframework.web.servlet.FrameworkServlet.doPost(FrameworkServlet.java:914)
	at jakarta.servlet.http.HttpServlet.service(HttpServlet.java:590)
	at org.springframework.web.servlet.FrameworkServlet.service(FrameworkServlet.java:885)
	at jakarta.servlet.http.HttpServlet.service(HttpServlet.java:658)
	at org.apache.catalina.core.ApplicationFilterChain.internalDoFilter(ApplicationFilterChain.java:195)
	at org.apache.catalina.core.ApplicationFilterChain.doFilter(ApplicationFilterChain.java:140)
	at org.apache.tomcat.websocket.server.WsFilter.doFilter(WsFilter.java:51)
	at org.apache.catalina.core.ApplicationFilterChain.internalDoFilter(ApplicationFilterChain.java:164)
	at org.apache.catalina.core.ApplicationFilterChain.doFilter(ApplicationFilterChain.java:140)
	at org.springframework.web.filter.RequestContextFilter.doFilterInternal(RequestContextFilter.java:100)
	at org.springframework.web.filter.OncePerRequestFilter.doFilter(OncePerRequestFilter.java:116)
	at org.apache.catalina.core.ApplicationFilterChain.internalDoFilter(ApplicationFilterChain.java:164)
	at org.apache.catalina.core.ApplicationFilterChain.doFilter(ApplicationFilterChain.java:140)
	at org.springframework.web.filter.FormContentFilter.doFilterInternal(FormContentFilter.java:93)
	at org.springframework.web.filter.OncePerRequestFilter.doFilter(OncePerRequestFilter.java:116)
	at org.apache.catalina.core.ApplicationFilterChain.internalDoFilter(ApplicationFilterChain.java:164)
	at org.apache.catalina.core.ApplicationFilterChain.doFilter(ApplicationFilterChain.java:140)
	at org.springframework.web.filter.ServerHttpObservationFilter.doFilterInternal(ServerHttpObservationFilter.java:110)
	at org.springframework.web.filter.OncePerRequestFilter.doFilter(OncePerRequestFilter.java:116)
	at org.apache.catalina.core.ApplicationFilterChain.internalDoFilter(ApplicationFilterChain.java:164)
	at org.apache.catalina.core.ApplicationFilterChain.doFilter(ApplicationFilterChain.java:140)
	at org.springframework.web.filter.CharacterEncodingFilter.doFilterInternal(CharacterEncodingFilter.java:201)
	at org.springframework.web.filter.OncePerRequestFilter.doFilter(OncePerRequestFilter.java:116)
	at org.apache.catalina.core.ApplicationFilterChain.internalDoFilter(ApplicationFilterChain.java:164)
	at org.apache.catalina.core.ApplicationFilterChain.doFilter(ApplicationFilterChain.java:140)
	at org.apache.catalina.core.StandardWrapperValve.invoke(StandardWrapperValve.java:167)
	at org.apache.catalina.core.StandardContextValve.invoke(StandardContextValve.java:90)
	at org.apache.catalina.authenticator.AuthenticatorBase.invoke(AuthenticatorBase.java:483)
	at org.apache.catalina.core.StandardHostValve.invoke(StandardHostValve.java:116)
	at org.apache.catalina.valves.ErrorReportValve.invoke(ErrorReportValve.java:93)
	at org.apache.catalina.core.StandardEngineValve.invoke(StandardEngineValve.java:74)
	at org.apache.catalina.connector.CoyoteAdapter.service(CoyoteAdapter.java:344)
	at org.apache.coyote.http11.Http11Processor.service(Http11Processor.java:398)
	at org.apache.coyote.AbstractProcessorLight.process(AbstractProcessorLight.java:63)
	at org.apache.coyote.AbstractProtocol$ConnectionHandler.process(AbstractProtocol.java:903)
	at org.apache.tomcat.util.net.NioEndpoint$SocketProcessor.doRun(NioEndpoint.java:1769)
	at org.apache.tomcat.util.net.SocketProcessorBase.run(SocketProcessorBase.java:52)
	at org.apache.tomcat.util.threads.ThreadPoolExecutor.runWorker(ThreadPoolExecutor.java:1189)
	at org.apache.tomcat.util.threads.ThreadPoolExecutor$Worker.run(ThreadPoolExecutor.java:658)
	at org.apache.tomcat.util.threads.TaskThread$WrappingRunnable.run(TaskThread.java:63)
	at java.base/java.lang.Thread.run(Thread.java:1447)
2025-08-13 01:11:47 [http-nio-8191-exec-6] WARN  o.s.w.s.m.m.a.ExceptionHandlerExceptionResolver - Resolved [org.intics.hermes.exception.HermesException: Unsupported health plan: P]
2025-08-13 01:11:58 [http-nio-8191-exec-8] INFO  o.i.h.controller.InboundController - Completed processing docTypeBasedRedirect for tenantId=1, documentType=HEALTH_CARE
2025-08-13 01:11:58 [http-nio-8191-exec-8] INFO  o.i.hermes.service.InboundService - docTypeRedirect called with tenantId=1, documentType=HEALTH_CARE, healthPlan=PH, channel=test
2025-08-13 01:11:58 [http-nio-8191-exec-8] INFO  o.i.hermes.service.InboundService - Forwarding request to URL: https://intics.elevance.ngrok.dev/alchemy-server/alchemy/api/v2/transaction/create/pipeline/fileUrl/HEALTH_CARE?tenantId=1&channel=test&documentType=HEALTH_CARE
2025-08-13 01:11:58 [http-nio-8191-exec-8] ERROR o.i.h.e.GlobalExceptionHandler - 400 Bad Request on POST request for "https://intics.elevance.ngrok.dev/alchemy-server/alchemy/api/v2/transaction/create/pipeline/fileUrl/HEALTH_CARE": "{"payload":{},"responseTimeStamp":"2025-08-12T19:41:58.154665Z","errorCode":400,"status":"Fail","errorMsg":"400 Bad Request: Invalid documentSource has been received in the request body."}"
org.intics.hermes.exception.HermesException: 400 Bad Request on POST request for "https://intics.elevance.ngrok.dev/alchemy-server/alchemy/api/v2/transaction/create/pipeline/fileUrl/HEALTH_CARE": "{"payload":{},"responseTimeStamp":"2025-08-12T19:41:58.154665Z","errorCode":400,"status":"Fail","errorMsg":"400 Bad Request: Invalid documentSource has been received in the request body."}"
	at org.intics.hermes.service.InboundService.docTypeRedirect(InboundService.java:110)
	at org.intics.hermes.controller.InboundController.docTypeBasedRedirect(InboundController.java:31)
	at java.base/jdk.internal.reflect.DirectMethodHandleAccessor.invoke(DirectMethodHandleAccessor.java:104)
	at java.base/java.lang.reflect.Method.invoke(Method.java:565)
	at org.springframework.web.method.support.InvocableHandlerMethod.doInvoke(InvocableHandlerMethod.java:258)
	at org.springframework.web.method.support.InvocableHandlerMethod.invokeForRequest(InvocableHandlerMethod.java:191)
	at org.springframework.web.servlet.mvc.method.annotation.ServletInvocableHandlerMethod.invokeAndHandle(ServletInvocableHandlerMethod.java:118)
	at org.springframework.web.servlet.mvc.method.annotation.RequestMappingHandlerAdapter.invokeHandlerMethod(RequestMappingHandlerAdapter.java:991)
	at org.springframework.web.servlet.mvc.method.annotation.RequestMappingHandlerAdapter.handleInternal(RequestMappingHandlerAdapter.java:896)
	at org.springframework.web.servlet.mvc.method.AbstractHandlerMethodAdapter.handle(AbstractHandlerMethodAdapter.java:87)
	at org.springframework.web.servlet.DispatcherServlet.doDispatch(DispatcherServlet.java:1089)
	at org.springframework.web.servlet.DispatcherServlet.doService(DispatcherServlet.java:979)
	at org.springframework.web.servlet.FrameworkServlet.processRequest(FrameworkServlet.java:1014)
	at org.springframework.web.servlet.FrameworkServlet.doPost(FrameworkServlet.java:914)
	at jakarta.servlet.http.HttpServlet.service(HttpServlet.java:590)
	at org.springframework.web.servlet.FrameworkServlet.service(FrameworkServlet.java:885)
	at jakarta.servlet.http.HttpServlet.service(HttpServlet.java:658)
	at org.apache.catalina.core.ApplicationFilterChain.internalDoFilter(ApplicationFilterChain.java:195)
	at org.apache.catalina.core.ApplicationFilterChain.doFilter(ApplicationFilterChain.java:140)
	at org.apache.tomcat.websocket.server.WsFilter.doFilter(WsFilter.java:51)
	at org.apache.catalina.core.ApplicationFilterChain.internalDoFilter(ApplicationFilterChain.java:164)
	at org.apache.catalina.core.ApplicationFilterChain.doFilter(ApplicationFilterChain.java:140)
	at org.springframework.web.filter.RequestContextFilter.doFilterInternal(RequestContextFilter.java:100)
	at org.springframework.web.filter.OncePerRequestFilter.doFilter(OncePerRequestFilter.java:116)
	at org.apache.catalina.core.ApplicationFilterChain.internalDoFilter(ApplicationFilterChain.java:164)
	at org.apache.catalina.core.ApplicationFilterChain.doFilter(ApplicationFilterChain.java:140)
	at org.springframework.web.filter.FormContentFilter.doFilterInternal(FormContentFilter.java:93)
	at org.springframework.web.filter.OncePerRequestFilter.doFilter(OncePerRequestFilter.java:116)
	at org.apache.catalina.core.ApplicationFilterChain.internalDoFilter(ApplicationFilterChain.java:164)
	at org.apache.catalina.core.ApplicationFilterChain.doFilter(ApplicationFilterChain.java:140)
	at org.springframework.web.filter.ServerHttpObservationFilter.doFilterInternal(ServerHttpObservationFilter.java:110)
	at org.springframework.web.filter.OncePerRequestFilter.doFilter(OncePerRequestFilter.java:116)
	at org.apache.catalina.core.ApplicationFilterChain.internalDoFilter(ApplicationFilterChain.java:164)
	at org.apache.catalina.core.ApplicationFilterChain.doFilter(ApplicationFilterChain.java:140)
	at org.springframework.web.filter.CharacterEncodingFilter.doFilterInternal(CharacterEncodingFilter.java:201)
	at org.springframework.web.filter.OncePerRequestFilter.doFilter(OncePerRequestFilter.java:116)
	at org.apache.catalina.core.ApplicationFilterChain.internalDoFilter(ApplicationFilterChain.java:164)
	at org.apache.catalina.core.ApplicationFilterChain.doFilter(ApplicationFilterChain.java:140)
	at org.apache.catalina.core.StandardWrapperValve.invoke(StandardWrapperValve.java:167)
	at org.apache.catalina.core.StandardContextValve.invoke(StandardContextValve.java:90)
	at org.apache.catalina.authenticator.AuthenticatorBase.invoke(AuthenticatorBase.java:483)
	at org.apache.catalina.core.StandardHostValve.invoke(StandardHostValve.java:116)
	at org.apache.catalina.valves.ErrorReportValve.invoke(ErrorReportValve.java:93)
	at org.apache.catalina.core.StandardEngineValve.invoke(StandardEngineValve.java:74)
	at org.apache.catalina.connector.CoyoteAdapter.service(CoyoteAdapter.java:344)
	at org.apache.coyote.http11.Http11Processor.service(Http11Processor.java:398)
	at org.apache.coyote.AbstractProcessorLight.process(AbstractProcessorLight.java:63)
	at org.apache.coyote.AbstractProtocol$ConnectionHandler.process(AbstractProtocol.java:903)
	at org.apache.tomcat.util.net.NioEndpoint$SocketProcessor.doRun(NioEndpoint.java:1769)
	at org.apache.tomcat.util.net.SocketProcessorBase.run(SocketProcessorBase.java:52)
	at org.apache.tomcat.util.threads.ThreadPoolExecutor.runWorker(ThreadPoolExecutor.java:1189)
	at org.apache.tomcat.util.threads.ThreadPoolExecutor$Worker.run(ThreadPoolExecutor.java:658)
	at org.apache.tomcat.util.threads.TaskThread$WrappingRunnable.run(TaskThread.java:63)
	at java.base/java.lang.Thread.run(Thread.java:1447)
2025-08-13 01:11:58 [http-nio-8191-exec-8] WARN  o.s.w.s.m.m.a.ExceptionHandlerExceptionResolver - Resolved [org.intics.hermes.exception.HermesException: 400 Bad Request on POST request for "https://intics.elevance.ngrok.dev/alchemy-server/alchemy/api/v2/transaction/create/pipeline/fileUrl/HEALTH_CARE": "{"payload":{},"responseTimeStamp":"2025-08-12T19:41:58.154665Z","errorCode":400,"status":"Fail","errorMsg":"400 Bad Request: Invalid documentSource has been received in the request body."}"]
2025-08-13 01:16:16 [SpringApplicationShutdownHook] INFO  o.s.b.w.e.tomcat.GracefulShutdown - Commencing graceful shutdown. Waiting for active requests to complete
2025-08-13 01:16:16 [tomcat-shutdown] INFO  o.s.b.w.e.tomcat.GracefulShutdown - Graceful shutdown complete
2025-08-13 01:16:19 [background-preinit] INFO  o.h.validator.internal.util.Version - HV000001: Hibernate Validator 8.0.2.Final
2025-08-13 01:16:19 [restartedMain] INFO  org.intics.hermes.HermesApplication - Starting HermesApplication using Java 24.0.1 with PID 16972 (/home/roobadharani.deva@zucisystems.com/build/hermes/target/classes started by roobadharani.deva@zucisystems.com in /home/roobadharani.deva@zucisystems.com/build/hermes)
2025-08-13 01:16:19 [restartedMain] INFO  org.intics.hermes.HermesApplication - No active profile set, falling back to 1 default profile: "default"
2025-08-13 01:16:19 [restartedMain] INFO  o.s.b.d.e.DevToolsPropertyDefaultsPostProcessor - Devtools property defaults active! Set 'spring.devtools.add-properties' to 'false' to disable
2025-08-13 01:16:19 [restartedMain] INFO  o.s.b.d.e.DevToolsPropertyDefaultsPostProcessor - For additional web related logging consider setting the 'logging.level.web' property to 'DEBUG'
2025-08-13 01:16:20 [restartedMain] INFO  o.s.b.w.e.tomcat.TomcatWebServer - Tomcat initialized with port 8191 (http)
2025-08-13 01:16:20 [restartedMain] INFO  o.a.coyote.http11.Http11NioProtocol - Initializing ProtocolHandler ["http-nio-8191"]
2025-08-13 01:16:20 [restartedMain] INFO  o.a.catalina.core.StandardService - Starting service [Tomcat]
2025-08-13 01:16:20 [restartedMain] INFO  o.a.catalina.core.StandardEngine - Starting Servlet engine: [Apache Tomcat/10.1.43]
2025-08-13 01:16:20 [restartedMain] INFO  o.a.c.c.C.[.[localhost].[/hermes] - Initializing Spring embedded WebApplicationContext
2025-08-13 01:16:20 [restartedMain] INFO  o.s.b.w.s.c.ServletWebServerApplicationContext - Root WebApplicationContext: initialization completed in 1049 ms
2025-08-13 01:16:20 [restartedMain] INFO  o.s.b.d.a.OptionalLiveReloadServer - LiveReload server is running on port 35729
2025-08-13 01:16:20 [restartedMain] INFO  o.s.b.a.e.web.EndpointLinksResolver - Exposing 1 endpoint beneath base path '/actuator'
2025-08-13 01:16:20 [restartedMain] INFO  o.a.coyote.http11.Http11NioProtocol - Starting ProtocolHandler ["http-nio-8191"]
2025-08-13 01:16:20 [restartedMain] INFO  o.s.b.w.e.tomcat.TomcatWebServer - Tomcat started on port 8191 (http) with context path '/hermes'
2025-08-13 01:16:20 [restartedMain] INFO  org.intics.hermes.HermesApplication - Started HermesApplication in 2.068 seconds (process running for 2.605)
2025-08-13 01:16:23 [http-nio-8191-exec-1] INFO  o.a.c.c.C.[.[localhost].[/hermes] - Initializing Spring DispatcherServlet 'dispatcherServlet'
2025-08-13 01:16:23 [http-nio-8191-exec-1] INFO  o.s.web.servlet.DispatcherServlet - Initializing Servlet 'dispatcherServlet'
2025-08-13 01:16:23 [http-nio-8191-exec-1] INFO  o.s.web.servlet.DispatcherServlet - Completed initialization in 0 ms
2025-08-13 01:16:23 [http-nio-8191-exec-1] INFO  o.i.h.controller.InboundController - Completed processing docTypeBasedRedirect for tenantId=1, documentType=HEALTH_CARE
2025-08-13 01:16:23 [http-nio-8191-exec-1] INFO  o.i.hermes.service.InboundService - docTypeRedirect called with tenantId=1, documentType=HEALTH_CARE, healthPlan=PH, channel=test
2025-08-13 01:16:23 [http-nio-8191-exec-1] INFO  o.i.hermes.service.InboundService - Forwarding request to URL: https://intics.elevance.ngrok.dev/alchemy-server/alchemy/api/v2/transaction/create/pipeline/fileUrl/HEALTH_CARE?tenantId=1&channel=test&documentType=HEALTH_CARE
2025-08-13 01:16:24 [http-nio-8191-exec-1] ERROR o.i.h.e.GlobalExceptionHandler - 400 Bad Request on POST request for "https://intics.elevance.ngrok.dev/alchemy-server/alchemy/api/v2/transaction/create/pipeline/fileUrl/HEALTH_CARE": "{"payload":{},"responseTimeStamp":"2025-08-12T19:46:23.939672Z","errorCode":400,"status":"Fail","errorMsg":"400 Bad Request: Invalid documentSource has been received in the request body."}"
org.intics.hermes.exception.HermesException: 400 Bad Request on POST request for "https://intics.elevance.ngrok.dev/alchemy-server/alchemy/api/v2/transaction/create/pipeline/fileUrl/HEALTH_CARE": "{"payload":{},"responseTimeStamp":"2025-08-12T19:46:23.939672Z","errorCode":400,"status":"Fail","errorMsg":"400 Bad Request: Invalid documentSource has been received in the request body."}"
	at org.intics.hermes.service.InboundService.docTypeRedirect(InboundService.java:110)
	at org.intics.hermes.controller.InboundController.docTypeBasedRedirect(InboundController.java:31)
	at java.base/jdk.internal.reflect.DirectMethodHandleAccessor.invoke(DirectMethodHandleAccessor.java:104)
	at java.base/java.lang.reflect.Method.invoke(Method.java:565)
	at org.springframework.web.method.support.InvocableHandlerMethod.doInvoke(InvocableHandlerMethod.java:258)
	at org.springframework.web.method.support.InvocableHandlerMethod.invokeForRequest(InvocableHandlerMethod.java:191)
	at org.springframework.web.servlet.mvc.method.annotation.ServletInvocableHandlerMethod.invokeAndHandle(ServletInvocableHandlerMethod.java:118)
	at org.springframework.web.servlet.mvc.method.annotation.RequestMappingHandlerAdapter.invokeHandlerMethod(RequestMappingHandlerAdapter.java:991)
	at org.springframework.web.servlet.mvc.method.annotation.RequestMappingHandlerAdapter.handleInternal(RequestMappingHandlerAdapter.java:896)
	at org.springframework.web.servlet.mvc.method.AbstractHandlerMethodAdapter.handle(AbstractHandlerMethodAdapter.java:87)
	at org.springframework.web.servlet.DispatcherServlet.doDispatch(DispatcherServlet.java:1089)
	at org.springframework.web.servlet.DispatcherServlet.doService(DispatcherServlet.java:979)
	at org.springframework.web.servlet.FrameworkServlet.processRequest(FrameworkServlet.java:1014)
	at org.springframework.web.servlet.FrameworkServlet.doPost(FrameworkServlet.java:914)
	at jakarta.servlet.http.HttpServlet.service(HttpServlet.java:590)
	at org.springframework.web.servlet.FrameworkServlet.service(FrameworkServlet.java:885)
	at jakarta.servlet.http.HttpServlet.service(HttpServlet.java:658)
	at org.apache.catalina.core.ApplicationFilterChain.internalDoFilter(ApplicationFilterChain.java:195)
	at org.apache.catalina.core.ApplicationFilterChain.doFilter(ApplicationFilterChain.java:140)
	at org.apache.tomcat.websocket.server.WsFilter.doFilter(WsFilter.java:51)
	at org.apache.catalina.core.ApplicationFilterChain.internalDoFilter(ApplicationFilterChain.java:164)
	at org.apache.catalina.core.ApplicationFilterChain.doFilter(ApplicationFilterChain.java:140)
	at org.springframework.web.filter.RequestContextFilter.doFilterInternal(RequestContextFilter.java:100)
	at org.springframework.web.filter.OncePerRequestFilter.doFilter(OncePerRequestFilter.java:116)
	at org.apache.catalina.core.ApplicationFilterChain.internalDoFilter(ApplicationFilterChain.java:164)
	at org.apache.catalina.core.ApplicationFilterChain.doFilter(ApplicationFilterChain.java:140)
	at org.springframework.web.filter.FormContentFilter.doFilterInternal(FormContentFilter.java:93)
	at org.springframework.web.filter.OncePerRequestFilter.doFilter(OncePerRequestFilter.java:116)
	at org.apache.catalina.core.ApplicationFilterChain.internalDoFilter(ApplicationFilterChain.java:164)
	at org.apache.catalina.core.ApplicationFilterChain.doFilter(ApplicationFilterChain.java:140)
	at org.springframework.web.filter.ServerHttpObservationFilter.doFilterInternal(ServerHttpObservationFilter.java:110)
	at org.springframework.web.filter.OncePerRequestFilter.doFilter(OncePerRequestFilter.java:116)
	at org.apache.catalina.core.ApplicationFilterChain.internalDoFilter(ApplicationFilterChain.java:164)
	at org.apache.catalina.core.ApplicationFilterChain.doFilter(ApplicationFilterChain.java:140)
	at org.springframework.web.filter.CharacterEncodingFilter.doFilterInternal(CharacterEncodingFilter.java:201)
	at org.springframework.web.filter.OncePerRequestFilter.doFilter(OncePerRequestFilter.java:116)
	at org.apache.catalina.core.ApplicationFilterChain.internalDoFilter(ApplicationFilterChain.java:164)
	at org.apache.catalina.core.ApplicationFilterChain.doFilter(ApplicationFilterChain.java:140)
	at org.apache.catalina.core.StandardWrapperValve.invoke(StandardWrapperValve.java:167)
	at org.apache.catalina.core.StandardContextValve.invoke(StandardContextValve.java:90)
	at org.apache.catalina.authenticator.AuthenticatorBase.invoke(AuthenticatorBase.java:483)
	at org.apache.catalina.core.StandardHostValve.invoke(StandardHostValve.java:116)
	at org.apache.catalina.valves.ErrorReportValve.invoke(ErrorReportValve.java:93)
	at org.apache.catalina.core.StandardEngineValve.invoke(StandardEngineValve.java:74)
	at org.apache.catalina.connector.CoyoteAdapter.service(CoyoteAdapter.java:344)
	at org.apache.coyote.http11.Http11Processor.service(Http11Processor.java:398)
	at org.apache.coyote.AbstractProcessorLight.process(AbstractProcessorLight.java:63)
	at org.apache.coyote.AbstractProtocol$ConnectionHandler.process(AbstractProtocol.java:903)
	at org.apache.tomcat.util.net.NioEndpoint$SocketProcessor.doRun(NioEndpoint.java:1769)
	at org.apache.tomcat.util.net.SocketProcessorBase.run(SocketProcessorBase.java:52)
	at org.apache.tomcat.util.threads.ThreadPoolExecutor.runWorker(ThreadPoolExecutor.java:1189)
	at org.apache.tomcat.util.threads.ThreadPoolExecutor$Worker.run(ThreadPoolExecutor.java:658)
	at org.apache.tomcat.util.threads.TaskThread$WrappingRunnable.run(TaskThread.java:63)
	at java.base/java.lang.Thread.run(Thread.java:1447)
2025-08-13 01:16:24 [http-nio-8191-exec-1] WARN  o.s.w.s.m.m.a.ExceptionHandlerExceptionResolver - Resolved [org.intics.hermes.exception.HermesException: 400 Bad Request on POST request for "https://intics.elevance.ngrok.dev/alchemy-server/alchemy/api/v2/transaction/create/pipeline/fileUrl/HEALTH_CARE": "{"payload":{},"responseTimeStamp":"2025-08-12T19:46:23.939672Z","errorCode":400,"status":"Fail","errorMsg":"400 Bad Request: Invalid documentSource has been received in the request body."}"]
2025-08-13 01:17:25 [http-nio-8191-exec-5] INFO  o.i.h.controller.InboundController - Completed processing docTypeBasedRedirect for tenantId=1, documentType=HEALTH_CARE
2025-08-13 01:17:25 [http-nio-8191-exec-5] INFO  o.i.hermes.service.InboundService - docTypeRedirect called with tenantId=1, documentType=HEALTH_CARE, healthPlan=PH, channel=test
2025-08-13 01:17:25 [http-nio-8191-exec-5] INFO  o.i.hermes.service.InboundService - Forwarding request to URL: https://intics.elevance.ngrok.dev/alchemy-server/alchemy/api/v2/transaction/create/pipeline/fileUrl/HEALTH_CARE?tenantId=1&channel=test&documentType=HEALTH_CARE
2025-08-13 01:17:25 [http-nio-8191-exec-5] ERROR o.i.h.e.GlobalExceptionHandler - 400 Bad Request on POST request for "https://intics.elevance.ngrok.dev/alchemy-server/alchemy/api/v2/transaction/create/pipeline/fileUrl/HEALTH_CARE": "{"payload":{},"responseTimeStamp":"2025-08-12T19:47:25.551389Z","errorCode":400,"status":"Fail","errorMsg":"400 Bad Request: Invalid documentSource has been received in the request body."}"
org.intics.hermes.exception.HermesException: 400 Bad Request on POST request for "https://intics.elevance.ngrok.dev/alchemy-server/alchemy/api/v2/transaction/create/pipeline/fileUrl/HEALTH_CARE": "{"payload":{},"responseTimeStamp":"2025-08-12T19:47:25.551389Z","errorCode":400,"status":"Fail","errorMsg":"400 Bad Request: Invalid documentSource has been received in the request body."}"
	at org.intics.hermes.service.InboundService.docTypeRedirect(InboundService.java:110)
	at org.intics.hermes.controller.InboundController.docTypeBasedRedirect(InboundController.java:31)
	at java.base/jdk.internal.reflect.DirectMethodHandleAccessor.invoke(DirectMethodHandleAccessor.java:104)
	at java.base/java.lang.reflect.Method.invoke(Method.java:565)
	at org.springframework.web.method.support.InvocableHandlerMethod.doInvoke(InvocableHandlerMethod.java:258)
	at org.springframework.web.method.support.InvocableHandlerMethod.invokeForRequest(InvocableHandlerMethod.java:191)
	at org.springframework.web.servlet.mvc.method.annotation.ServletInvocableHandlerMethod.invokeAndHandle(ServletInvocableHandlerMethod.java:118)
	at org.springframework.web.servlet.mvc.method.annotation.RequestMappingHandlerAdapter.invokeHandlerMethod(RequestMappingHandlerAdapter.java:991)
	at org.springframework.web.servlet.mvc.method.annotation.RequestMappingHandlerAdapter.handleInternal(RequestMappingHandlerAdapter.java:896)
	at org.springframework.web.servlet.mvc.method.AbstractHandlerMethodAdapter.handle(AbstractHandlerMethodAdapter.java:87)
	at org.springframework.web.servlet.DispatcherServlet.doDispatch(DispatcherServlet.java:1089)
	at org.springframework.web.servlet.DispatcherServlet.doService(DispatcherServlet.java:979)
	at org.springframework.web.servlet.FrameworkServlet.processRequest(FrameworkServlet.java:1014)
	at org.springframework.web.servlet.FrameworkServlet.doPost(FrameworkServlet.java:914)
	at jakarta.servlet.http.HttpServlet.service(HttpServlet.java:590)
	at org.springframework.web.servlet.FrameworkServlet.service(FrameworkServlet.java:885)
	at jakarta.servlet.http.HttpServlet.service(HttpServlet.java:658)
	at org.apache.catalina.core.ApplicationFilterChain.internalDoFilter(ApplicationFilterChain.java:195)
	at org.apache.catalina.core.ApplicationFilterChain.doFilter(ApplicationFilterChain.java:140)
	at org.apache.tomcat.websocket.server.WsFilter.doFilter(WsFilter.java:51)
	at org.apache.catalina.core.ApplicationFilterChain.internalDoFilter(ApplicationFilterChain.java:164)
	at org.apache.catalina.core.ApplicationFilterChain.doFilter(ApplicationFilterChain.java:140)
	at org.springframework.web.filter.RequestContextFilter.doFilterInternal(RequestContextFilter.java:100)
	at org.springframework.web.filter.OncePerRequestFilter.doFilter(OncePerRequestFilter.java:116)
	at org.apache.catalina.core.ApplicationFilterChain.internalDoFilter(ApplicationFilterChain.java:164)
	at org.apache.catalina.core.ApplicationFilterChain.doFilter(ApplicationFilterChain.java:140)
	at org.springframework.web.filter.FormContentFilter.doFilterInternal(FormContentFilter.java:93)
	at org.springframework.web.filter.OncePerRequestFilter.doFilter(OncePerRequestFilter.java:116)
	at org.apache.catalina.core.ApplicationFilterChain.internalDoFilter(ApplicationFilterChain.java:164)
	at org.apache.catalina.core.ApplicationFilterChain.doFilter(ApplicationFilterChain.java:140)
	at org.springframework.web.filter.ServerHttpObservationFilter.doFilterInternal(ServerHttpObservationFilter.java:110)
	at org.springframework.web.filter.OncePerRequestFilter.doFilter(OncePerRequestFilter.java:116)
	at org.apache.catalina.core.ApplicationFilterChain.internalDoFilter(ApplicationFilterChain.java:164)
	at org.apache.catalina.core.ApplicationFilterChain.doFilter(ApplicationFilterChain.java:140)
	at org.springframework.web.filter.CharacterEncodingFilter.doFilterInternal(CharacterEncodingFilter.java:201)
	at org.springframework.web.filter.OncePerRequestFilter.doFilter(OncePerRequestFilter.java:116)
	at org.apache.catalina.core.ApplicationFilterChain.internalDoFilter(ApplicationFilterChain.java:164)
	at org.apache.catalina.core.ApplicationFilterChain.doFilter(ApplicationFilterChain.java:140)
	at org.apache.catalina.core.StandardWrapperValve.invoke(StandardWrapperValve.java:167)
	at org.apache.catalina.core.StandardContextValve.invoke(StandardContextValve.java:90)
	at org.apache.catalina.authenticator.AuthenticatorBase.invoke(AuthenticatorBase.java:483)
	at org.apache.catalina.core.StandardHostValve.invoke(StandardHostValve.java:116)
	at org.apache.catalina.valves.ErrorReportValve.invoke(ErrorReportValve.java:93)
	at org.apache.catalina.core.StandardEngineValve.invoke(StandardEngineValve.java:74)
	at org.apache.catalina.connector.CoyoteAdapter.service(CoyoteAdapter.java:344)
	at org.apache.coyote.http11.Http11Processor.service(Http11Processor.java:398)
	at org.apache.coyote.AbstractProcessorLight.process(AbstractProcessorLight.java:63)
	at org.apache.coyote.AbstractProtocol$ConnectionHandler.process(AbstractProtocol.java:903)
	at org.apache.tomcat.util.net.NioEndpoint$SocketProcessor.doRun(NioEndpoint.java:1769)
	at org.apache.tomcat.util.net.SocketProcessorBase.run(SocketProcessorBase.java:52)
	at org.apache.tomcat.util.threads.ThreadPoolExecutor.runWorker(ThreadPoolExecutor.java:1189)
	at org.apache.tomcat.util.threads.ThreadPoolExecutor$Worker.run(ThreadPoolExecutor.java:658)
	at org.apache.tomcat.util.threads.TaskThread$WrappingRunnable.run(TaskThread.java:63)
	at java.base/java.lang.Thread.run(Thread.java:1447)
2025-08-13 01:17:25 [http-nio-8191-exec-5] WARN  o.s.w.s.m.m.a.ExceptionHandlerExceptionResolver - Resolved [org.intics.hermes.exception.HermesException: 400 Bad Request on POST request for "https://intics.elevance.ngrok.dev/alchemy-server/alchemy/api/v2/transaction/create/pipeline/fileUrl/HEALTH_CARE": "{"payload":{},"responseTimeStamp":"2025-08-12T19:47:25.551389Z","errorCode":400,"status":"Fail","errorMsg":"400 Bad Request: Invalid documentSource has been received in the request body."}"]
2025-08-13 01:17:54 [http-nio-8191-exec-7] INFO  o.i.h.controller.InboundController - Completed processing docTypeBasedRedirect for tenantId=1, documentType=HEALTH_CARE
2025-08-13 01:17:54 [http-nio-8191-exec-7] INFO  o.i.hermes.service.InboundService - docTypeRedirect called with tenantId=1, documentType=HEALTH_CARE, healthPlan=PH, channel=test
2025-08-13 01:17:54 [http-nio-8191-exec-7] INFO  o.i.hermes.service.InboundService - Forwarding request to URL: https://intics.elevance.ngrok.dev/alchemy-server/alchemy/api/v2/transaction/create/pipeline/fileUrl/HEALTH_CARE?tenantId=1&channel=test&documentType=HEALTH_CARE
2025-08-13 01:17:54 [http-nio-8191-exec-7] INFO  o.i.hermes.service.InboundService - Response body received {"requestTxnId":"SI-123","status":"REQUEST_RECEIVED","transactionId":"ITX-826"}
2025-08-13 01:17:54 [http-nio-8191-exec-7] INFO  o.i.hermes.service.InboundService - Response received with status code: 200 OK
2025-08-13 01:21:40 [SpringApplicationShutdownHook] INFO  o.s.b.w.e.tomcat.GracefulShutdown - Commencing graceful shutdown. Waiting for active requests to complete
2025-08-13 01:21:40 [tomcat-shutdown] INFO  o.s.b.w.e.tomcat.GracefulShutdown - Graceful shutdown complete
2025-08-13 01:21:42 [background-preinit] INFO  o.h.validator.internal.util.Version - HV000001: Hibernate Validator 8.0.2.Final
2025-08-13 01:21:42 [restartedMain] INFO  org.intics.hermes.HermesApplication - Starting HermesApplication using Java 24.0.1 with PID 17201 (/home/roobadharani.deva@zucisystems.com/build/hermes/target/classes started by roobadharani.deva@zucisystems.com in /home/roobadharani.deva@zucisystems.com/build/hermes)
2025-08-13 01:21:42 [restartedMain] INFO  org.intics.hermes.HermesApplication - No active profile set, falling back to 1 default profile: "default"
2025-08-13 01:21:42 [restartedMain] INFO  o.s.b.d.e.DevToolsPropertyDefaultsPostProcessor - Devtools property defaults active! Set 'spring.devtools.add-properties' to 'false' to disable
2025-08-13 01:21:42 [restartedMain] INFO  o.s.b.d.e.DevToolsPropertyDefaultsPostProcessor - For additional web related logging consider setting the 'logging.level.web' property to 'DEBUG'
2025-08-13 01:21:44 [restartedMain] INFO  o.s.b.w.e.tomcat.TomcatWebServer - Tomcat initialized with port 8191 (http)
2025-08-13 01:21:44 [restartedMain] INFO  o.a.coyote.http11.Http11NioProtocol - Initializing ProtocolHandler ["http-nio-8191"]
2025-08-13 01:21:44 [restartedMain] INFO  o.a.catalina.core.StandardService - Starting service [Tomcat]
2025-08-13 01:21:44 [restartedMain] INFO  o.a.catalina.core.StandardEngine - Starting Servlet engine: [Apache Tomcat/10.1.43]
2025-08-13 01:21:44 [restartedMain] INFO  o.a.c.c.C.[.[localhost].[/hermes] - Initializing Spring embedded WebApplicationContext
2025-08-13 01:21:44 [restartedMain] INFO  o.s.b.w.s.c.ServletWebServerApplicationContext - Root WebApplicationContext: initialization completed in 1135 ms
2025-08-13 01:21:44 [restartedMain] INFO  o.s.b.d.a.OptionalLiveReloadServer - LiveReload server is running on port 35729
2025-08-13 01:21:44 [restartedMain] INFO  o.s.b.a.e.web.EndpointLinksResolver - Exposing 1 endpoint beneath base path '/actuator'
2025-08-13 01:21:44 [restartedMain] INFO  o.a.coyote.http11.Http11NioProtocol - Starting ProtocolHandler ["http-nio-8191"]
2025-08-13 01:21:44 [restartedMain] INFO  o.s.b.w.e.tomcat.TomcatWebServer - Tomcat started on port 8191 (http) with context path '/hermes'
2025-08-13 01:21:44 [restartedMain] INFO  org.intics.hermes.HermesApplication - Started HermesApplication in 2.225 seconds (process running for 2.723)
2025-08-13 01:21:48 [http-nio-8191-exec-2] INFO  o.a.c.c.C.[.[localhost].[/hermes] - Initializing Spring DispatcherServlet 'dispatcherServlet'
2025-08-13 01:21:48 [http-nio-8191-exec-2] INFO  o.s.web.servlet.DispatcherServlet - Initializing Servlet 'dispatcherServlet'
2025-08-13 01:21:48 [http-nio-8191-exec-2] INFO  o.s.web.servlet.DispatcherServlet - Completed initialization in 0 ms
2025-08-13 01:21:48 [http-nio-8191-exec-2] INFO  o.i.h.controller.InboundController - Completed processing docTypeBasedRedirect for tenantId=1, documentType=HEALTH_CARE
2025-08-13 01:21:48 [http-nio-8191-exec-2] INFO  o.i.hermes.service.InboundService - docTypeRedirect called with tenantId=1, documentType=HEALTH_CARE, healthPlan=PH, channel=test
2025-08-13 01:21:48 [http-nio-8191-exec-2] INFO  o.i.hermes.service.InboundService - Forwarding request to URL: https://intics.elevance.ngrok.dev/alchemy-server/alchemy/api/v2/transaction/create/pipeline/fileUrl/HEALTH_CARE?tenantId=1&channel=test&documentType=HEALTH_CARE
2025-08-13 01:21:50 [http-nio-8191-exec-2] INFO  o.i.hermes.service.InboundService - Response body received {"requestTxnId":"SI-123","status":"REQUEST_RECEIVED","transactionId":"ITX-827"}
2025-08-13 01:21:50 [http-nio-8191-exec-2] INFO  o.i.hermes.service.InboundService - Response received with status code: 200 OK
2025-08-13 01:22:00 [http-nio-8191-exec-3] WARN  o.s.w.s.m.m.a.ExceptionHandlerExceptionResolver - Resolved [org.springframework.http.converter.HttpMessageNotReadableException: JSON parse error: Unrecognized character escape 'a' (code 97)]
2025-08-13 01:22:35 [http-nio-8191-exec-5] INFO  o.i.h.controller.InboundController - Completed processing docTypeBasedRedirect for tenantId=1, documentType=HEALTH_CARE
2025-08-13 01:22:35 [http-nio-8191-exec-5] INFO  o.i.hermes.service.InboundService - docTypeRedirect called with tenantId=1, documentType=HEALTH_CARE, healthPlan=PH, channel=test
2025-08-13 01:22:35 [http-nio-8191-exec-5] INFO  o.i.hermes.service.InboundService - Forwarding request to URL: https://intics.elevance.ngrok.dev/alchemy-server/alchemy/api/v2/transaction/create/pipeline/fileUrl/HEALTH_CARE?tenantId=1&channel=test&documentType=HEALTH_CARE
2025-08-13 01:22:35 [http-nio-8191-exec-5] ERROR o.i.h.e.GlobalExceptionHandler - 400 Bad Request on POST request for "https://intics.elevance.ngrok.dev/alchemy-server/alchemy/api/v2/transaction/create/pipeline/fileUrl/HEALTH_CARE": "{"payload":{},"responseTimeStamp":"2025-08-12T19:52:35.916368Z","errorCode":400,"status":"Fail","errorMsg":"400 Bad Request: Invalid documentSource has been received in the request body."}"
org.intics.hermes.exception.HermesException: 400 Bad Request on POST request for "https://intics.elevance.ngrok.dev/alchemy-server/alchemy/api/v2/transaction/create/pipeline/fileUrl/HEALTH_CARE": "{"payload":{},"responseTimeStamp":"2025-08-12T19:52:35.916368Z","errorCode":400,"status":"Fail","errorMsg":"400 Bad Request: Invalid documentSource has been received in the request body."}"
	at org.intics.hermes.service.InboundService.docTypeRedirect(InboundService.java:110)
	at org.intics.hermes.controller.InboundController.docTypeBasedRedirect(InboundController.java:31)
	at java.base/jdk.internal.reflect.DirectMethodHandleAccessor.invoke(DirectMethodHandleAccessor.java:104)
	at java.base/java.lang.reflect.Method.invoke(Method.java:565)
	at org.springframework.web.method.support.InvocableHandlerMethod.doInvoke(InvocableHandlerMethod.java:258)
	at org.springframework.web.method.support.InvocableHandlerMethod.invokeForRequest(InvocableHandlerMethod.java:191)
	at org.springframework.web.servlet.mvc.method.annotation.ServletInvocableHandlerMethod.invokeAndHandle(ServletInvocableHandlerMethod.java:118)
	at org.springframework.web.servlet.mvc.method.annotation.RequestMappingHandlerAdapter.invokeHandlerMethod(RequestMappingHandlerAdapter.java:991)
	at org.springframework.web.servlet.mvc.method.annotation.RequestMappingHandlerAdapter.handleInternal(RequestMappingHandlerAdapter.java:896)
	at org.springframework.web.servlet.mvc.method.AbstractHandlerMethodAdapter.handle(AbstractHandlerMethodAdapter.java:87)
	at org.springframework.web.servlet.DispatcherServlet.doDispatch(DispatcherServlet.java:1089)
	at org.springframework.web.servlet.DispatcherServlet.doService(DispatcherServlet.java:979)
	at org.springframework.web.servlet.FrameworkServlet.processRequest(FrameworkServlet.java:1014)
	at org.springframework.web.servlet.FrameworkServlet.doPost(FrameworkServlet.java:914)
	at jakarta.servlet.http.HttpServlet.service(HttpServlet.java:590)
	at org.springframework.web.servlet.FrameworkServlet.service(FrameworkServlet.java:885)
	at jakarta.servlet.http.HttpServlet.service(HttpServlet.java:658)
	at org.apache.catalina.core.ApplicationFilterChain.internalDoFilter(ApplicationFilterChain.java:195)
	at org.apache.catalina.core.ApplicationFilterChain.doFilter(ApplicationFilterChain.java:140)
	at org.apache.tomcat.websocket.server.WsFilter.doFilter(WsFilter.java:51)
	at org.apache.catalina.core.ApplicationFilterChain.internalDoFilter(ApplicationFilterChain.java:164)
	at org.apache.catalina.core.ApplicationFilterChain.doFilter(ApplicationFilterChain.java:140)
	at org.springframework.web.filter.RequestContextFilter.doFilterInternal(RequestContextFilter.java:100)
	at org.springframework.web.filter.OncePerRequestFilter.doFilter(OncePerRequestFilter.java:116)
	at org.apache.catalina.core.ApplicationFilterChain.internalDoFilter(ApplicationFilterChain.java:164)
	at org.apache.catalina.core.ApplicationFilterChain.doFilter(ApplicationFilterChain.java:140)
	at org.springframework.web.filter.FormContentFilter.doFilterInternal(FormContentFilter.java:93)
	at org.springframework.web.filter.OncePerRequestFilter.doFilter(OncePerRequestFilter.java:116)
	at org.apache.catalina.core.ApplicationFilterChain.internalDoFilter(ApplicationFilterChain.java:164)
	at org.apache.catalina.core.ApplicationFilterChain.doFilter(ApplicationFilterChain.java:140)
	at org.springframework.web.filter.ServerHttpObservationFilter.doFilterInternal(ServerHttpObservationFilter.java:110)
	at org.springframework.web.filter.OncePerRequestFilter.doFilter(OncePerRequestFilter.java:116)
	at org.apache.catalina.core.ApplicationFilterChain.internalDoFilter(ApplicationFilterChain.java:164)
	at org.apache.catalina.core.ApplicationFilterChain.doFilter(ApplicationFilterChain.java:140)
	at org.springframework.web.filter.CharacterEncodingFilter.doFilterInternal(CharacterEncodingFilter.java:201)
	at org.springframework.web.filter.OncePerRequestFilter.doFilter(OncePerRequestFilter.java:116)
	at org.apache.catalina.core.ApplicationFilterChain.internalDoFilter(ApplicationFilterChain.java:164)
	at org.apache.catalina.core.ApplicationFilterChain.doFilter(ApplicationFilterChain.java:140)
	at org.apache.catalina.core.StandardWrapperValve.invoke(StandardWrapperValve.java:167)
	at org.apache.catalina.core.StandardContextValve.invoke(StandardContextValve.java:90)
	at org.apache.catalina.authenticator.AuthenticatorBase.invoke(AuthenticatorBase.java:483)
	at org.apache.catalina.core.StandardHostValve.invoke(StandardHostValve.java:116)
	at org.apache.catalina.valves.ErrorReportValve.invoke(ErrorReportValve.java:93)
	at org.apache.catalina.core.StandardEngineValve.invoke(StandardEngineValve.java:74)
	at org.apache.catalina.connector.CoyoteAdapter.service(CoyoteAdapter.java:344)
	at org.apache.coyote.http11.Http11Processor.service(Http11Processor.java:398)
	at org.apache.coyote.AbstractProcessorLight.process(AbstractProcessorLight.java:63)
	at org.apache.coyote.AbstractProtocol$ConnectionHandler.process(AbstractProtocol.java:903)
	at org.apache.tomcat.util.net.NioEndpoint$SocketProcessor.doRun(NioEndpoint.java:1769)
	at org.apache.tomcat.util.net.SocketProcessorBase.run(SocketProcessorBase.java:52)
	at org.apache.tomcat.util.threads.ThreadPoolExecutor.runWorker(ThreadPoolExecutor.java:1189)
	at org.apache.tomcat.util.threads.ThreadPoolExecutor$Worker.run(ThreadPoolExecutor.java:658)
	at org.apache.tomcat.util.threads.TaskThread$WrappingRunnable.run(TaskThread.java:63)
	at java.base/java.lang.Thread.run(Thread.java:1447)
2025-08-13 01:22:35 [http-nio-8191-exec-5] WARN  o.s.w.s.m.m.a.ExceptionHandlerExceptionResolver - Resolved [org.intics.hermes.exception.HermesException: 400 Bad Request on POST request for "https://intics.elevance.ngrok.dev/alchemy-server/alchemy/api/v2/transaction/create/pipeline/fileUrl/HEALTH_CARE": "{"payload":{},"responseTimeStamp":"2025-08-12T19:52:35.916368Z","errorCode":400,"status":"Fail","errorMsg":"400 Bad Request: Invalid documentSource has been received in the request body."}"]
2025-08-13 01:22:55 [http-nio-8191-exec-7] INFO  o.i.h.controller.InboundController - Completed processing docTypeBasedRedirect for tenantId=1, documentType=HEALTH_CARE
2025-08-13 01:22:55 [http-nio-8191-exec-7] INFO  o.i.hermes.service.InboundService - docTypeRedirect called with tenantId=1, documentType=HEALTH_CARE, healthPlan=BH, channel=test
2025-08-13 01:22:55 [http-nio-8191-exec-7] INFO  o.i.hermes.service.InboundService - Forwarding request to URL: https://agentic.intics.ai/alchemy-server/alchemy/api/v2/transaction/create/pipeline/fileUrl/HEALTH_CARE?tenantId=1&channel=test&documentType=HEALTH_CARE
2025-08-13 01:22:56 [http-nio-8191-exec-7] ERROR o.i.h.e.GlobalExceptionHandler - 400 Bad Request on POST request for "https://agentic.intics.ai/alchemy-server/alchemy/api/v2/transaction/create/pipeline/fileUrl/HEALTH_CARE": "{"payload":{},"responseTimeStamp":"2025-08-12T19:52:56.037049Z","errorCode":400,"status":"Fail","errorMsg":"400 Bad Request: Invalid documentSource has been received in the request body."}"
org.intics.hermes.exception.HermesException: 400 Bad Request on POST request for "https://agentic.intics.ai/alchemy-server/alchemy/api/v2/transaction/create/pipeline/fileUrl/HEALTH_CARE": "{"payload":{},"responseTimeStamp":"2025-08-12T19:52:56.037049Z","errorCode":400,"status":"Fail","errorMsg":"400 Bad Request: Invalid documentSource has been received in the request body."}"
	at org.intics.hermes.service.InboundService.docTypeRedirect(InboundService.java:110)
	at org.intics.hermes.controller.InboundController.docTypeBasedRedirect(InboundController.java:31)
	at java.base/jdk.internal.reflect.DirectMethodHandleAccessor.invoke(DirectMethodHandleAccessor.java:104)
	at java.base/java.lang.reflect.Method.invoke(Method.java:565)
	at org.springframework.web.method.support.InvocableHandlerMethod.doInvoke(InvocableHandlerMethod.java:258)
	at org.springframework.web.method.support.InvocableHandlerMethod.invokeForRequest(InvocableHandlerMethod.java:191)
	at org.springframework.web.servlet.mvc.method.annotation.ServletInvocableHandlerMethod.invokeAndHandle(ServletInvocableHandlerMethod.java:118)
	at org.springframework.web.servlet.mvc.method.annotation.RequestMappingHandlerAdapter.invokeHandlerMethod(RequestMappingHandlerAdapter.java:991)
	at org.springframework.web.servlet.mvc.method.annotation.RequestMappingHandlerAdapter.handleInternal(RequestMappingHandlerAdapter.java:896)
	at org.springframework.web.servlet.mvc.method.AbstractHandlerMethodAdapter.handle(AbstractHandlerMethodAdapter.java:87)
	at org.springframework.web.servlet.DispatcherServlet.doDispatch(DispatcherServlet.java:1089)
	at org.springframework.web.servlet.DispatcherServlet.doService(DispatcherServlet.java:979)
	at org.springframework.web.servlet.FrameworkServlet.processRequest(FrameworkServlet.java:1014)
	at org.springframework.web.servlet.FrameworkServlet.doPost(FrameworkServlet.java:914)
	at jakarta.servlet.http.HttpServlet.service(HttpServlet.java:590)
	at org.springframework.web.servlet.FrameworkServlet.service(FrameworkServlet.java:885)
	at jakarta.servlet.http.HttpServlet.service(HttpServlet.java:658)
	at org.apache.catalina.core.ApplicationFilterChain.internalDoFilter(ApplicationFilterChain.java:195)
	at org.apache.catalina.core.ApplicationFilterChain.doFilter(ApplicationFilterChain.java:140)
	at org.apache.tomcat.websocket.server.WsFilter.doFilter(WsFilter.java:51)
	at org.apache.catalina.core.ApplicationFilterChain.internalDoFilter(ApplicationFilterChain.java:164)
	at org.apache.catalina.core.ApplicationFilterChain.doFilter(ApplicationFilterChain.java:140)
	at org.springframework.web.filter.RequestContextFilter.doFilterInternal(RequestContextFilter.java:100)
	at org.springframework.web.filter.OncePerRequestFilter.doFilter(OncePerRequestFilter.java:116)
	at org.apache.catalina.core.ApplicationFilterChain.internalDoFilter(ApplicationFilterChain.java:164)
	at org.apache.catalina.core.ApplicationFilterChain.doFilter(ApplicationFilterChain.java:140)
	at org.springframework.web.filter.FormContentFilter.doFilterInternal(FormContentFilter.java:93)
	at org.springframework.web.filter.OncePerRequestFilter.doFilter(OncePerRequestFilter.java:116)
	at org.apache.catalina.core.ApplicationFilterChain.internalDoFilter(ApplicationFilterChain.java:164)
	at org.apache.catalina.core.ApplicationFilterChain.doFilter(ApplicationFilterChain.java:140)
	at org.springframework.web.filter.ServerHttpObservationFilter.doFilterInternal(ServerHttpObservationFilter.java:110)
	at org.springframework.web.filter.OncePerRequestFilter.doFilter(OncePerRequestFilter.java:116)
	at org.apache.catalina.core.ApplicationFilterChain.internalDoFilter(ApplicationFilterChain.java:164)
	at org.apache.catalina.core.ApplicationFilterChain.doFilter(ApplicationFilterChain.java:140)
	at org.springframework.web.filter.CharacterEncodingFilter.doFilterInternal(CharacterEncodingFilter.java:201)
	at org.springframework.web.filter.OncePerRequestFilter.doFilter(OncePerRequestFilter.java:116)
	at org.apache.catalina.core.ApplicationFilterChain.internalDoFilter(ApplicationFilterChain.java:164)
	at org.apache.catalina.core.ApplicationFilterChain.doFilter(ApplicationFilterChain.java:140)
	at org.apache.catalina.core.StandardWrapperValve.invoke(StandardWrapperValve.java:167)
	at org.apache.catalina.core.StandardContextValve.invoke(StandardContextValve.java:90)
	at org.apache.catalina.authenticator.AuthenticatorBase.invoke(AuthenticatorBase.java:483)
	at org.apache.catalina.core.StandardHostValve.invoke(StandardHostValve.java:116)
	at org.apache.catalina.valves.ErrorReportValve.invoke(ErrorReportValve.java:93)
	at org.apache.catalina.core.StandardEngineValve.invoke(StandardEngineValve.java:74)
	at org.apache.catalina.connector.CoyoteAdapter.service(CoyoteAdapter.java:344)
	at org.apache.coyote.http11.Http11Processor.service(Http11Processor.java:398)
	at org.apache.coyote.AbstractProcessorLight.process(AbstractProcessorLight.java:63)
	at org.apache.coyote.AbstractProtocol$ConnectionHandler.process(AbstractProtocol.java:903)
	at org.apache.tomcat.util.net.NioEndpoint$SocketProcessor.doRun(NioEndpoint.java:1769)
	at org.apache.tomcat.util.net.SocketProcessorBase.run(SocketProcessorBase.java:52)
	at org.apache.tomcat.util.threads.ThreadPoolExecutor.runWorker(ThreadPoolExecutor.java:1189)
	at org.apache.tomcat.util.threads.ThreadPoolExecutor$Worker.run(ThreadPoolExecutor.java:658)
	at org.apache.tomcat.util.threads.TaskThread$WrappingRunnable.run(TaskThread.java:63)
	at java.base/java.lang.Thread.run(Thread.java:1447)
2025-08-13 01:22:56 [http-nio-8191-exec-7] WARN  o.s.w.s.m.m.a.ExceptionHandlerExceptionResolver - Resolved [org.intics.hermes.exception.HermesException: 400 Bad Request on POST request for "https://agentic.intics.ai/alchemy-server/alchemy/api/v2/transaction/create/pipeline/fileUrl/HEALTH_CARE": "{"payload":{},"responseTimeStamp":"2025-08-12T19:52:56.037049Z","errorCode":400,"status":"Fail","errorMsg":"400 Bad Request: Invalid documentSource has been received in the request body."}"]
2025-08-13 01:23:05 [http-nio-8191-exec-9] INFO  o.i.h.controller.InboundController - Completed processing docTypeBasedRedirect for tenantId=1, documentType=HEALTH_CARE
2025-08-13 01:23:05 [http-nio-8191-exec-9] INFO  o.i.hermes.service.InboundService - docTypeRedirect called with tenantId=1, documentType=HEALTH_CARE, healthPlan=BH, channel=test
2025-08-13 01:23:05 [http-nio-8191-exec-9] INFO  o.i.hermes.service.InboundService - Forwarding request to URL: https://agentic.intics.ai/alchemy-server/alchemy/api/v2/transaction/create/pipeline/fileUrl/HEALTH_CARE?tenantId=1&channel=test&documentType=HEALTH_CARE
2025-08-13 01:23:06 [http-nio-8191-exec-9] INFO  o.i.hermes.service.InboundService - Response body received {"requestTxnId":"SI-123","status":"REQUEST_RECEIVED","transactionId":"ITX-3123"}
2025-08-13 01:23:06 [http-nio-8191-exec-9] INFO  o.i.hermes.service.InboundService - Response received with status code: 200 OK
2025-08-13 01:23:16 [http-nio-8191-exec-10] INFO  o.i.h.controller.InboundController - Completed processing docTypeBasedRedirect for tenantId=1, documentType=HEALTH_CARE
2025-08-13 01:23:16 [http-nio-8191-exec-10] INFO  o.i.hermes.service.InboundService - docTypeRedirect called with tenantId=1, documentType=HEALTH_CARE, healthPlan=PH, channel=test
2025-08-13 01:23:16 [http-nio-8191-exec-10] ERROR o.i.h.e.GlobalExceptionHandler - Missing or invalid Authorization header
org.intics.hermes.exception.HermesException: Missing or invalid Authorization header
	at org.intics.hermes.service.InboundService.docTypeRedirect(InboundService.java:62)
	at org.intics.hermes.controller.InboundController.docTypeBasedRedirect(InboundController.java:31)
	at java.base/jdk.internal.reflect.DirectMethodHandleAccessor.invoke(DirectMethodHandleAccessor.java:104)
	at java.base/java.lang.reflect.Method.invoke(Method.java:565)
	at org.springframework.web.method.support.InvocableHandlerMethod.doInvoke(InvocableHandlerMethod.java:258)
	at org.springframework.web.method.support.InvocableHandlerMethod.invokeForRequest(InvocableHandlerMethod.java:191)
	at org.springframework.web.servlet.mvc.method.annotation.ServletInvocableHandlerMethod.invokeAndHandle(ServletInvocableHandlerMethod.java:118)
	at org.springframework.web.servlet.mvc.method.annotation.RequestMappingHandlerAdapter.invokeHandlerMethod(RequestMappingHandlerAdapter.java:991)
	at org.springframework.web.servlet.mvc.method.annotation.RequestMappingHandlerAdapter.handleInternal(RequestMappingHandlerAdapter.java:896)
	at org.springframework.web.servlet.mvc.method.AbstractHandlerMethodAdapter.handle(AbstractHandlerMethodAdapter.java:87)
	at org.springframework.web.servlet.DispatcherServlet.doDispatch(DispatcherServlet.java:1089)
	at org.springframework.web.servlet.DispatcherServlet.doService(DispatcherServlet.java:979)
	at org.springframework.web.servlet.FrameworkServlet.processRequest(FrameworkServlet.java:1014)
	at org.springframework.web.servlet.FrameworkServlet.doPost(FrameworkServlet.java:914)
	at jakarta.servlet.http.HttpServlet.service(HttpServlet.java:590)
	at org.springframework.web.servlet.FrameworkServlet.service(FrameworkServlet.java:885)
	at jakarta.servlet.http.HttpServlet.service(HttpServlet.java:658)
	at org.apache.catalina.core.ApplicationFilterChain.internalDoFilter(ApplicationFilterChain.java:195)
	at org.apache.catalina.core.ApplicationFilterChain.doFilter(ApplicationFilterChain.java:140)
	at org.apache.tomcat.websocket.server.WsFilter.doFilter(WsFilter.java:51)
	at org.apache.catalina.core.ApplicationFilterChain.internalDoFilter(ApplicationFilterChain.java:164)
	at org.apache.catalina.core.ApplicationFilterChain.doFilter(ApplicationFilterChain.java:140)
	at org.springframework.web.filter.RequestContextFilter.doFilterInternal(RequestContextFilter.java:100)
	at org.springframework.web.filter.OncePerRequestFilter.doFilter(OncePerRequestFilter.java:116)
	at org.apache.catalina.core.ApplicationFilterChain.internalDoFilter(ApplicationFilterChain.java:164)
	at org.apache.catalina.core.ApplicationFilterChain.doFilter(ApplicationFilterChain.java:140)
	at org.springframework.web.filter.FormContentFilter.doFilterInternal(FormContentFilter.java:93)
	at org.springframework.web.filter.OncePerRequestFilter.doFilter(OncePerRequestFilter.java:116)
	at org.apache.catalina.core.ApplicationFilterChain.internalDoFilter(ApplicationFilterChain.java:164)
	at org.apache.catalina.core.ApplicationFilterChain.doFilter(ApplicationFilterChain.java:140)
	at org.springframework.web.filter.ServerHttpObservationFilter.doFilterInternal(ServerHttpObservationFilter.java:110)
	at org.springframework.web.filter.OncePerRequestFilter.doFilter(OncePerRequestFilter.java:116)
	at org.apache.catalina.core.ApplicationFilterChain.internalDoFilter(ApplicationFilterChain.java:164)
	at org.apache.catalina.core.ApplicationFilterChain.doFilter(ApplicationFilterChain.java:140)
	at org.springframework.web.filter.CharacterEncodingFilter.doFilterInternal(CharacterEncodingFilter.java:201)
	at org.springframework.web.filter.OncePerRequestFilter.doFilter(OncePerRequestFilter.java:116)
	at org.apache.catalina.core.ApplicationFilterChain.internalDoFilter(ApplicationFilterChain.java:164)
	at org.apache.catalina.core.ApplicationFilterChain.doFilter(ApplicationFilterChain.java:140)
	at org.apache.catalina.core.StandardWrapperValve.invoke(StandardWrapperValve.java:167)
	at org.apache.catalina.core.StandardContextValve.invoke(StandardContextValve.java:90)
	at org.apache.catalina.authenticator.AuthenticatorBase.invoke(AuthenticatorBase.java:483)
	at org.apache.catalina.core.StandardHostValve.invoke(StandardHostValve.java:116)
	at org.apache.catalina.valves.ErrorReportValve.invoke(ErrorReportValve.java:93)
	at org.apache.catalina.core.StandardEngineValve.invoke(StandardEngineValve.java:74)
	at org.apache.catalina.connector.CoyoteAdapter.service(CoyoteAdapter.java:344)
	at org.apache.coyote.http11.Http11Processor.service(Http11Processor.java:398)
	at org.apache.coyote.AbstractProcessorLight.process(AbstractProcessorLight.java:63)
	at org.apache.coyote.AbstractProtocol$ConnectionHandler.process(AbstractProtocol.java:903)
	at org.apache.tomcat.util.net.NioEndpoint$SocketProcessor.doRun(NioEndpoint.java:1769)
	at org.apache.tomcat.util.net.SocketProcessorBase.run(SocketProcessorBase.java:52)
	at org.apache.tomcat.util.threads.ThreadPoolExecutor.runWorker(ThreadPoolExecutor.java:1189)
	at org.apache.tomcat.util.threads.ThreadPoolExecutor$Worker.run(ThreadPoolExecutor.java:658)
	at org.apache.tomcat.util.threads.TaskThread$WrappingRunnable.run(TaskThread.java:63)
	at java.base/java.lang.Thread.run(Thread.java:1447)
2025-08-13 01:23:16 [http-nio-8191-exec-10] WARN  o.s.w.s.m.m.a.ExceptionHandlerExceptionResolver - Resolved [org.intics.hermes.exception.HermesException: Missing or invalid Authorization header]
2025-08-13 01:23:25 [http-nio-8191-exec-1] INFO  o.i.h.controller.InboundController - Completed processing docTypeBasedRedirect for tenantId=1, documentType=HEALTH_CARE
2025-08-13 01:23:25 [http-nio-8191-exec-1] INFO  o.i.hermes.service.InboundService - docTypeRedirect called with tenantId=1, documentType=HEALTH_CARE, healthPlan=PH, channel=test
2025-08-13 01:23:25 [http-nio-8191-exec-1] INFO  o.i.hermes.service.InboundService - Forwarding request to URL: https://intics.elevance.ngrok.dev/alchemy-server/alchemy/api/v2/transaction/create/pipeline/fileUrl/HEALTH_CARE?tenantId=1&channel=test&documentType=HEALTH_CARE
2025-08-13 01:23:26 [http-nio-8191-exec-1] INFO  o.i.hermes.service.InboundService - Response body received {"requestTxnId":"SI-123","status":"REQUEST_RECEIVED","transactionId":"ITX-828"}
2025-08-13 01:23:26 [http-nio-8191-exec-1] INFO  o.i.hermes.service.InboundService - Response received with status code: 200 OK
2025-08-13 01:26:49 [http-nio-8191-exec-4] INFO  o.i.h.c.InboundShadowController - Completed processing docTypeBasedRedirect for tenantId=1, documentType=HEALTH_CARE
2025-08-13 01:26:49 [http-nio-8191-exec-4] INFO  o.i.h.service.InboundShadowService - docTypeRedirect called with tenantId=1, documentType=HEALTH_CARE, healthPlan=PH, channel=test
2025-08-13 01:26:49 [http-nio-8191-exec-4] ERROR o.i.h.e.GlobalExceptionHandler - Missing or invalid Authorization header
org.intics.hermes.exception.HermesException: Missing or invalid Authorization header
	at org.intics.hermes.service.InboundShadowService.docTypeRedirect(InboundShadowService.java:58)
	at org.intics.hermes.controller.InboundShadowController.docTypeBasedRedirect(InboundShadowController.java:32)
	at java.base/jdk.internal.reflect.DirectMethodHandleAccessor.invoke(DirectMethodHandleAccessor.java:104)
	at java.base/java.lang.reflect.Method.invoke(Method.java:565)
	at org.springframework.web.method.support.InvocableHandlerMethod.doInvoke(InvocableHandlerMethod.java:258)
	at org.springframework.web.method.support.InvocableHandlerMethod.invokeForRequest(InvocableHandlerMethod.java:191)
	at org.springframework.web.servlet.mvc.method.annotation.ServletInvocableHandlerMethod.invokeAndHandle(ServletInvocableHandlerMethod.java:118)
	at org.springframework.web.servlet.mvc.method.annotation.RequestMappingHandlerAdapter.invokeHandlerMethod(RequestMappingHandlerAdapter.java:991)
	at org.springframework.web.servlet.mvc.method.annotation.RequestMappingHandlerAdapter.handleInternal(RequestMappingHandlerAdapter.java:896)
	at org.springframework.web.servlet.mvc.method.AbstractHandlerMethodAdapter.handle(AbstractHandlerMethodAdapter.java:87)
	at org.springframework.web.servlet.DispatcherServlet.doDispatch(DispatcherServlet.java:1089)
	at org.springframework.web.servlet.DispatcherServlet.doService(DispatcherServlet.java:979)
	at org.springframework.web.servlet.FrameworkServlet.processRequest(FrameworkServlet.java:1014)
	at org.springframework.web.servlet.FrameworkServlet.doPost(FrameworkServlet.java:914)
	at jakarta.servlet.http.HttpServlet.service(HttpServlet.java:590)
	at org.springframework.web.servlet.FrameworkServlet.service(FrameworkServlet.java:885)
	at jakarta.servlet.http.HttpServlet.service(HttpServlet.java:658)
	at org.apache.catalina.core.ApplicationFilterChain.internalDoFilter(ApplicationFilterChain.java:195)
	at org.apache.catalina.core.ApplicationFilterChain.doFilter(ApplicationFilterChain.java:140)
	at org.apache.tomcat.websocket.server.WsFilter.doFilter(WsFilter.java:51)
	at org.apache.catalina.core.ApplicationFilterChain.internalDoFilter(ApplicationFilterChain.java:164)
	at org.apache.catalina.core.ApplicationFilterChain.doFilter(ApplicationFilterChain.java:140)
	at org.springframework.web.filter.RequestContextFilter.doFilterInternal(RequestContextFilter.java:100)
	at org.springframework.web.filter.OncePerRequestFilter.doFilter(OncePerRequestFilter.java:116)
	at org.apache.catalina.core.ApplicationFilterChain.internalDoFilter(ApplicationFilterChain.java:164)
	at org.apache.catalina.core.ApplicationFilterChain.doFilter(ApplicationFilterChain.java:140)
	at org.springframework.web.filter.FormContentFilter.doFilterInternal(FormContentFilter.java:93)
	at org.springframework.web.filter.OncePerRequestFilter.doFilter(OncePerRequestFilter.java:116)
	at org.apache.catalina.core.ApplicationFilterChain.internalDoFilter(ApplicationFilterChain.java:164)
	at org.apache.catalina.core.ApplicationFilterChain.doFilter(ApplicationFilterChain.java:140)
	at org.springframework.web.filter.ServerHttpObservationFilter.doFilterInternal(ServerHttpObservationFilter.java:110)
	at org.springframework.web.filter.OncePerRequestFilter.doFilter(OncePerRequestFilter.java:116)
	at org.apache.catalina.core.ApplicationFilterChain.internalDoFilter(ApplicationFilterChain.java:164)
	at org.apache.catalina.core.ApplicationFilterChain.doFilter(ApplicationFilterChain.java:140)
	at org.springframework.web.filter.CharacterEncodingFilter.doFilterInternal(CharacterEncodingFilter.java:201)
	at org.springframework.web.filter.OncePerRequestFilter.doFilter(OncePerRequestFilter.java:116)
	at org.apache.catalina.core.ApplicationFilterChain.internalDoFilter(ApplicationFilterChain.java:164)
	at org.apache.catalina.core.ApplicationFilterChain.doFilter(ApplicationFilterChain.java:140)
	at org.apache.catalina.core.StandardWrapperValve.invoke(StandardWrapperValve.java:167)
	at org.apache.catalina.core.StandardContextValve.invoke(StandardContextValve.java:90)
	at org.apache.catalina.authenticator.AuthenticatorBase.invoke(AuthenticatorBase.java:483)
	at org.apache.catalina.core.StandardHostValve.invoke(StandardHostValve.java:116)
	at org.apache.catalina.valves.ErrorReportValve.invoke(ErrorReportValve.java:93)
	at org.apache.catalina.core.StandardEngineValve.invoke(StandardEngineValve.java:74)
	at org.apache.catalina.connector.CoyoteAdapter.service(CoyoteAdapter.java:344)
	at org.apache.coyote.http11.Http11Processor.service(Http11Processor.java:398)
	at org.apache.coyote.AbstractProcessorLight.process(AbstractProcessorLight.java:63)
	at org.apache.coyote.AbstractProtocol$ConnectionHandler.process(AbstractProtocol.java:903)
	at org.apache.tomcat.util.net.NioEndpoint$SocketProcessor.doRun(NioEndpoint.java:1769)
	at org.apache.tomcat.util.net.SocketProcessorBase.run(SocketProcessorBase.java:52)
	at org.apache.tomcat.util.threads.ThreadPoolExecutor.runWorker(ThreadPoolExecutor.java:1189)
	at org.apache.tomcat.util.threads.ThreadPoolExecutor$Worker.run(ThreadPoolExecutor.java:658)
	at org.apache.tomcat.util.threads.TaskThread$WrappingRunnable.run(TaskThread.java:63)
	at java.base/java.lang.Thread.run(Thread.java:1447)
2025-08-13 01:26:49 [http-nio-8191-exec-4] WARN  o.s.w.s.m.m.a.ExceptionHandlerExceptionResolver - Resolved [org.intics.hermes.exception.HermesException: Missing or invalid Authorization header]
2025-08-13 01:27:12 [http-nio-8191-exec-5] WARN  o.s.w.s.m.s.DefaultHandlerExceptionResolver - Resolved [org.springframework.web.bind.MissingRequestHeaderException: Required request header 'Authorization' for method parameter type String is not present]
2025-08-13 01:30:37 [SpringApplicationShutdownHook] INFO  o.s.b.w.e.tomcat.GracefulShutdown - Commencing graceful shutdown. Waiting for active requests to complete
2025-08-13 01:30:37 [tomcat-shutdown] INFO  o.s.b.w.e.tomcat.GracefulShutdown - Graceful shutdown complete
2025-08-13 01:30:40 [background-preinit] INFO  o.h.validator.internal.util.Version - HV000001: Hibernate Validator 8.0.2.Final
2025-08-13 01:30:40 [restartedMain] INFO  org.intics.hermes.HermesApplication - Starting HermesApplication using Java 24.0.1 with PID 17513 (/home/roobadharani.deva@zucisystems.com/build/hermes/target/classes started by roobadharani.deva@zucisystems.com in /home/roobadharani.deva@zucisystems.com/build/hermes)
2025-08-13 01:30:40 [restartedMain] INFO  org.intics.hermes.HermesApplication - No active profile set, falling back to 1 default profile: "default"
2025-08-13 01:30:40 [restartedMain] INFO  o.s.b.d.e.DevToolsPropertyDefaultsPostProcessor - Devtools property defaults active! Set 'spring.devtools.add-properties' to 'false' to disable
2025-08-13 01:30:40 [restartedMain] INFO  o.s.b.d.e.DevToolsPropertyDefaultsPostProcessor - For additional web related logging consider setting the 'logging.level.web' property to 'DEBUG'
2025-08-13 01:30:41 [restartedMain] INFO  o.s.b.w.e.tomcat.TomcatWebServer - Tomcat initialized with port 8191 (http)
2025-08-13 01:30:41 [restartedMain] INFO  o.a.coyote.http11.Http11NioProtocol - Initializing ProtocolHandler ["http-nio-8191"]
2025-08-13 01:30:41 [restartedMain] INFO  o.a.catalina.core.StandardService - Starting service [Tomcat]
2025-08-13 01:30:41 [restartedMain] INFO  o.a.catalina.core.StandardEngine - Starting Servlet engine: [Apache Tomcat/10.1.43]
2025-08-13 01:30:41 [restartedMain] INFO  o.a.c.c.C.[.[localhost].[/hermes] - Initializing Spring embedded WebApplicationContext
2025-08-13 01:30:41 [restartedMain] INFO  o.s.b.w.s.c.ServletWebServerApplicationContext - Root WebApplicationContext: initialization completed in 1161 ms
2025-08-13 01:30:42 [restartedMain] INFO  o.s.b.d.a.OptionalLiveReloadServer - LiveReload server is running on port 35729
2025-08-13 01:30:42 [restartedMain] INFO  o.s.b.a.e.web.EndpointLinksResolver - Exposing 1 endpoint beneath base path '/actuator'
2025-08-13 01:30:42 [restartedMain] INFO  o.a.coyote.http11.Http11NioProtocol - Starting ProtocolHandler ["http-nio-8191"]
2025-08-13 01:30:42 [restartedMain] INFO  o.s.b.w.e.tomcat.TomcatWebServer - Tomcat started on port 8191 (http) with context path '/hermes'
2025-08-13 01:30:42 [restartedMain] INFO  org.intics.hermes.HermesApplication - Started HermesApplication in 2.402 seconds (process running for 2.997)
2025-08-13 01:31:03 [http-nio-8191-exec-1] INFO  o.a.c.c.C.[.[localhost].[/hermes] - Initializing Spring DispatcherServlet 'dispatcherServlet'
2025-08-13 01:31:03 [http-nio-8191-exec-1] INFO  o.s.web.servlet.DispatcherServlet - Initializing Servlet 'dispatcherServlet'
2025-08-13 01:31:03 [http-nio-8191-exec-1] INFO  o.s.web.servlet.DispatcherServlet - Completed initialization in 1 ms
2025-08-13 01:31:03 [http-nio-8191-exec-1] WARN  o.s.w.s.m.s.DefaultHandlerExceptionResolver - Resolved [org.springframework.web.bind.MissingRequestHeaderException: Required request header 'Authorization' for method parameter type String is not present]
2025-08-13 01:33:10 [SpringApplicationShutdownHook] INFO  o.s.b.w.e.tomcat.GracefulShutdown - Commencing graceful shutdown. Waiting for active requests to complete
2025-08-13 01:33:10 [tomcat-shutdown] INFO  o.s.b.w.e.tomcat.GracefulShutdown - Graceful shutdown complete
2025-08-13 01:33:13 [background-preinit] INFO  o.h.validator.internal.util.Version - HV000001: Hibernate Validator 8.0.2.Final
2025-08-13 01:33:13 [restartedMain] INFO  org.intics.hermes.HermesApplication - Starting HermesApplication using Java 24.0.1 with PID 17691 (/home/roobadharani.deva@zucisystems.com/build/hermes/target/classes started by roobadharani.deva@zucisystems.com in /home/roobadharani.deva@zucisystems.com/build/hermes)
2025-08-13 01:33:13 [restartedMain] INFO  org.intics.hermes.HermesApplication - No active profile set, falling back to 1 default profile: "default"
2025-08-13 01:33:13 [restartedMain] INFO  o.s.b.d.e.DevToolsPropertyDefaultsPostProcessor - Devtools property defaults active! Set 'spring.devtools.add-properties' to 'false' to disable
2025-08-13 01:33:13 [restartedMain] INFO  o.s.b.d.e.DevToolsPropertyDefaultsPostProcessor - For additional web related logging consider setting the 'logging.level.web' property to 'DEBUG'
2025-08-13 01:33:14 [restartedMain] INFO  o.s.b.w.e.tomcat.TomcatWebServer - Tomcat initialized with port 8191 (http)
2025-08-13 01:33:14 [restartedMain] INFO  o.a.coyote.http11.Http11NioProtocol - Initializing ProtocolHandler ["http-nio-8191"]
2025-08-13 01:33:14 [restartedMain] INFO  o.a.catalina.core.StandardService - Starting service [Tomcat]
2025-08-13 01:33:14 [restartedMain] INFO  o.a.catalina.core.StandardEngine - Starting Servlet engine: [Apache Tomcat/10.1.43]
2025-08-13 01:33:14 [restartedMain] INFO  o.a.c.c.C.[.[localhost].[/hermes] - Initializing Spring embedded WebApplicationContext
2025-08-13 01:33:14 [restartedMain] INFO  o.s.b.w.s.c.ServletWebServerApplicationContext - Root WebApplicationContext: initialization completed in 1209 ms
2025-08-13 01:33:15 [restartedMain] INFO  o.s.b.d.a.OptionalLiveReloadServer - LiveReload server is running on port 35729
2025-08-13 01:33:15 [restartedMain] INFO  o.s.b.a.e.web.EndpointLinksResolver - Exposing 1 endpoint beneath base path '/actuator'
2025-08-13 01:33:15 [restartedMain] INFO  o.a.coyote.http11.Http11NioProtocol - Starting ProtocolHandler ["http-nio-8191"]
2025-08-13 01:33:15 [restartedMain] INFO  o.s.b.w.e.tomcat.TomcatWebServer - Tomcat started on port 8191 (http) with context path '/hermes'
2025-08-13 01:33:15 [restartedMain] INFO  org.intics.hermes.HermesApplication - Started HermesApplication in 2.52 seconds (process running for 3.115)
2025-08-13 01:33:18 [http-nio-8191-exec-1] INFO  o.a.c.c.C.[.[localhost].[/hermes] - Initializing Spring DispatcherServlet 'dispatcherServlet'
2025-08-13 01:33:18 [http-nio-8191-exec-1] INFO  o.s.web.servlet.DispatcherServlet - Initializing Servlet 'dispatcherServlet'
2025-08-13 01:33:18 [http-nio-8191-exec-1] INFO  o.s.web.servlet.DispatcherServlet - Completed initialization in 1 ms
2025-08-13 01:33:19 [http-nio-8191-exec-1] WARN  o.s.w.s.m.s.DefaultHandlerExceptionResolver - Resolved [org.springframework.web.bind.MissingRequestHeaderException: Required request header 'Authorization' for method parameter type String is not present]
2025-08-13 01:34:46 [SpringApplicationShutdownHook] INFO  o.s.b.w.e.tomcat.GracefulShutdown - Commencing graceful shutdown. Waiting for active requests to complete
2025-08-13 01:34:46 [tomcat-shutdown] INFO  o.s.b.w.e.tomcat.GracefulShutdown - Graceful shutdown complete
2025-08-13 01:34:49 [background-preinit] INFO  o.h.validator.internal.util.Version - HV000001: Hibernate Validator 8.0.2.Final
2025-08-13 01:34:49 [restartedMain] INFO  org.intics.hermes.HermesApplication - Starting HermesApplication using Java 24.0.1 with PID 17841 (/home/roobadharani.deva@zucisystems.com/build/hermes/target/classes started by roobadharani.deva@zucisystems.com in /home/roobadharani.deva@zucisystems.com/build/hermes)
2025-08-13 01:34:49 [restartedMain] INFO  org.intics.hermes.HermesApplication - No active profile set, falling back to 1 default profile: "default"
2025-08-13 01:34:49 [restartedMain] INFO  o.s.b.d.e.DevToolsPropertyDefaultsPostProcessor - Devtools property defaults active! Set 'spring.devtools.add-properties' to 'false' to disable
2025-08-13 01:34:49 [restartedMain] INFO  o.s.b.d.e.DevToolsPropertyDefaultsPostProcessor - For additional web related logging consider setting the 'logging.level.web' property to 'DEBUG'
2025-08-13 01:34:50 [restartedMain] INFO  o.s.b.w.e.tomcat.TomcatWebServer - Tomcat initialized with port 8191 (http)
2025-08-13 01:34:50 [restartedMain] INFO  o.a.coyote.http11.Http11NioProtocol - Initializing ProtocolHandler ["http-nio-8191"]
2025-08-13 01:34:50 [restartedMain] INFO  o.a.catalina.core.StandardService - Starting service [Tomcat]
2025-08-13 01:34:50 [restartedMain] INFO  o.a.catalina.core.StandardEngine - Starting Servlet engine: [Apache Tomcat/10.1.43]
2025-08-13 01:34:50 [restartedMain] INFO  o.a.c.c.C.[.[localhost].[/hermes] - Initializing Spring embedded WebApplicationContext
2025-08-13 01:34:50 [restartedMain] INFO  o.s.b.w.s.c.ServletWebServerApplicationContext - Root WebApplicationContext: initialization completed in 1261 ms
2025-08-13 01:34:51 [restartedMain] INFO  o.s.b.d.a.OptionalLiveReloadServer - LiveReload server is running on port 35729
2025-08-13 01:34:51 [restartedMain] INFO  o.s.b.a.e.web.EndpointLinksResolver - Exposing 1 endpoint beneath base path '/actuator'
2025-08-13 01:34:51 [restartedMain] INFO  o.a.coyote.http11.Http11NioProtocol - Starting ProtocolHandler ["http-nio-8191"]
2025-08-13 01:34:51 [restartedMain] INFO  o.s.b.w.e.tomcat.TomcatWebServer - Tomcat started on port 8191 (http) with context path '/hermes'
2025-08-13 01:34:51 [restartedMain] INFO  org.intics.hermes.HermesApplication - Started HermesApplication in 2.521 seconds (process running for 3.242)
2025-08-13 01:34:55 [http-nio-8191-exec-2] INFO  o.a.c.c.C.[.[localhost].[/hermes] - Initializing Spring DispatcherServlet 'dispatcherServlet'
2025-08-13 01:34:55 [http-nio-8191-exec-2] INFO  o.s.web.servlet.DispatcherServlet - Initializing Servlet 'dispatcherServlet'
2025-08-13 01:34:55 [http-nio-8191-exec-2] INFO  o.s.web.servlet.DispatcherServlet - Completed initialization in 1 ms
2025-08-13 01:34:55 [http-nio-8191-exec-2] INFO  o.i.hermes.controller.AuthController - Login response success for username
2025-08-13 01:34:55 [http-nio-8191-exec-2] INFO  o.intics.hermes.service.AuthService - loginRedirect called with loginSource=PH, username=SmartIntake
2025-08-13 01:34:55 [http-nio-8191-exec-2] INFO  o.intics.hermes.service.AuthService - Forwarding login request to: https://intics.elevance.ngrok.dev/alchemy-server/alchemy/api/v2/auth/login
2025-08-13 01:34:59 [http-nio-8191-exec-3] INFO  o.i.hermes.controller.AuthController - Login response success for username
2025-08-13 01:34:59 [http-nio-8191-exec-3] INFO  o.intics.hermes.service.AuthService - loginRedirect called with loginSource=PH, username=SmartIntake
2025-08-13 01:34:59 [http-nio-8191-exec-3] INFO  o.intics.hermes.service.AuthService - Forwarding login request to: https://intics.elevance.ngrok.dev/alchemy-server/alchemy/api/v2/auth/login
2025-08-13 01:35:00 [http-nio-8191-exec-3] ERROR o.i.h.e.GlobalExceptionHandler - 400 Bad Request on POST request for "https://intics.elevance.ngrok.dev/alchemy-server/alchemy/api/v2/auth/login": "{"status":"Fail","errorCode":400,"errorMsg":"Error authenticating user SmartIntake, Contact admin","responseTimeStamp":"2025-08-13T01:35:00","payload":{}}"
org.intics.hermes.exception.HermesException: 400 Bad Request on POST request for "https://intics.elevance.ngrok.dev/alchemy-server/alchemy/api/v2/auth/login": "{"status":"Fail","errorCode":400,"errorMsg":"Error authenticating user SmartIntake, Contact admin","responseTimeStamp":"2025-08-13T01:35:00","payload":{}}"
	at org.intics.hermes.service.AuthService.loginRedirect(AuthService.java:82)
	at org.intics.hermes.controller.AuthController.loginRedirect(AuthController.java:28)
	at java.base/jdk.internal.reflect.DirectMethodHandleAccessor.invoke(DirectMethodHandleAccessor.java:104)
	at java.base/java.lang.reflect.Method.invoke(Method.java:565)
	at org.springframework.web.method.support.InvocableHandlerMethod.doInvoke(InvocableHandlerMethod.java:258)
	at org.springframework.web.method.support.InvocableHandlerMethod.invokeForRequest(InvocableHandlerMethod.java:191)
	at org.springframework.web.servlet.mvc.method.annotation.ServletInvocableHandlerMethod.invokeAndHandle(ServletInvocableHandlerMethod.java:118)
	at org.springframework.web.servlet.mvc.method.annotation.RequestMappingHandlerAdapter.invokeHandlerMethod(RequestMappingHandlerAdapter.java:991)
	at org.springframework.web.servlet.mvc.method.annotation.RequestMappingHandlerAdapter.handleInternal(RequestMappingHandlerAdapter.java:896)
	at org.springframework.web.servlet.mvc.method.AbstractHandlerMethodAdapter.handle(AbstractHandlerMethodAdapter.java:87)
	at org.springframework.web.servlet.DispatcherServlet.doDispatch(DispatcherServlet.java:1089)
	at org.springframework.web.servlet.DispatcherServlet.doService(DispatcherServlet.java:979)
	at org.springframework.web.servlet.FrameworkServlet.processRequest(FrameworkServlet.java:1014)
	at org.springframework.web.servlet.FrameworkServlet.doPost(FrameworkServlet.java:914)
	at jakarta.servlet.http.HttpServlet.service(HttpServlet.java:590)
	at org.springframework.web.servlet.FrameworkServlet.service(FrameworkServlet.java:885)
	at jakarta.servlet.http.HttpServlet.service(HttpServlet.java:658)
	at org.apache.catalina.core.ApplicationFilterChain.internalDoFilter(ApplicationFilterChain.java:195)
	at org.apache.catalina.core.ApplicationFilterChain.doFilter(ApplicationFilterChain.java:140)
	at org.apache.tomcat.websocket.server.WsFilter.doFilter(WsFilter.java:51)
	at org.apache.catalina.core.ApplicationFilterChain.internalDoFilter(ApplicationFilterChain.java:164)
	at org.apache.catalina.core.ApplicationFilterChain.doFilter(ApplicationFilterChain.java:140)
	at org.springframework.web.filter.RequestContextFilter.doFilterInternal(RequestContextFilter.java:100)
	at org.springframework.web.filter.OncePerRequestFilter.doFilter(OncePerRequestFilter.java:116)
	at org.apache.catalina.core.ApplicationFilterChain.internalDoFilter(ApplicationFilterChain.java:164)
	at org.apache.catalina.core.ApplicationFilterChain.doFilter(ApplicationFilterChain.java:140)
	at org.springframework.web.filter.FormContentFilter.doFilterInternal(FormContentFilter.java:93)
	at org.springframework.web.filter.OncePerRequestFilter.doFilter(OncePerRequestFilter.java:116)
	at org.apache.catalina.core.ApplicationFilterChain.internalDoFilter(ApplicationFilterChain.java:164)
	at org.apache.catalina.core.ApplicationFilterChain.doFilter(ApplicationFilterChain.java:140)
	at org.springframework.web.filter.ServerHttpObservationFilter.doFilterInternal(ServerHttpObservationFilter.java:110)
	at org.springframework.web.filter.OncePerRequestFilter.doFilter(OncePerRequestFilter.java:116)
	at org.apache.catalina.core.ApplicationFilterChain.internalDoFilter(ApplicationFilterChain.java:164)
	at org.apache.catalina.core.ApplicationFilterChain.doFilter(ApplicationFilterChain.java:140)
	at org.springframework.web.filter.CharacterEncodingFilter.doFilterInternal(CharacterEncodingFilter.java:201)
	at org.springframework.web.filter.OncePerRequestFilter.doFilter(OncePerRequestFilter.java:116)
	at org.apache.catalina.core.ApplicationFilterChain.internalDoFilter(ApplicationFilterChain.java:164)
	at org.apache.catalina.core.ApplicationFilterChain.doFilter(ApplicationFilterChain.java:140)
	at org.apache.catalina.core.StandardWrapperValve.invoke(StandardWrapperValve.java:167)
	at org.apache.catalina.core.StandardContextValve.invoke(StandardContextValve.java:90)
	at org.apache.catalina.authenticator.AuthenticatorBase.invoke(AuthenticatorBase.java:483)
	at org.apache.catalina.core.StandardHostValve.invoke(StandardHostValve.java:116)
	at org.apache.catalina.valves.ErrorReportValve.invoke(ErrorReportValve.java:93)
	at org.apache.catalina.core.StandardEngineValve.invoke(StandardEngineValve.java:74)
	at org.apache.catalina.connector.CoyoteAdapter.service(CoyoteAdapter.java:344)
	at org.apache.coyote.http11.Http11Processor.service(Http11Processor.java:398)
	at org.apache.coyote.AbstractProcessorLight.process(AbstractProcessorLight.java:63)
	at org.apache.coyote.AbstractProtocol$ConnectionHandler.process(AbstractProtocol.java:903)
	at org.apache.tomcat.util.net.NioEndpoint$SocketProcessor.doRun(NioEndpoint.java:1769)
	at org.apache.tomcat.util.net.SocketProcessorBase.run(SocketProcessorBase.java:52)
	at org.apache.tomcat.util.threads.ThreadPoolExecutor.runWorker(ThreadPoolExecutor.java:1189)
	at org.apache.tomcat.util.threads.ThreadPoolExecutor$Worker.run(ThreadPoolExecutor.java:658)
	at org.apache.tomcat.util.threads.TaskThread$WrappingRunnable.run(TaskThread.java:63)
	at java.base/java.lang.Thread.run(Thread.java:1447)
2025-08-13 01:35:00 [http-nio-8191-exec-3] WARN  o.s.w.s.m.m.a.ExceptionHandlerExceptionResolver - Resolved [org.intics.hermes.exception.HermesException: 400 Bad Request on POST request for "https://intics.elevance.ngrok.dev/alchemy-server/alchemy/api/v2/auth/login": "{"status":"Fail","errorCode":400,"errorMsg":"Error authenticating user SmartIntake, Contact admin","responseTimeStamp":"2025-08-13T01:35:00","payload":{}}"]
2025-08-13 01:35:50 [http-nio-8191-exec-5] INFO  o.i.hermes.controller.AuthController - Login response success for username
2025-08-13 01:35:50 [http-nio-8191-exec-5] INFO  o.intics.hermes.service.AuthService - loginRedirect called with loginSource=PH, username=SmartIntake
2025-08-13 01:35:50 [http-nio-8191-exec-5] INFO  o.intics.hermes.service.AuthService - Forwarding login request to: https://intics.elevance.ngrok.dev/alchemy-server/alchemy/api/v2/auth/login
2025-08-13 01:36:00 [http-nio-8191-exec-6] INFO  o.i.hermes.controller.AuthController - Login response success for username
2025-08-13 01:36:00 [http-nio-8191-exec-6] INFO  o.intics.hermes.service.AuthService - loginRedirect called with loginSource=PH, username=SmartIntake
2025-08-13 01:36:00 [http-nio-8191-exec-6] INFO  o.intics.hermes.service.AuthService - Forwarding login request to: https://intics.elevance.ngrok.dev/alchemy-server/alchemy/api/v2/auth/login
2025-08-13 01:36:00 [http-nio-8191-exec-6] ERROR o.i.h.e.GlobalExceptionHandler - 400 Bad Request on POST request for "https://intics.elevance.ngrok.dev/alchemy-server/alchemy/api/v2/auth/login": "{"status":"Fail","errorCode":400,"errorMsg":"Error authenticating user SmartIntake, Contact admin","responseTimeStamp":"2025-08-13T01:36:00","payload":{}}"
org.intics.hermes.exception.HermesException: 400 Bad Request on POST request for "https://intics.elevance.ngrok.dev/alchemy-server/alchemy/api/v2/auth/login": "{"status":"Fail","errorCode":400,"errorMsg":"Error authenticating user SmartIntake, Contact admin","responseTimeStamp":"2025-08-13T01:36:00","payload":{}}"
	at org.intics.hermes.service.AuthService.loginRedirect(AuthService.java:82)
	at org.intics.hermes.controller.AuthController.loginRedirect(AuthController.java:28)
	at java.base/jdk.internal.reflect.DirectMethodHandleAccessor.invoke(DirectMethodHandleAccessor.java:104)
	at java.base/java.lang.reflect.Method.invoke(Method.java:565)
	at org.springframework.web.method.support.InvocableHandlerMethod.doInvoke(InvocableHandlerMethod.java:258)
	at org.springframework.web.method.support.InvocableHandlerMethod.invokeForRequest(InvocableHandlerMethod.java:191)
	at org.springframework.web.servlet.mvc.method.annotation.ServletInvocableHandlerMethod.invokeAndHandle(ServletInvocableHandlerMethod.java:118)
	at org.springframework.web.servlet.mvc.method.annotation.RequestMappingHandlerAdapter.invokeHandlerMethod(RequestMappingHandlerAdapter.java:991)
	at org.springframework.web.servlet.mvc.method.annotation.RequestMappingHandlerAdapter.handleInternal(RequestMappingHandlerAdapter.java:896)
	at org.springframework.web.servlet.mvc.method.AbstractHandlerMethodAdapter.handle(AbstractHandlerMethodAdapter.java:87)
	at org.springframework.web.servlet.DispatcherServlet.doDispatch(DispatcherServlet.java:1089)
	at org.springframework.web.servlet.DispatcherServlet.doService(DispatcherServlet.java:979)
	at org.springframework.web.servlet.FrameworkServlet.processRequest(FrameworkServlet.java:1014)
	at org.springframework.web.servlet.FrameworkServlet.doPost(FrameworkServlet.java:914)
	at jakarta.servlet.http.HttpServlet.service(HttpServlet.java:590)
	at org.springframework.web.servlet.FrameworkServlet.service(FrameworkServlet.java:885)
	at jakarta.servlet.http.HttpServlet.service(HttpServlet.java:658)
	at org.apache.catalina.core.ApplicationFilterChain.internalDoFilter(ApplicationFilterChain.java:195)
	at org.apache.catalina.core.ApplicationFilterChain.doFilter(ApplicationFilterChain.java:140)
	at org.apache.tomcat.websocket.server.WsFilter.doFilter(WsFilter.java:51)
	at org.apache.catalina.core.ApplicationFilterChain.internalDoFilter(ApplicationFilterChain.java:164)
	at org.apache.catalina.core.ApplicationFilterChain.doFilter(ApplicationFilterChain.java:140)
	at org.springframework.web.filter.RequestContextFilter.doFilterInternal(RequestContextFilter.java:100)
	at org.springframework.web.filter.OncePerRequestFilter.doFilter(OncePerRequestFilter.java:116)
	at org.apache.catalina.core.ApplicationFilterChain.internalDoFilter(ApplicationFilterChain.java:164)
	at org.apache.catalina.core.ApplicationFilterChain.doFilter(ApplicationFilterChain.java:140)
	at org.springframework.web.filter.FormContentFilter.doFilterInternal(FormContentFilter.java:93)
	at org.springframework.web.filter.OncePerRequestFilter.doFilter(OncePerRequestFilter.java:116)
	at org.apache.catalina.core.ApplicationFilterChain.internalDoFilter(ApplicationFilterChain.java:164)
	at org.apache.catalina.core.ApplicationFilterChain.doFilter(ApplicationFilterChain.java:140)
	at org.springframework.web.filter.ServerHttpObservationFilter.doFilterInternal(ServerHttpObservationFilter.java:110)
	at org.springframework.web.filter.OncePerRequestFilter.doFilter(OncePerRequestFilter.java:116)
	at org.apache.catalina.core.ApplicationFilterChain.internalDoFilter(ApplicationFilterChain.java:164)
	at org.apache.catalina.core.ApplicationFilterChain.doFilter(ApplicationFilterChain.java:140)
	at org.springframework.web.filter.CharacterEncodingFilter.doFilterInternal(CharacterEncodingFilter.java:201)
	at org.springframework.web.filter.OncePerRequestFilter.doFilter(OncePerRequestFilter.java:116)
	at org.apache.catalina.core.ApplicationFilterChain.internalDoFilter(ApplicationFilterChain.java:164)
	at org.apache.catalina.core.ApplicationFilterChain.doFilter(ApplicationFilterChain.java:140)
	at org.apache.catalina.core.StandardWrapperValve.invoke(StandardWrapperValve.java:167)
	at org.apache.catalina.core.StandardContextValve.invoke(StandardContextValve.java:90)
	at org.apache.catalina.authenticator.AuthenticatorBase.invoke(AuthenticatorBase.java:483)
	at org.apache.catalina.core.StandardHostValve.invoke(StandardHostValve.java:116)
	at org.apache.catalina.valves.ErrorReportValve.invoke(ErrorReportValve.java:93)
	at org.apache.catalina.core.StandardEngineValve.invoke(StandardEngineValve.java:74)
	at org.apache.catalina.connector.CoyoteAdapter.service(CoyoteAdapter.java:344)
	at org.apache.coyote.http11.Http11Processor.service(Http11Processor.java:398)
	at org.apache.coyote.AbstractProcessorLight.process(AbstractProcessorLight.java:63)
	at org.apache.coyote.AbstractProtocol$ConnectionHandler.process(AbstractProtocol.java:903)
	at org.apache.tomcat.util.net.NioEndpoint$SocketProcessor.doRun(NioEndpoint.java:1769)
	at org.apache.tomcat.util.net.SocketProcessorBase.run(SocketProcessorBase.java:52)
	at org.apache.tomcat.util.threads.ThreadPoolExecutor.runWorker(ThreadPoolExecutor.java:1189)
	at org.apache.tomcat.util.threads.ThreadPoolExecutor$Worker.run(ThreadPoolExecutor.java:658)
	at org.apache.tomcat.util.threads.TaskThread$WrappingRunnable.run(TaskThread.java:63)
	at java.base/java.lang.Thread.run(Thread.java:1447)
2025-08-13 01:36:00 [http-nio-8191-exec-6] WARN  o.s.w.s.m.m.a.ExceptionHandlerExceptionResolver - Resolved [org.intics.hermes.exception.HermesException: 400 Bad Request on POST request for "https://intics.elevance.ngrok.dev/alchemy-server/alchemy/api/v2/auth/login": "{"status":"Fail","errorCode":400,"errorMsg":"Error authenticating user SmartIntake, Contact admin","responseTimeStamp":"2025-08-13T01:36:00","payload":{}}"]
2025-08-13 01:36:28 [SpringApplicationShutdownHook] INFO  o.s.b.w.e.tomcat.GracefulShutdown - Commencing graceful shutdown. Waiting for active requests to complete
2025-08-13 01:36:28 [tomcat-shutdown] INFO  o.s.b.w.e.tomcat.GracefulShutdown - Graceful shutdown complete
2025-08-13 01:36:31 [background-preinit] INFO  o.h.validator.internal.util.Version - HV000001: Hibernate Validator 8.0.2.Final
2025-08-13 01:36:31 [restartedMain] INFO  org.intics.hermes.HermesApplication - Starting HermesApplication using Java 24.0.1 with PID 18016 (/home/roobadharani.deva@zucisystems.com/build/hermes/target/classes started by roobadharani.deva@zucisystems.com in /home/roobadharani.deva@zucisystems.com/build/hermes)
2025-08-13 01:36:31 [restartedMain] INFO  org.intics.hermes.HermesApplication - No active profile set, falling back to 1 default profile: "default"
2025-08-13 01:36:31 [restartedMain] INFO  o.s.b.d.e.DevToolsPropertyDefaultsPostProcessor - Devtools property defaults active! Set 'spring.devtools.add-properties' to 'false' to disable
2025-08-13 01:36:31 [restartedMain] INFO  o.s.b.d.e.DevToolsPropertyDefaultsPostProcessor - For additional web related logging consider setting the 'logging.level.web' property to 'DEBUG'
2025-08-13 01:36:32 [restartedMain] INFO  o.s.b.w.e.tomcat.TomcatWebServer - Tomcat initialized with port 8191 (http)
2025-08-13 01:36:32 [restartedMain] INFO  o.a.coyote.http11.Http11NioProtocol - Initializing ProtocolHandler ["http-nio-8191"]
2025-08-13 01:36:32 [restartedMain] INFO  o.a.catalina.core.StandardService - Starting service [Tomcat]
2025-08-13 01:36:32 [restartedMain] INFO  o.a.catalina.core.StandardEngine - Starting Servlet engine: [Apache Tomcat/10.1.43]
2025-08-13 01:36:32 [restartedMain] INFO  o.a.c.c.C.[.[localhost].[/hermes] - Initializing Spring embedded WebApplicationContext
2025-08-13 01:36:32 [restartedMain] INFO  o.s.b.w.s.c.ServletWebServerApplicationContext - Root WebApplicationContext: initialization completed in 1155 ms
2025-08-13 01:36:33 [restartedMain] INFO  o.s.b.d.a.OptionalLiveReloadServer - LiveReload server is running on port 35729
2025-08-13 01:36:33 [restartedMain] INFO  o.s.b.a.e.web.EndpointLinksResolver - Exposing 1 endpoint beneath base path '/actuator'
2025-08-13 01:36:33 [restartedMain] INFO  o.a.coyote.http11.Http11NioProtocol - Starting ProtocolHandler ["http-nio-8191"]
2025-08-13 01:36:33 [restartedMain] INFO  o.s.b.w.e.tomcat.TomcatWebServer - Tomcat started on port 8191 (http) with context path '/hermes'
2025-08-13 01:36:33 [restartedMain] INFO  org.intics.hermes.HermesApplication - Started HermesApplication in 2.39 seconds (process running for 3.013)
2025-08-13 01:36:36 [http-nio-8191-exec-2] INFO  o.a.c.c.C.[.[localhost].[/hermes] - Initializing Spring DispatcherServlet 'dispatcherServlet'
2025-08-13 01:36:36 [http-nio-8191-exec-2] INFO  o.s.web.servlet.DispatcherServlet - Initializing Servlet 'dispatcherServlet'
2025-08-13 01:36:36 [http-nio-8191-exec-2] INFO  o.s.web.servlet.DispatcherServlet - Completed initialization in 1 ms
2025-08-13 01:36:36 [http-nio-8191-exec-2] INFO  o.i.hermes.controller.AuthController - Login response success for username
2025-08-13 01:36:36 [http-nio-8191-exec-2] INFO  o.intics.hermes.service.AuthService - loginRedirect called with loginSource=PH, username=SmartIntake
2025-08-13 01:36:36 [http-nio-8191-exec-2] INFO  o.intics.hermes.service.AuthService - Forwarding login request to: https://intics.elevance.ngrok.dev/alchemy-server/alchemy/api/v2/auth/login
2025-08-13 01:36:36 [http-nio-8191-exec-2] ERROR o.intics.hermes.service.AuthService - Error from login service: status=400 BAD_REQUEST, body={"status":"Fail","errorCode":400,"errorMsg":"Error authenticating user SmartIntake, Contact admin","responseTimeStamp":"2025-08-13T01:36:36","payload":{}}
2025-08-13 01:36:36 [http-nio-8191-exec-2] WARN  o.intics.hermes.service.AuthService - Failed to parse API error body
2025-08-13 01:36:36 [http-nio-8191-exec-2] ERROR o.i.h.e.GlobalExceptionHandler - {"status":"Fail","errorCode":400,"errorMsg":"Error authenticating user SmartIntake, Contact admin","responseTimeStamp":"2025-08-13T01:36:36","payload":{}}
org.intics.hermes.exception.HermesException: {"status":"Fail","errorCode":400,"errorMsg":"Error authenticating user SmartIntake, Contact admin","responseTimeStamp":"2025-08-13T01:36:36","payload":{}}
	at org.intics.hermes.service.AuthService.handleHttpStatusError(AuthService.java:116)
	at org.intics.hermes.service.AuthService.loginRedirect(AuthService.java:86)
	at org.intics.hermes.controller.AuthController.loginRedirect(AuthController.java:28)
	at java.base/jdk.internal.reflect.DirectMethodHandleAccessor.invoke(DirectMethodHandleAccessor.java:104)
	at java.base/java.lang.reflect.Method.invoke(Method.java:565)
	at org.springframework.web.method.support.InvocableHandlerMethod.doInvoke(InvocableHandlerMethod.java:258)
	at org.springframework.web.method.support.InvocableHandlerMethod.invokeForRequest(InvocableHandlerMethod.java:191)
	at org.springframework.web.servlet.mvc.method.annotation.ServletInvocableHandlerMethod.invokeAndHandle(ServletInvocableHandlerMethod.java:118)
	at org.springframework.web.servlet.mvc.method.annotation.RequestMappingHandlerAdapter.invokeHandlerMethod(RequestMappingHandlerAdapter.java:991)
	at org.springframework.web.servlet.mvc.method.annotation.RequestMappingHandlerAdapter.handleInternal(RequestMappingHandlerAdapter.java:896)
	at org.springframework.web.servlet.mvc.method.AbstractHandlerMethodAdapter.handle(AbstractHandlerMethodAdapter.java:87)
	at org.springframework.web.servlet.DispatcherServlet.doDispatch(DispatcherServlet.java:1089)
	at org.springframework.web.servlet.DispatcherServlet.doService(DispatcherServlet.java:979)
	at org.springframework.web.servlet.FrameworkServlet.processRequest(FrameworkServlet.java:1014)
	at org.springframework.web.servlet.FrameworkServlet.doPost(FrameworkServlet.java:914)
	at jakarta.servlet.http.HttpServlet.service(HttpServlet.java:590)
	at org.springframework.web.servlet.FrameworkServlet.service(FrameworkServlet.java:885)
	at jakarta.servlet.http.HttpServlet.service(HttpServlet.java:658)
	at org.apache.catalina.core.ApplicationFilterChain.internalDoFilter(ApplicationFilterChain.java:195)
	at org.apache.catalina.core.ApplicationFilterChain.doFilter(ApplicationFilterChain.java:140)
	at org.apache.tomcat.websocket.server.WsFilter.doFilter(WsFilter.java:51)
	at org.apache.catalina.core.ApplicationFilterChain.internalDoFilter(ApplicationFilterChain.java:164)
	at org.apache.catalina.core.ApplicationFilterChain.doFilter(ApplicationFilterChain.java:140)
	at org.springframework.web.filter.RequestContextFilter.doFilterInternal(RequestContextFilter.java:100)
	at org.springframework.web.filter.OncePerRequestFilter.doFilter(OncePerRequestFilter.java:116)
	at org.apache.catalina.core.ApplicationFilterChain.internalDoFilter(ApplicationFilterChain.java:164)
	at org.apache.catalina.core.ApplicationFilterChain.doFilter(ApplicationFilterChain.java:140)
	at org.springframework.web.filter.FormContentFilter.doFilterInternal(FormContentFilter.java:93)
	at org.springframework.web.filter.OncePerRequestFilter.doFilter(OncePerRequestFilter.java:116)
	at org.apache.catalina.core.ApplicationFilterChain.internalDoFilter(ApplicationFilterChain.java:164)
	at org.apache.catalina.core.ApplicationFilterChain.doFilter(ApplicationFilterChain.java:140)
	at org.springframework.web.filter.ServerHttpObservationFilter.doFilterInternal(ServerHttpObservationFilter.java:110)
	at org.springframework.web.filter.OncePerRequestFilter.doFilter(OncePerRequestFilter.java:116)
	at org.apache.catalina.core.ApplicationFilterChain.internalDoFilter(ApplicationFilterChain.java:164)
	at org.apache.catalina.core.ApplicationFilterChain.doFilter(ApplicationFilterChain.java:140)
	at org.springframework.web.filter.CharacterEncodingFilter.doFilterInternal(CharacterEncodingFilter.java:201)
	at org.springframework.web.filter.OncePerRequestFilter.doFilter(OncePerRequestFilter.java:116)
	at org.apache.catalina.core.ApplicationFilterChain.internalDoFilter(ApplicationFilterChain.java:164)
	at org.apache.catalina.core.ApplicationFilterChain.doFilter(ApplicationFilterChain.java:140)
	at org.apache.catalina.core.StandardWrapperValve.invoke(StandardWrapperValve.java:167)
	at org.apache.catalina.core.StandardContextValve.invoke(StandardContextValve.java:90)
	at org.apache.catalina.authenticator.AuthenticatorBase.invoke(AuthenticatorBase.java:483)
	at org.apache.catalina.core.StandardHostValve.invoke(StandardHostValve.java:116)
	at org.apache.catalina.valves.ErrorReportValve.invoke(ErrorReportValve.java:93)
	at org.apache.catalina.core.StandardEngineValve.invoke(StandardEngineValve.java:74)
	at org.apache.catalina.connector.CoyoteAdapter.service(CoyoteAdapter.java:344)
	at org.apache.coyote.http11.Http11Processor.service(Http11Processor.java:398)
	at org.apache.coyote.AbstractProcessorLight.process(AbstractProcessorLight.java:63)
	at org.apache.coyote.AbstractProtocol$ConnectionHandler.process(AbstractProtocol.java:903)
	at org.apache.tomcat.util.net.NioEndpoint$SocketProcessor.doRun(NioEndpoint.java:1769)
	at org.apache.tomcat.util.net.SocketProcessorBase.run(SocketProcessorBase.java:52)
	at org.apache.tomcat.util.threads.ThreadPoolExecutor.runWorker(ThreadPoolExecutor.java:1189)
	at org.apache.tomcat.util.threads.ThreadPoolExecutor$Worker.run(ThreadPoolExecutor.java:658)
	at org.apache.tomcat.util.threads.TaskThread$WrappingRunnable.run(TaskThread.java:63)
	at java.base/java.lang.Thread.run(Thread.java:1447)
2025-08-13 01:36:36 [http-nio-8191-exec-2] WARN  o.s.w.s.m.m.a.ExceptionHandlerExceptionResolver - Resolved [org.intics.hermes.exception.HermesException: {"status":"Fail","errorCode":400,"errorMsg":"Error authenticating user SmartIntake, Contact admin","responseTimeStamp":"2025-08-13T01:36:36","payload":{}}]
2025-08-13 01:37:13 [SpringApplicationShutdownHook] INFO  o.s.b.w.e.tomcat.GracefulShutdown - Commencing graceful shutdown. Waiting for active requests to complete
2025-08-13 01:37:13 [tomcat-shutdown] INFO  o.s.b.w.e.tomcat.GracefulShutdown - Graceful shutdown complete
2025-08-13 01:37:14 [background-preinit] INFO  o.h.validator.internal.util.Version - HV000001: Hibernate Validator 8.0.2.Final
2025-08-13 01:37:15 [restartedMain] INFO  org.intics.hermes.HermesApplication - Starting HermesApplication using Java 24.0.1 with PID 18142 (/home/roobadharani.deva@zucisystems.com/build/hermes/target/classes started by roobadharani.deva@zucisystems.com in /home/roobadharani.deva@zucisystems.com/build/hermes)
2025-08-13 01:37:15 [restartedMain] INFO  org.intics.hermes.HermesApplication - No active profile set, falling back to 1 default profile: "default"
2025-08-13 01:37:15 [restartedMain] INFO  o.s.b.d.e.DevToolsPropertyDefaultsPostProcessor - Devtools property defaults active! Set 'spring.devtools.add-properties' to 'false' to disable
2025-08-13 01:37:15 [restartedMain] INFO  o.s.b.d.e.DevToolsPropertyDefaultsPostProcessor - For additional web related logging consider setting the 'logging.level.web' property to 'DEBUG'
2025-08-13 01:37:16 [restartedMain] INFO  o.s.b.w.e.tomcat.TomcatWebServer - Tomcat initialized with port 8191 (http)
2025-08-13 01:37:16 [restartedMain] INFO  o.a.coyote.http11.Http11NioProtocol - Initializing ProtocolHandler ["http-nio-8191"]
2025-08-13 01:37:16 [restartedMain] INFO  o.a.catalina.core.StandardService - Starting service [Tomcat]
2025-08-13 01:37:16 [restartedMain] INFO  o.a.catalina.core.StandardEngine - Starting Servlet engine: [Apache Tomcat/10.1.43]
2025-08-13 01:37:16 [restartedMain] INFO  o.a.c.c.C.[.[localhost].[/hermes] - Initializing Spring embedded WebApplicationContext
2025-08-13 01:37:16 [restartedMain] INFO  o.s.b.w.s.c.ServletWebServerApplicationContext - Root WebApplicationContext: initialization completed in 1243 ms
2025-08-13 01:37:17 [restartedMain] INFO  o.s.b.d.a.OptionalLiveReloadServer - LiveReload server is running on port 35729
2025-08-13 01:37:17 [restartedMain] INFO  o.s.b.a.e.web.EndpointLinksResolver - Exposing 1 endpoint beneath base path '/actuator'
2025-08-13 01:37:17 [restartedMain] INFO  o.a.coyote.http11.Http11NioProtocol - Starting ProtocolHandler ["http-nio-8191"]
2025-08-13 01:37:17 [restartedMain] INFO  o.s.b.w.e.tomcat.TomcatWebServer - Tomcat started on port 8191 (http) with context path '/hermes'
2025-08-13 01:37:17 [restartedMain] INFO  org.intics.hermes.HermesApplication - Started HermesApplication in 2.612 seconds (process running for 3.34)
2025-08-13 01:37:21 [http-nio-8191-exec-1] INFO  o.a.c.c.C.[.[localhost].[/hermes] - Initializing Spring DispatcherServlet 'dispatcherServlet'
2025-08-13 01:37:21 [http-nio-8191-exec-1] INFO  o.s.web.servlet.DispatcherServlet - Initializing Servlet 'dispatcherServlet'
2025-08-13 01:37:21 [http-nio-8191-exec-1] INFO  o.s.web.servlet.DispatcherServlet - Completed initialization in 1 ms
2025-08-13 01:37:22 [http-nio-8191-exec-1] INFO  o.i.hermes.controller.AuthController - Login response success for username
2025-08-13 01:37:22 [http-nio-8191-exec-1] INFO  o.intics.hermes.service.AuthService - loginRedirect called with loginSource=PH, username=SmartIntake
2025-08-13 01:37:22 [http-nio-8191-exec-1] INFO  o.intics.hermes.service.AuthService - Forwarding login request to: https://intics.elevance.ngrok.dev/alchemy-server/alchemy/api/v2/auth/login
2025-08-13 01:37:22 [http-nio-8191-exec-1] ERROR o.intics.hermes.service.AuthService - Error from login service: status=400 BAD_REQUEST, body={"status":"Fail","errorCode":400,"errorMsg":"Error authenticating user SmartIntake, Contact admin","responseTimeStamp":"2025-08-13T01:37:22","payload":{}}
2025-08-13 01:37:22 [http-nio-8191-exec-1] WARN  o.intics.hermes.service.AuthService - Failed to parse API error body
2025-08-13 01:37:22 [http-nio-8191-exec-1] ERROR o.i.h.e.GlobalExceptionHandler - {"status":"Fail","errorCode":400,"errorMsg":"Error authenticating user SmartIntake, Contact admin","responseTimeStamp":"2025-08-13T01:37:22","payload":{}}
org.intics.hermes.exception.HermesException: {"status":"Fail","errorCode":400,"errorMsg":"Error authenticating user SmartIntake, Contact admin","responseTimeStamp":"2025-08-13T01:37:22","payload":{}}
	at org.intics.hermes.service.AuthService.handleHttpStatusError(AuthService.java:116)
	at org.intics.hermes.service.AuthService.loginRedirect(AuthService.java:86)
	at org.intics.hermes.controller.AuthController.loginRedirect(AuthController.java:28)
	at java.base/jdk.internal.reflect.DirectMethodHandleAccessor.invoke(DirectMethodHandleAccessor.java:104)
	at java.base/java.lang.reflect.Method.invoke(Method.java:565)
	at org.springframework.web.method.support.InvocableHandlerMethod.doInvoke(InvocableHandlerMethod.java:258)
	at org.springframework.web.method.support.InvocableHandlerMethod.invokeForRequest(InvocableHandlerMethod.java:191)
	at org.springframework.web.servlet.mvc.method.annotation.ServletInvocableHandlerMethod.invokeAndHandle(ServletInvocableHandlerMethod.java:118)
	at org.springframework.web.servlet.mvc.method.annotation.RequestMappingHandlerAdapter.invokeHandlerMethod(RequestMappingHandlerAdapter.java:991)
	at org.springframework.web.servlet.mvc.method.annotation.RequestMappingHandlerAdapter.handleInternal(RequestMappingHandlerAdapter.java:896)
	at org.springframework.web.servlet.mvc.method.AbstractHandlerMethodAdapter.handle(AbstractHandlerMethodAdapter.java:87)
	at org.springframework.web.servlet.DispatcherServlet.doDispatch(DispatcherServlet.java:1089)
	at org.springframework.web.servlet.DispatcherServlet.doService(DispatcherServlet.java:979)
	at org.springframework.web.servlet.FrameworkServlet.processRequest(FrameworkServlet.java:1014)
	at org.springframework.web.servlet.FrameworkServlet.doPost(FrameworkServlet.java:914)
	at jakarta.servlet.http.HttpServlet.service(HttpServlet.java:590)
	at org.springframework.web.servlet.FrameworkServlet.service(FrameworkServlet.java:885)
	at jakarta.servlet.http.HttpServlet.service(HttpServlet.java:658)
	at org.apache.catalina.core.ApplicationFilterChain.internalDoFilter(ApplicationFilterChain.java:195)
	at org.apache.catalina.core.ApplicationFilterChain.doFilter(ApplicationFilterChain.java:140)
	at org.apache.tomcat.websocket.server.WsFilter.doFilter(WsFilter.java:51)
	at org.apache.catalina.core.ApplicationFilterChain.internalDoFilter(ApplicationFilterChain.java:164)
	at org.apache.catalina.core.ApplicationFilterChain.doFilter(ApplicationFilterChain.java:140)
	at org.springframework.web.filter.RequestContextFilter.doFilterInternal(RequestContextFilter.java:100)
	at org.springframework.web.filter.OncePerRequestFilter.doFilter(OncePerRequestFilter.java:116)
	at org.apache.catalina.core.ApplicationFilterChain.internalDoFilter(ApplicationFilterChain.java:164)
	at org.apache.catalina.core.ApplicationFilterChain.doFilter(ApplicationFilterChain.java:140)
	at org.springframework.web.filter.FormContentFilter.doFilterInternal(FormContentFilter.java:93)
	at org.springframework.web.filter.OncePerRequestFilter.doFilter(OncePerRequestFilter.java:116)
	at org.apache.catalina.core.ApplicationFilterChain.internalDoFilter(ApplicationFilterChain.java:164)
	at org.apache.catalina.core.ApplicationFilterChain.doFilter(ApplicationFilterChain.java:140)
	at org.springframework.web.filter.ServerHttpObservationFilter.doFilterInternal(ServerHttpObservationFilter.java:110)
	at org.springframework.web.filter.OncePerRequestFilter.doFilter(OncePerRequestFilter.java:116)
	at org.apache.catalina.core.ApplicationFilterChain.internalDoFilter(ApplicationFilterChain.java:164)
	at org.apache.catalina.core.ApplicationFilterChain.doFilter(ApplicationFilterChain.java:140)
	at org.springframework.web.filter.CharacterEncodingFilter.doFilterInternal(CharacterEncodingFilter.java:201)
	at org.springframework.web.filter.OncePerRequestFilter.doFilter(OncePerRequestFilter.java:116)
	at org.apache.catalina.core.ApplicationFilterChain.internalDoFilter(ApplicationFilterChain.java:164)
	at org.apache.catalina.core.ApplicationFilterChain.doFilter(ApplicationFilterChain.java:140)
	at org.apache.catalina.core.StandardWrapperValve.invoke(StandardWrapperValve.java:167)
	at org.apache.catalina.core.StandardContextValve.invoke(StandardContextValve.java:90)
	at org.apache.catalina.authenticator.AuthenticatorBase.invoke(AuthenticatorBase.java:483)
	at org.apache.catalina.core.StandardHostValve.invoke(StandardHostValve.java:116)
	at org.apache.catalina.valves.ErrorReportValve.invoke(ErrorReportValve.java:93)
	at org.apache.catalina.core.StandardEngineValve.invoke(StandardEngineValve.java:74)
	at org.apache.catalina.connector.CoyoteAdapter.service(CoyoteAdapter.java:344)
	at org.apache.coyote.http11.Http11Processor.service(Http11Processor.java:398)
	at org.apache.coyote.AbstractProcessorLight.process(AbstractProcessorLight.java:63)
	at org.apache.coyote.AbstractProtocol$ConnectionHandler.process(AbstractProtocol.java:903)
	at org.apache.tomcat.util.net.NioEndpoint$SocketProcessor.doRun(NioEndpoint.java:1769)
	at org.apache.tomcat.util.net.SocketProcessorBase.run(SocketProcessorBase.java:52)
	at org.apache.tomcat.util.threads.ThreadPoolExecutor.runWorker(ThreadPoolExecutor.java:1189)
	at org.apache.tomcat.util.threads.ThreadPoolExecutor$Worker.run(ThreadPoolExecutor.java:658)
	at org.apache.tomcat.util.threads.TaskThread$WrappingRunnable.run(TaskThread.java:63)
	at java.base/java.lang.Thread.run(Thread.java:1447)
2025-08-13 01:37:22 [http-nio-8191-exec-1] WARN  o.s.w.s.m.m.a.ExceptionHandlerExceptionResolver - Resolved [org.intics.hermes.exception.HermesException: {"status":"Fail","errorCode":400,"errorMsg":"Error authenticating user SmartIntake, Contact admin","responseTimeStamp":"2025-08-13T01:37:22","payload":{}}]
2025-08-13 01:39:31 [SpringApplicationShutdownHook] INFO  o.s.b.w.e.tomcat.GracefulShutdown - Commencing graceful shutdown. Waiting for active requests to complete
2025-08-13 01:39:31 [tomcat-shutdown] INFO  o.s.b.w.e.tomcat.GracefulShutdown - Graceful shutdown complete
2025-08-13 01:39:34 [background-preinit] INFO  o.h.validator.internal.util.Version - HV000001: Hibernate Validator 8.0.2.Final
2025-08-13 01:39:34 [restartedMain] INFO  org.intics.hermes.HermesApplication - Starting HermesApplication using Java 24.0.1 with PID 18304 (/home/roobadharani.deva@zucisystems.com/build/hermes/target/classes started by roobadharani.deva@zucisystems.com in /home/roobadharani.deva@zucisystems.com/build/hermes)
2025-08-13 01:39:34 [restartedMain] INFO  org.intics.hermes.HermesApplication - No active profile set, falling back to 1 default profile: "default"
2025-08-13 01:39:34 [restartedMain] INFO  o.s.b.d.e.DevToolsPropertyDefaultsPostProcessor - Devtools property defaults active! Set 'spring.devtools.add-properties' to 'false' to disable
2025-08-13 01:39:34 [restartedMain] INFO  o.s.b.d.e.DevToolsPropertyDefaultsPostProcessor - For additional web related logging consider setting the 'logging.level.web' property to 'DEBUG'
2025-08-13 01:39:35 [restartedMain] INFO  o.s.b.w.e.tomcat.TomcatWebServer - Tomcat initialized with port 8191 (http)
2025-08-13 01:39:35 [restartedMain] INFO  o.a.coyote.http11.Http11NioProtocol - Initializing ProtocolHandler ["http-nio-8191"]
2025-08-13 01:39:35 [restartedMain] INFO  o.a.catalina.core.StandardService - Starting service [Tomcat]
2025-08-13 01:39:35 [restartedMain] INFO  o.a.catalina.core.StandardEngine - Starting Servlet engine: [Apache Tomcat/10.1.43]
2025-08-13 01:39:35 [restartedMain] INFO  o.a.c.c.C.[.[localhost].[/hermes] - Initializing Spring embedded WebApplicationContext
2025-08-13 01:39:35 [restartedMain] INFO  o.s.b.w.s.c.ServletWebServerApplicationContext - Root WebApplicationContext: initialization completed in 1225 ms
2025-08-13 01:39:36 [restartedMain] INFO  o.s.b.d.a.OptionalLiveReloadServer - LiveReload server is running on port 35729
2025-08-13 01:39:36 [restartedMain] INFO  o.s.b.a.e.web.EndpointLinksResolver - Exposing 1 endpoint beneath base path '/actuator'
2025-08-13 01:39:36 [restartedMain] INFO  o.a.coyote.http11.Http11NioProtocol - Starting ProtocolHandler ["http-nio-8191"]
2025-08-13 01:39:36 [restartedMain] INFO  o.s.b.w.e.tomcat.TomcatWebServer - Tomcat started on port 8191 (http) with context path '/hermes'
2025-08-13 01:39:36 [restartedMain] INFO  org.intics.hermes.HermesApplication - Started HermesApplication in 2.599 seconds (process running for 3.252)
2025-08-13 01:39:41 [http-nio-8191-exec-2] INFO  o.a.c.c.C.[.[localhost].[/hermes] - Initializing Spring DispatcherServlet 'dispatcherServlet'
2025-08-13 01:39:41 [http-nio-8191-exec-2] INFO  o.s.web.servlet.DispatcherServlet - Initializing Servlet 'dispatcherServlet'
2025-08-13 01:39:41 [http-nio-8191-exec-2] INFO  o.s.web.servlet.DispatcherServlet - Completed initialization in 1 ms
2025-08-13 01:39:41 [http-nio-8191-exec-2] INFO  o.i.hermes.controller.AuthController - Login response success for username
2025-08-13 01:39:41 [http-nio-8191-exec-2] INFO  o.intics.hermes.service.AuthService - loginRedirect called with loginSource=PH, username=SmartIntake
2025-08-13 01:39:41 [http-nio-8191-exec-2] INFO  o.intics.hermes.service.AuthService - Forwarding login request to: https://intics.elevance.ngrok.dev/alchemy-server/alchemy/api/v2/auth/login
2025-08-13 01:39:47 [http-nio-8191-exec-2] ERROR o.i.h.e.GlobalExceptionHandler - 400 Bad Request on POST request for "https://intics.elevance.ngrok.dev/alchemy-server/alchemy/api/v2/auth/login": "{"status":"Fail","errorCode":400,"errorMsg":"Error authenticating user SmartIntake, Contact admin","responseTimeStamp":"2025-08-13T01:39:47","payload":{}}"
org.intics.hermes.exception.HermesException: 400 Bad Request on POST request for "https://intics.elevance.ngrok.dev/alchemy-server/alchemy/api/v2/auth/login": "{"status":"Fail","errorCode":400,"errorMsg":"Error authenticating user SmartIntake, Contact admin","responseTimeStamp":"2025-08-13T01:39:47","payload":{}}"
	at org.intics.hermes.service.AuthService.loginRedirect(AuthService.java:82)
	at org.intics.hermes.controller.AuthController.loginRedirect(AuthController.java:28)
	at java.base/jdk.internal.reflect.DirectMethodHandleAccessor.invoke(DirectMethodHandleAccessor.java:104)
	at java.base/java.lang.reflect.Method.invoke(Method.java:565)
	at org.springframework.web.method.support.InvocableHandlerMethod.doInvoke(InvocableHandlerMethod.java:258)
	at org.springframework.web.method.support.InvocableHandlerMethod.invokeForRequest(InvocableHandlerMethod.java:191)
	at org.springframework.web.servlet.mvc.method.annotation.ServletInvocableHandlerMethod.invokeAndHandle(ServletInvocableHandlerMethod.java:118)
	at org.springframework.web.servlet.mvc.method.annotation.RequestMappingHandlerAdapter.invokeHandlerMethod(RequestMappingHandlerAdapter.java:991)
	at org.springframework.web.servlet.mvc.method.annotation.RequestMappingHandlerAdapter.handleInternal(RequestMappingHandlerAdapter.java:896)
	at org.springframework.web.servlet.mvc.method.AbstractHandlerMethodAdapter.handle(AbstractHandlerMethodAdapter.java:87)
	at org.springframework.web.servlet.DispatcherServlet.doDispatch(DispatcherServlet.java:1089)
	at org.springframework.web.servlet.DispatcherServlet.doService(DispatcherServlet.java:979)
	at org.springframework.web.servlet.FrameworkServlet.processRequest(FrameworkServlet.java:1014)
	at org.springframework.web.servlet.FrameworkServlet.doPost(FrameworkServlet.java:914)
	at jakarta.servlet.http.HttpServlet.service(HttpServlet.java:590)
	at org.springframework.web.servlet.FrameworkServlet.service(FrameworkServlet.java:885)
	at jakarta.servlet.http.HttpServlet.service(HttpServlet.java:658)
	at org.apache.catalina.core.ApplicationFilterChain.internalDoFilter(ApplicationFilterChain.java:195)
	at org.apache.catalina.core.ApplicationFilterChain.doFilter(ApplicationFilterChain.java:140)
	at org.apache.tomcat.websocket.server.WsFilter.doFilter(WsFilter.java:51)
	at org.apache.catalina.core.ApplicationFilterChain.internalDoFilter(ApplicationFilterChain.java:164)
	at org.apache.catalina.core.ApplicationFilterChain.doFilter(ApplicationFilterChain.java:140)
	at org.springframework.web.filter.RequestContextFilter.doFilterInternal(RequestContextFilter.java:100)
	at org.springframework.web.filter.OncePerRequestFilter.doFilter(OncePerRequestFilter.java:116)
	at org.apache.catalina.core.ApplicationFilterChain.internalDoFilter(ApplicationFilterChain.java:164)
	at org.apache.catalina.core.ApplicationFilterChain.doFilter(ApplicationFilterChain.java:140)
	at org.springframework.web.filter.FormContentFilter.doFilterInternal(FormContentFilter.java:93)
	at org.springframework.web.filter.OncePerRequestFilter.doFilter(OncePerRequestFilter.java:116)
	at org.apache.catalina.core.ApplicationFilterChain.internalDoFilter(ApplicationFilterChain.java:164)
	at org.apache.catalina.core.ApplicationFilterChain.doFilter(ApplicationFilterChain.java:140)
	at org.springframework.web.filter.ServerHttpObservationFilter.doFilterInternal(ServerHttpObservationFilter.java:110)
	at org.springframework.web.filter.OncePerRequestFilter.doFilter(OncePerRequestFilter.java:116)
	at org.apache.catalina.core.ApplicationFilterChain.internalDoFilter(ApplicationFilterChain.java:164)
	at org.apache.catalina.core.ApplicationFilterChain.doFilter(ApplicationFilterChain.java:140)
	at org.springframework.web.filter.CharacterEncodingFilter.doFilterInternal(CharacterEncodingFilter.java:201)
	at org.springframework.web.filter.OncePerRequestFilter.doFilter(OncePerRequestFilter.java:116)
	at org.apache.catalina.core.ApplicationFilterChain.internalDoFilter(ApplicationFilterChain.java:164)
	at org.apache.catalina.core.ApplicationFilterChain.doFilter(ApplicationFilterChain.java:140)
	at org.apache.catalina.core.StandardWrapperValve.invoke(StandardWrapperValve.java:167)
	at org.apache.catalina.core.StandardContextValve.invoke(StandardContextValve.java:90)
	at org.apache.catalina.authenticator.AuthenticatorBase.invoke(AuthenticatorBase.java:483)
	at org.apache.catalina.core.StandardHostValve.invoke(StandardHostValve.java:116)
	at org.apache.catalina.valves.ErrorReportValve.invoke(ErrorReportValve.java:93)
	at org.apache.catalina.core.StandardEngineValve.invoke(StandardEngineValve.java:74)
	at org.apache.catalina.connector.CoyoteAdapter.service(CoyoteAdapter.java:344)
	at org.apache.coyote.http11.Http11Processor.service(Http11Processor.java:398)
	at org.apache.coyote.AbstractProcessorLight.process(AbstractProcessorLight.java:63)
	at org.apache.coyote.AbstractProtocol$ConnectionHandler.process(AbstractProtocol.java:903)
	at org.apache.tomcat.util.net.NioEndpoint$SocketProcessor.doRun(NioEndpoint.java:1769)
	at org.apache.tomcat.util.net.SocketProcessorBase.run(SocketProcessorBase.java:52)
	at org.apache.tomcat.util.threads.ThreadPoolExecutor.runWorker(ThreadPoolExecutor.java:1189)
	at org.apache.tomcat.util.threads.ThreadPoolExecutor$Worker.run(ThreadPoolExecutor.java:658)
	at org.apache.tomcat.util.threads.TaskThread$WrappingRunnable.run(TaskThread.java:63)
	at java.base/java.lang.Thread.run(Thread.java:1447)
2025-08-13 01:39:47 [http-nio-8191-exec-2] WARN  o.s.w.s.m.m.a.ExceptionHandlerExceptionResolver - Resolved [org.intics.hermes.exception.HermesException: 400 Bad Request on POST request for "https://intics.elevance.ngrok.dev/alchemy-server/alchemy/api/v2/auth/login": "{"status":"Fail","errorCode":400,"errorMsg":"Error authenticating user SmartIntake, Contact admin","responseTimeStamp":"2025-08-13T01:39:47","payload":{}}"]
2025-08-13 01:41:50 [SpringApplicationShutdownHook] INFO  o.s.b.w.e.tomcat.GracefulShutdown - Commencing graceful shutdown. Waiting for active requests to complete
2025-08-13 01:41:50 [tomcat-shutdown] INFO  o.s.b.w.e.tomcat.GracefulShutdown - Graceful shutdown complete
2025-08-13 01:41:52 [background-preinit] INFO  o.h.validator.internal.util.Version - HV000001: Hibernate Validator 8.0.2.Final
2025-08-13 01:41:52 [restartedMain] INFO  org.intics.hermes.HermesApplication - Starting HermesApplication using Java 24.0.1 with PID 18468 (/home/roobadharani.deva@zucisystems.com/build/hermes/target/classes started by roobadharani.deva@zucisystems.com in /home/roobadharani.deva@zucisystems.com/build/hermes)
2025-08-13 01:41:52 [restartedMain] INFO  org.intics.hermes.HermesApplication - No active profile set, falling back to 1 default profile: "default"
2025-08-13 01:41:52 [restartedMain] INFO  o.s.b.d.e.DevToolsPropertyDefaultsPostProcessor - Devtools property defaults active! Set 'spring.devtools.add-properties' to 'false' to disable
2025-08-13 01:41:52 [restartedMain] INFO  o.s.b.d.e.DevToolsPropertyDefaultsPostProcessor - For additional web related logging consider setting the 'logging.level.web' property to 'DEBUG'
2025-08-13 01:41:53 [restartedMain] INFO  o.s.b.w.e.tomcat.TomcatWebServer - Tomcat initialized with port 8191 (http)
2025-08-13 01:41:53 [restartedMain] INFO  o.a.coyote.http11.Http11NioProtocol - Initializing ProtocolHandler ["http-nio-8191"]
2025-08-13 01:41:53 [restartedMain] INFO  o.a.catalina.core.StandardService - Starting service [Tomcat]
2025-08-13 01:41:53 [restartedMain] INFO  o.a.catalina.core.StandardEngine - Starting Servlet engine: [Apache Tomcat/10.1.43]
2025-08-13 01:41:53 [restartedMain] INFO  o.a.c.c.C.[.[localhost].[/hermes] - Initializing Spring embedded WebApplicationContext
2025-08-13 01:41:53 [restartedMain] INFO  o.s.b.w.s.c.ServletWebServerApplicationContext - Root WebApplicationContext: initialization completed in 1495 ms
2025-08-13 01:41:54 [restartedMain] INFO  o.s.b.d.a.OptionalLiveReloadServer - LiveReload server is running on port 35729
2025-08-13 01:41:54 [restartedMain] INFO  o.s.b.a.e.web.EndpointLinksResolver - Exposing 1 endpoint beneath base path '/actuator'
2025-08-13 01:41:54 [restartedMain] INFO  o.a.coyote.http11.Http11NioProtocol - Starting ProtocolHandler ["http-nio-8191"]
2025-08-13 01:41:54 [restartedMain] INFO  o.s.b.w.e.tomcat.TomcatWebServer - Tomcat started on port 8191 (http) with context path '/hermes'
2025-08-13 01:41:54 [restartedMain] INFO  org.intics.hermes.HermesApplication - Started HermesApplication in 2.805 seconds (process running for 3.526)
2025-08-13 01:42:06 [http-nio-8191-exec-2] INFO  o.a.c.c.C.[.[localhost].[/hermes] - Initializing Spring DispatcherServlet 'dispatcherServlet'
2025-08-13 01:42:06 [http-nio-8191-exec-2] INFO  o.s.web.servlet.DispatcherServlet - Initializing Servlet 'dispatcherServlet'
2025-08-13 01:42:06 [http-nio-8191-exec-2] INFO  o.s.web.servlet.DispatcherServlet - Completed initialization in 1 ms
2025-08-13 01:42:06 [http-nio-8191-exec-2] INFO  o.i.hermes.controller.AuthController - Login response success for username
2025-08-13 01:42:06 [http-nio-8191-exec-2] INFO  o.intics.hermes.service.AuthService - loginRedirect called with loginSource=PH, username=SmartIntake
2025-08-13 01:42:06 [http-nio-8191-exec-2] INFO  o.intics.hermes.service.AuthService - Forwarding login request to: https://intics.elevance.ngrok.dev/alchemy-server/alchemy/api/v2/auth/login
2025-08-13 01:42:07 [http-nio-8191-exec-2] ERROR o.i.h.e.GlobalExceptionHandler - 400 Bad Request on POST request for "https://intics.elevance.ngrok.dev/alchemy-server/alchemy/api/v2/auth/login": "{"status":"Fail","errorCode":400,"errorMsg":"Error authenticating user SmartIntake, Contact admin","responseTimeStamp":"2025-08-13T01:42:06","payload":{}}"
org.intics.hermes.exception.HermesException: 400 Bad Request on POST request for "https://intics.elevance.ngrok.dev/alchemy-server/alchemy/api/v2/auth/login": "{"status":"Fail","errorCode":400,"errorMsg":"Error authenticating user SmartIntake, Contact admin","responseTimeStamp":"2025-08-13T01:42:06","payload":{}}"
	at org.intics.hermes.service.AuthService.loginRedirect(AuthService.java:82)
	at org.intics.hermes.controller.AuthController.loginRedirect(AuthController.java:28)
	at java.base/jdk.internal.reflect.DirectMethodHandleAccessor.invoke(DirectMethodHandleAccessor.java:104)
	at java.base/java.lang.reflect.Method.invoke(Method.java:565)
	at org.springframework.web.method.support.InvocableHandlerMethod.doInvoke(InvocableHandlerMethod.java:258)
	at org.springframework.web.method.support.InvocableHandlerMethod.invokeForRequest(InvocableHandlerMethod.java:191)
	at org.springframework.web.servlet.mvc.method.annotation.ServletInvocableHandlerMethod.invokeAndHandle(ServletInvocableHandlerMethod.java:118)
	at org.springframework.web.servlet.mvc.method.annotation.RequestMappingHandlerAdapter.invokeHandlerMethod(RequestMappingHandlerAdapter.java:991)
	at org.springframework.web.servlet.mvc.method.annotation.RequestMappingHandlerAdapter.handleInternal(RequestMappingHandlerAdapter.java:896)
	at org.springframework.web.servlet.mvc.method.AbstractHandlerMethodAdapter.handle(AbstractHandlerMethodAdapter.java:87)
	at org.springframework.web.servlet.DispatcherServlet.doDispatch(DispatcherServlet.java:1089)
	at org.springframework.web.servlet.DispatcherServlet.doService(DispatcherServlet.java:979)
	at org.springframework.web.servlet.FrameworkServlet.processRequest(FrameworkServlet.java:1014)
	at org.springframework.web.servlet.FrameworkServlet.doPost(FrameworkServlet.java:914)
	at jakarta.servlet.http.HttpServlet.service(HttpServlet.java:590)
	at org.springframework.web.servlet.FrameworkServlet.service(FrameworkServlet.java:885)
	at jakarta.servlet.http.HttpServlet.service(HttpServlet.java:658)
	at org.apache.catalina.core.ApplicationFilterChain.internalDoFilter(ApplicationFilterChain.java:195)
	at org.apache.catalina.core.ApplicationFilterChain.doFilter(ApplicationFilterChain.java:140)
	at org.apache.tomcat.websocket.server.WsFilter.doFilter(WsFilter.java:51)
	at org.apache.catalina.core.ApplicationFilterChain.internalDoFilter(ApplicationFilterChain.java:164)
	at org.apache.catalina.core.ApplicationFilterChain.doFilter(ApplicationFilterChain.java:140)
	at org.springframework.web.filter.RequestContextFilter.doFilterInternal(RequestContextFilter.java:100)
	at org.springframework.web.filter.OncePerRequestFilter.doFilter(OncePerRequestFilter.java:116)
	at org.apache.catalina.core.ApplicationFilterChain.internalDoFilter(ApplicationFilterChain.java:164)
	at org.apache.catalina.core.ApplicationFilterChain.doFilter(ApplicationFilterChain.java:140)
	at org.springframework.web.filter.FormContentFilter.doFilterInternal(FormContentFilter.java:93)
	at org.springframework.web.filter.OncePerRequestFilter.doFilter(OncePerRequestFilter.java:116)
	at org.apache.catalina.core.ApplicationFilterChain.internalDoFilter(ApplicationFilterChain.java:164)
	at org.apache.catalina.core.ApplicationFilterChain.doFilter(ApplicationFilterChain.java:140)
	at org.springframework.web.filter.ServerHttpObservationFilter.doFilterInternal(ServerHttpObservationFilter.java:110)
	at org.springframework.web.filter.OncePerRequestFilter.doFilter(OncePerRequestFilter.java:116)
	at org.apache.catalina.core.ApplicationFilterChain.internalDoFilter(ApplicationFilterChain.java:164)
	at org.apache.catalina.core.ApplicationFilterChain.doFilter(ApplicationFilterChain.java:140)
	at org.springframework.web.filter.CharacterEncodingFilter.doFilterInternal(CharacterEncodingFilter.java:201)
	at org.springframework.web.filter.OncePerRequestFilter.doFilter(OncePerRequestFilter.java:116)
	at org.apache.catalina.core.ApplicationFilterChain.internalDoFilter(ApplicationFilterChain.java:164)
	at org.apache.catalina.core.ApplicationFilterChain.doFilter(ApplicationFilterChain.java:140)
	at org.apache.catalina.core.StandardWrapperValve.invoke(StandardWrapperValve.java:167)
	at org.apache.catalina.core.StandardContextValve.invoke(StandardContextValve.java:90)
	at org.apache.catalina.authenticator.AuthenticatorBase.invoke(AuthenticatorBase.java:483)
	at org.apache.catalina.core.StandardHostValve.invoke(StandardHostValve.java:116)
	at org.apache.catalina.valves.ErrorReportValve.invoke(ErrorReportValve.java:93)
	at org.apache.catalina.core.StandardEngineValve.invoke(StandardEngineValve.java:74)
	at org.apache.catalina.connector.CoyoteAdapter.service(CoyoteAdapter.java:344)
	at org.apache.coyote.http11.Http11Processor.service(Http11Processor.java:398)
	at org.apache.coyote.AbstractProcessorLight.process(AbstractProcessorLight.java:63)
	at org.apache.coyote.AbstractProtocol$ConnectionHandler.process(AbstractProtocol.java:903)
	at org.apache.tomcat.util.net.NioEndpoint$SocketProcessor.doRun(NioEndpoint.java:1769)
	at org.apache.tomcat.util.net.SocketProcessorBase.run(SocketProcessorBase.java:52)
	at org.apache.tomcat.util.threads.ThreadPoolExecutor.runWorker(ThreadPoolExecutor.java:1189)
	at org.apache.tomcat.util.threads.ThreadPoolExecutor$Worker.run(ThreadPoolExecutor.java:658)
	at org.apache.tomcat.util.threads.TaskThread$WrappingRunnable.run(TaskThread.java:63)
	at java.base/java.lang.Thread.run(Thread.java:1447)
2025-08-13 01:42:07 [http-nio-8191-exec-2] WARN  o.s.w.s.m.m.a.ExceptionHandlerExceptionResolver - Resolved [org.intics.hermes.exception.HermesException: 400 Bad Request on POST request for "https://intics.elevance.ngrok.dev/alchemy-server/alchemy/api/v2/auth/login": "{"status":"Fail","errorCode":400,"errorMsg":"Error authenticating user SmartIntake, Contact admin","responseTimeStamp":"2025-08-13T01:42:06","payload":{}}"]
2025-08-13 01:44:04 [SpringApplicationShutdownHook] INFO  o.s.b.w.e.tomcat.GracefulShutdown - Commencing graceful shutdown. Waiting for active requests to complete
2025-08-13 01:44:04 [tomcat-shutdown] INFO  o.s.b.w.e.tomcat.GracefulShutdown - Graceful shutdown complete
2025-08-13 01:44:07 [background-preinit] INFO  o.h.validator.internal.util.Version - HV000001: Hibernate Validator 8.0.2.Final
2025-08-13 01:44:07 [restartedMain] INFO  org.intics.hermes.HermesApplication - Starting HermesApplication using Java 24.0.1 with PID 18634 (/home/roobadharani.deva@zucisystems.com/build/hermes/target/classes started by roobadharani.deva@zucisystems.com in /home/roobadharani.deva@zucisystems.com/build/hermes)
2025-08-13 01:44:07 [restartedMain] INFO  org.intics.hermes.HermesApplication - No active profile set, falling back to 1 default profile: "default"
2025-08-13 01:44:07 [restartedMain] INFO  o.s.b.d.e.DevToolsPropertyDefaultsPostProcessor - Devtools property defaults active! Set 'spring.devtools.add-properties' to 'false' to disable
2025-08-13 01:44:07 [restartedMain] INFO  o.s.b.d.e.DevToolsPropertyDefaultsPostProcessor - For additional web related logging consider setting the 'logging.level.web' property to 'DEBUG'
2025-08-13 01:44:08 [restartedMain] INFO  o.s.b.w.e.tomcat.TomcatWebServer - Tomcat initialized with port 8191 (http)
2025-08-13 01:44:08 [restartedMain] INFO  o.a.coyote.http11.Http11NioProtocol - Initializing ProtocolHandler ["http-nio-8191"]
2025-08-13 01:44:08 [restartedMain] INFO  o.a.catalina.core.StandardService - Starting service [Tomcat]
2025-08-13 01:44:08 [restartedMain] INFO  o.a.catalina.core.StandardEngine - Starting Servlet engine: [Apache Tomcat/10.1.43]
2025-08-13 01:44:08 [restartedMain] INFO  o.a.c.c.C.[.[localhost].[/hermes] - Initializing Spring embedded WebApplicationContext
2025-08-13 01:44:08 [restartedMain] INFO  o.s.b.w.s.c.ServletWebServerApplicationContext - Root WebApplicationContext: initialization completed in 1190 ms
2025-08-13 01:44:09 [restartedMain] INFO  o.s.b.d.a.OptionalLiveReloadServer - LiveReload server is running on port 35729
2025-08-13 01:44:09 [restartedMain] INFO  o.s.b.a.e.web.EndpointLinksResolver - Exposing 1 endpoint beneath base path '/actuator'
2025-08-13 01:44:09 [restartedMain] INFO  o.a.coyote.http11.Http11NioProtocol - Starting ProtocolHandler ["http-nio-8191"]
2025-08-13 01:44:09 [restartedMain] INFO  o.s.b.w.e.tomcat.TomcatWebServer - Tomcat started on port 8191 (http) with context path '/hermes'
2025-08-13 01:44:09 [restartedMain] INFO  org.intics.hermes.HermesApplication - Started HermesApplication in 2.466 seconds (process running for 3.087)
2025-08-13 01:44:13 [http-nio-8191-exec-1] INFO  o.a.c.c.C.[.[localhost].[/hermes] - Initializing Spring DispatcherServlet 'dispatcherServlet'
2025-08-13 01:44:13 [http-nio-8191-exec-1] INFO  o.s.web.servlet.DispatcherServlet - Initializing Servlet 'dispatcherServlet'
2025-08-13 01:44:13 [http-nio-8191-exec-1] INFO  o.s.web.servlet.DispatcherServlet - Completed initialization in 0 ms
2025-08-13 01:44:14 [http-nio-8191-exec-1] INFO  o.i.hermes.controller.AuthController - Login response success for username
2025-08-13 01:44:14 [http-nio-8191-exec-1] INFO  o.intics.hermes.service.AuthService - loginRedirect called with loginSource=PH, username=SmartIntake
2025-08-13 01:44:14 [http-nio-8191-exec-1] INFO  o.intics.hermes.service.AuthService - Forwarding login request to: https://intics.elevance.ngrok.dev/alchemy-server/alchemy/api/v2/auth/login
2025-08-13 01:44:15 [http-nio-8191-exec-1] ERROR o.intics.hermes.service.AuthService - error from alchemy 400 Bad Request on POST request for "https://intics.elevance.ngrok.dev/alchemy-server/alchemy/api/v2/auth/login": "{"status":"Fail","errorCode":400,"errorMsg":"Error authenticating user SmartIntake, Contact admin","responseTimeStamp":"2025-08-13T01:44:15","payload":400}"
2025-08-13 01:44:15 [http-nio-8191-exec-1] ERROR o.i.h.e.GlobalExceptionHandler - 400 Bad Request on POST request for "https://intics.elevance.ngrok.dev/alchemy-server/alchemy/api/v2/auth/login": "{"status":"Fail","errorCode":400,"errorMsg":"Error authenticating user SmartIntake, Contact admin","responseTimeStamp":"2025-08-13T01:44:15","payload":{}}"
org.intics.hermes.exception.HermesException: 400 Bad Request on POST request for "https://intics.elevance.ngrok.dev/alchemy-server/alchemy/api/v2/auth/login": "{"status":"Fail","errorCode":400,"errorMsg":"Error authenticating user SmartIntake, Contact admin","responseTimeStamp":"2025-08-13T01:44:15","payload":{}}"
	at org.intics.hermes.service.AuthService.loginRedirect(AuthService.java:83)
	at org.intics.hermes.controller.AuthController.loginRedirect(AuthController.java:28)
	at java.base/jdk.internal.reflect.DirectMethodHandleAccessor.invoke(DirectMethodHandleAccessor.java:104)
	at java.base/java.lang.reflect.Method.invoke(Method.java:565)
	at org.springframework.web.method.support.InvocableHandlerMethod.doInvoke(InvocableHandlerMethod.java:258)
	at org.springframework.web.method.support.InvocableHandlerMethod.invokeForRequest(InvocableHandlerMethod.java:191)
	at org.springframework.web.servlet.mvc.method.annotation.ServletInvocableHandlerMethod.invokeAndHandle(ServletInvocableHandlerMethod.java:118)
	at org.springframework.web.servlet.mvc.method.annotation.RequestMappingHandlerAdapter.invokeHandlerMethod(RequestMappingHandlerAdapter.java:991)
	at org.springframework.web.servlet.mvc.method.annotation.RequestMappingHandlerAdapter.handleInternal(RequestMappingHandlerAdapter.java:896)
	at org.springframework.web.servlet.mvc.method.AbstractHandlerMethodAdapter.handle(AbstractHandlerMethodAdapter.java:87)
	at org.springframework.web.servlet.DispatcherServlet.doDispatch(DispatcherServlet.java:1089)
	at org.springframework.web.servlet.DispatcherServlet.doService(DispatcherServlet.java:979)
	at org.springframework.web.servlet.FrameworkServlet.processRequest(FrameworkServlet.java:1014)
	at org.springframework.web.servlet.FrameworkServlet.doPost(FrameworkServlet.java:914)
	at jakarta.servlet.http.HttpServlet.service(HttpServlet.java:590)
	at org.springframework.web.servlet.FrameworkServlet.service(FrameworkServlet.java:885)
	at jakarta.servlet.http.HttpServlet.service(HttpServlet.java:658)
	at org.apache.catalina.core.ApplicationFilterChain.internalDoFilter(ApplicationFilterChain.java:195)
	at org.apache.catalina.core.ApplicationFilterChain.doFilter(ApplicationFilterChain.java:140)
	at org.apache.tomcat.websocket.server.WsFilter.doFilter(WsFilter.java:51)
	at org.apache.catalina.core.ApplicationFilterChain.internalDoFilter(ApplicationFilterChain.java:164)
	at org.apache.catalina.core.ApplicationFilterChain.doFilter(ApplicationFilterChain.java:140)
	at org.springframework.web.filter.RequestContextFilter.doFilterInternal(RequestContextFilter.java:100)
	at org.springframework.web.filter.OncePerRequestFilter.doFilter(OncePerRequestFilter.java:116)
	at org.apache.catalina.core.ApplicationFilterChain.internalDoFilter(ApplicationFilterChain.java:164)
	at org.apache.catalina.core.ApplicationFilterChain.doFilter(ApplicationFilterChain.java:140)
	at org.springframework.web.filter.FormContentFilter.doFilterInternal(FormContentFilter.java:93)
	at org.springframework.web.filter.OncePerRequestFilter.doFilter(OncePerRequestFilter.java:116)
	at org.apache.catalina.core.ApplicationFilterChain.internalDoFilter(ApplicationFilterChain.java:164)
	at org.apache.catalina.core.ApplicationFilterChain.doFilter(ApplicationFilterChain.java:140)
	at org.springframework.web.filter.ServerHttpObservationFilter.doFilterInternal(ServerHttpObservationFilter.java:110)
	at org.springframework.web.filter.OncePerRequestFilter.doFilter(OncePerRequestFilter.java:116)
	at org.apache.catalina.core.ApplicationFilterChain.internalDoFilter(ApplicationFilterChain.java:164)
	at org.apache.catalina.core.ApplicationFilterChain.doFilter(ApplicationFilterChain.java:140)
	at org.springframework.web.filter.CharacterEncodingFilter.doFilterInternal(CharacterEncodingFilter.java:201)
	at org.springframework.web.filter.OncePerRequestFilter.doFilter(OncePerRequestFilter.java:116)
	at org.apache.catalina.core.ApplicationFilterChain.internalDoFilter(ApplicationFilterChain.java:164)
	at org.apache.catalina.core.ApplicationFilterChain.doFilter(ApplicationFilterChain.java:140)
	at org.apache.catalina.core.StandardWrapperValve.invoke(StandardWrapperValve.java:167)
	at org.apache.catalina.core.StandardContextValve.invoke(StandardContextValve.java:90)
	at org.apache.catalina.authenticator.AuthenticatorBase.invoke(AuthenticatorBase.java:483)
	at org.apache.catalina.core.StandardHostValve.invoke(StandardHostValve.java:116)
	at org.apache.catalina.valves.ErrorReportValve.invoke(ErrorReportValve.java:93)
	at org.apache.catalina.core.StandardEngineValve.invoke(StandardEngineValve.java:74)
	at org.apache.catalina.connector.CoyoteAdapter.service(CoyoteAdapter.java:344)
	at org.apache.coyote.http11.Http11Processor.service(Http11Processor.java:398)
	at org.apache.coyote.AbstractProcessorLight.process(AbstractProcessorLight.java:63)
	at org.apache.coyote.AbstractProtocol$ConnectionHandler.process(AbstractProtocol.java:903)
	at org.apache.tomcat.util.net.NioEndpoint$SocketProcessor.doRun(NioEndpoint.java:1769)
	at org.apache.tomcat.util.net.SocketProcessorBase.run(SocketProcessorBase.java:52)
	at org.apache.tomcat.util.threads.ThreadPoolExecutor.runWorker(ThreadPoolExecutor.java:1189)
	at org.apache.tomcat.util.threads.ThreadPoolExecutor$Worker.run(ThreadPoolExecutor.java:658)
	at org.apache.tomcat.util.threads.TaskThread$WrappingRunnable.run(TaskThread.java:63)
	at java.base/java.lang.Thread.run(Thread.java:1447)
2025-08-13 01:44:15 [http-nio-8191-exec-1] WARN  o.s.w.s.m.m.a.ExceptionHandlerExceptionResolver - Resolved [org.intics.hermes.exception.HermesException: 400 Bad Request on POST request for "https://intics.elevance.ngrok.dev/alchemy-server/alchemy/api/v2/auth/login": "{"status":"Fail","errorCode":400,"errorMsg":"Error authenticating user SmartIntake, Contact admin","responseTimeStamp":"2025-08-13T01:44:15","payload":{}}"]
2025-08-13 01:51:40 [SpringApplicationShutdownHook] INFO  o.s.b.w.e.tomcat.GracefulShutdown - Commencing graceful shutdown. Waiting for active requests to complete
2025-08-13 01:51:40 [tomcat-shutdown] INFO  o.s.b.w.e.tomcat.GracefulShutdown - Graceful shutdown complete
2025-08-13 01:51:43 [background-preinit] INFO  o.h.validator.internal.util.Version - HV000001: Hibernate Validator 8.0.2.Final
2025-08-13 01:51:43 [restartedMain] INFO  org.intics.hermes.HermesApplication - Starting HermesApplication using Java 24.0.1 with PID 18884 (/home/roobadharani.deva@zucisystems.com/build/hermes/target/classes started by roobadharani.deva@zucisystems.com in /home/roobadharani.deva@zucisystems.com/build/hermes)
2025-08-13 01:51:43 [restartedMain] INFO  org.intics.hermes.HermesApplication - No active profile set, falling back to 1 default profile: "default"
2025-08-13 01:51:43 [restartedMain] INFO  o.s.b.d.e.DevToolsPropertyDefaultsPostProcessor - Devtools property defaults active! Set 'spring.devtools.add-properties' to 'false' to disable
2025-08-13 01:51:43 [restartedMain] INFO  o.s.b.d.e.DevToolsPropertyDefaultsPostProcessor - For additional web related logging consider setting the 'logging.level.web' property to 'DEBUG'
2025-08-13 01:51:44 [restartedMain] INFO  o.s.b.w.e.tomcat.TomcatWebServer - Tomcat initialized with port 8191 (http)
2025-08-13 01:51:44 [restartedMain] INFO  o.a.coyote.http11.Http11NioProtocol - Initializing ProtocolHandler ["http-nio-8191"]
2025-08-13 01:51:45 [restartedMain] INFO  o.a.catalina.core.StandardService - Starting service [Tomcat]
2025-08-13 01:51:45 [restartedMain] INFO  o.a.catalina.core.StandardEngine - Starting Servlet engine: [Apache Tomcat/10.1.43]
2025-08-13 01:51:45 [restartedMain] INFO  o.a.c.c.C.[.[localhost].[/hermes] - Initializing Spring embedded WebApplicationContext
2025-08-13 01:51:45 [restartedMain] INFO  o.s.b.w.s.c.ServletWebServerApplicationContext - Root WebApplicationContext: initialization completed in 1244 ms
2025-08-13 01:51:45 [restartedMain] INFO  o.s.b.d.a.OptionalLiveReloadServer - LiveReload server is running on port 35729
2025-08-13 01:51:45 [restartedMain] INFO  o.s.b.a.e.web.EndpointLinksResolver - Exposing 1 endpoint beneath base path '/actuator'
2025-08-13 01:51:45 [restartedMain] INFO  o.a.coyote.http11.Http11NioProtocol - Starting ProtocolHandler ["http-nio-8191"]
2025-08-13 01:51:45 [restartedMain] INFO  o.s.b.w.e.tomcat.TomcatWebServer - Tomcat started on port 8191 (http) with context path '/hermes'
2025-08-13 01:51:45 [restartedMain] INFO  org.intics.hermes.HermesApplication - Started HermesApplication in 2.509 seconds (process running for 3.112)
2025-08-13 01:52:11 [http-nio-8191-exec-2] INFO  o.a.c.c.C.[.[localhost].[/hermes] - Initializing Spring DispatcherServlet 'dispatcherServlet'
2025-08-13 01:52:11 [http-nio-8191-exec-2] INFO  o.s.web.servlet.DispatcherServlet - Initializing Servlet 'dispatcherServlet'
2025-08-13 01:52:11 [http-nio-8191-exec-2] INFO  o.s.web.servlet.DispatcherServlet - Completed initialization in 0 ms
2025-08-13 01:52:12 [http-nio-8191-exec-2] INFO  o.i.hermes.controller.AuthController - Login response success for username
2025-08-13 01:52:12 [http-nio-8191-exec-2] INFO  o.intics.hermes.service.AuthService - loginRedirect called with loginSource=PH, username=SmartIntake
2025-08-13 01:52:12 [http-nio-8191-exec-2] INFO  o.intics.hermes.service.AuthService - Forwarding login request to: https://intics.elevance.ngrok.dev/alchemy-server/alchemy/api/v2/auth/login
2025-08-13 01:52:12 [http-nio-8191-exec-2] ERROR o.intics.hermes.service.AuthService - error from alchemy 400 Bad Request on POST request for "https://intics.elevance.ngrok.dev/alchemy-server/alchemy/api/v2/auth/login": "{"status":"Fail","errorCode":400,"errorMsg":"Error authenticating user SmartIntake, Contact admin","responseTimeStamp":"2025-08-13T01:52:12","payload":400}"
2025-08-13 01:52:12 [http-nio-8191-exec-2] ERROR o.i.h.e.GlobalExceptionHandler - 400 Bad Request on POST request for "https://intics.elevance.ngrok.dev/alchemy-server/alchemy/api/v2/auth/login": "{"status":"Fail","errorCode":400,"errorMsg":"Error authenticating user SmartIntake, Contact admin","responseTimeStamp":"2025-08-13T01:52:12","payload":{}}"
org.intics.hermes.exception.HermesException: 400 Bad Request on POST request for "https://intics.elevance.ngrok.dev/alchemy-server/alchemy/api/v2/auth/login": "{"status":"Fail","errorCode":400,"errorMsg":"Error authenticating user SmartIntake, Contact admin","responseTimeStamp":"2025-08-13T01:52:12","payload":{}}"
	at org.intics.hermes.service.AuthService.loginRedirect(AuthService.java:83)
	at org.intics.hermes.controller.AuthController.loginRedirect(AuthController.java:28)
	at java.base/jdk.internal.reflect.DirectMethodHandleAccessor.invoke(DirectMethodHandleAccessor.java:104)
	at java.base/java.lang.reflect.Method.invoke(Method.java:565)
	at org.springframework.web.method.support.InvocableHandlerMethod.doInvoke(InvocableHandlerMethod.java:258)
	at org.springframework.web.method.support.InvocableHandlerMethod.invokeForRequest(InvocableHandlerMethod.java:191)
	at org.springframework.web.servlet.mvc.method.annotation.ServletInvocableHandlerMethod.invokeAndHandle(ServletInvocableHandlerMethod.java:118)
	at org.springframework.web.servlet.mvc.method.annotation.RequestMappingHandlerAdapter.invokeHandlerMethod(RequestMappingHandlerAdapter.java:991)
	at org.springframework.web.servlet.mvc.method.annotation.RequestMappingHandlerAdapter.handleInternal(RequestMappingHandlerAdapter.java:896)
	at org.springframework.web.servlet.mvc.method.AbstractHandlerMethodAdapter.handle(AbstractHandlerMethodAdapter.java:87)
	at org.springframework.web.servlet.DispatcherServlet.doDispatch(DispatcherServlet.java:1089)
	at org.springframework.web.servlet.DispatcherServlet.doService(DispatcherServlet.java:979)
	at org.springframework.web.servlet.FrameworkServlet.processRequest(FrameworkServlet.java:1014)
	at org.springframework.web.servlet.FrameworkServlet.doPost(FrameworkServlet.java:914)
	at jakarta.servlet.http.HttpServlet.service(HttpServlet.java:590)
	at org.springframework.web.servlet.FrameworkServlet.service(FrameworkServlet.java:885)
	at jakarta.servlet.http.HttpServlet.service(HttpServlet.java:658)
	at org.apache.catalina.core.ApplicationFilterChain.internalDoFilter(ApplicationFilterChain.java:195)
	at org.apache.catalina.core.ApplicationFilterChain.doFilter(ApplicationFilterChain.java:140)
	at org.apache.tomcat.websocket.server.WsFilter.doFilter(WsFilter.java:51)
	at org.apache.catalina.core.ApplicationFilterChain.internalDoFilter(ApplicationFilterChain.java:164)
	at org.apache.catalina.core.ApplicationFilterChain.doFilter(ApplicationFilterChain.java:140)
	at org.springframework.web.filter.RequestContextFilter.doFilterInternal(RequestContextFilter.java:100)
	at org.springframework.web.filter.OncePerRequestFilter.doFilter(OncePerRequestFilter.java:116)
	at org.apache.catalina.core.ApplicationFilterChain.internalDoFilter(ApplicationFilterChain.java:164)
	at org.apache.catalina.core.ApplicationFilterChain.doFilter(ApplicationFilterChain.java:140)
	at org.springframework.web.filter.FormContentFilter.doFilterInternal(FormContentFilter.java:93)
	at org.springframework.web.filter.OncePerRequestFilter.doFilter(OncePerRequestFilter.java:116)
	at org.apache.catalina.core.ApplicationFilterChain.internalDoFilter(ApplicationFilterChain.java:164)
	at org.apache.catalina.core.ApplicationFilterChain.doFilter(ApplicationFilterChain.java:140)
	at org.springframework.web.filter.ServerHttpObservationFilter.doFilterInternal(ServerHttpObservationFilter.java:110)
	at org.springframework.web.filter.OncePerRequestFilter.doFilter(OncePerRequestFilter.java:116)
	at org.apache.catalina.core.ApplicationFilterChain.internalDoFilter(ApplicationFilterChain.java:164)
	at org.apache.catalina.core.ApplicationFilterChain.doFilter(ApplicationFilterChain.java:140)
	at org.springframework.web.filter.CharacterEncodingFilter.doFilterInternal(CharacterEncodingFilter.java:201)
	at org.springframework.web.filter.OncePerRequestFilter.doFilter(OncePerRequestFilter.java:116)
	at org.apache.catalina.core.ApplicationFilterChain.internalDoFilter(ApplicationFilterChain.java:164)
	at org.apache.catalina.core.ApplicationFilterChain.doFilter(ApplicationFilterChain.java:140)
	at org.apache.catalina.core.StandardWrapperValve.invoke(StandardWrapperValve.java:167)
	at org.apache.catalina.core.StandardContextValve.invoke(StandardContextValve.java:90)
	at org.apache.catalina.authenticator.AuthenticatorBase.invoke(AuthenticatorBase.java:483)
	at org.apache.catalina.core.StandardHostValve.invoke(StandardHostValve.java:116)
	at org.apache.catalina.valves.ErrorReportValve.invoke(ErrorReportValve.java:93)
	at org.apache.catalina.core.StandardEngineValve.invoke(StandardEngineValve.java:74)
	at org.apache.catalina.connector.CoyoteAdapter.service(CoyoteAdapter.java:344)
	at org.apache.coyote.http11.Http11Processor.service(Http11Processor.java:398)
	at org.apache.coyote.AbstractProcessorLight.process(AbstractProcessorLight.java:63)
	at org.apache.coyote.AbstractProtocol$ConnectionHandler.process(AbstractProtocol.java:903)
	at org.apache.tomcat.util.net.NioEndpoint$SocketProcessor.doRun(NioEndpoint.java:1769)
	at org.apache.tomcat.util.net.SocketProcessorBase.run(SocketProcessorBase.java:52)
	at org.apache.tomcat.util.threads.ThreadPoolExecutor.runWorker(ThreadPoolExecutor.java:1189)
	at org.apache.tomcat.util.threads.ThreadPoolExecutor$Worker.run(ThreadPoolExecutor.java:658)
	at org.apache.tomcat.util.threads.TaskThread$WrappingRunnable.run(TaskThread.java:63)
	at java.base/java.lang.Thread.run(Thread.java:1447)
2025-08-13 01:52:12 [http-nio-8191-exec-2] WARN  o.s.w.s.m.m.a.ExceptionHandlerExceptionResolver - Resolved [org.intics.hermes.exception.HermesException: 400 Bad Request on POST request for "https://intics.elevance.ngrok.dev/alchemy-server/alchemy/api/v2/auth/login": "{"status":"Fail","errorCode":400,"errorMsg":"Error authenticating user SmartIntake, Contact admin","responseTimeStamp":"2025-08-13T01:52:12","payload":{}}"]
2025-08-13 01:53:06 [http-nio-8191-exec-3] INFO  o.i.hermes.controller.AuthController - Login response success for username
2025-08-13 01:53:06 [http-nio-8191-exec-3] INFO  o.intics.hermes.service.AuthService - loginRedirect called with loginSource=PH, username=SmartIntake
2025-08-13 01:53:06 [http-nio-8191-exec-3] INFO  o.intics.hermes.service.AuthService - Forwarding login request to: https://intics.elevance.ngrok.dev/alchemy-server/alchemy/api/v2/auth/login
2025-08-13 01:53:26 [http-nio-8191-exec-4] INFO  o.i.hermes.controller.AuthController - Login response success for username
2025-08-13 01:53:26 [http-nio-8191-exec-4] INFO  o.intics.hermes.service.AuthService - loginRedirect called with loginSource=PH, username=martIntake
2025-08-13 01:53:26 [http-nio-8191-exec-4] INFO  o.intics.hermes.service.AuthService - Forwarding login request to: https://intics.elevance.ngrok.dev/alchemy-server/alchemy/api/v2/auth/login
2025-08-13 01:53:26 [http-nio-8191-exec-4] ERROR o.intics.hermes.service.AuthService - error from alchemy 400 Bad Request on POST request for "https://intics.elevance.ngrok.dev/alchemy-server/alchemy/api/v2/auth/login": "{"status":"Fail","errorCode":404,"errorMsg":"User martIntake is not found in authStore","responseTimeStamp":"2025-08-13T01:53:26","payload":400}"
2025-08-13 01:53:26 [http-nio-8191-exec-4] ERROR o.i.h.e.GlobalExceptionHandler - 400 Bad Request on POST request for "https://intics.elevance.ngrok.dev/alchemy-server/alchemy/api/v2/auth/login": "{"status":"Fail","errorCode":404,"errorMsg":"User martIntake is not found in authStore","responseTimeStamp":"2025-08-13T01:53:26","payload":{}}"
org.intics.hermes.exception.HermesException: 400 Bad Request on POST request for "https://intics.elevance.ngrok.dev/alchemy-server/alchemy/api/v2/auth/login": "{"status":"Fail","errorCode":404,"errorMsg":"User martIntake is not found in authStore","responseTimeStamp":"2025-08-13T01:53:26","payload":{}}"
	at org.intics.hermes.service.AuthService.loginRedirect(AuthService.java:83)
	at org.intics.hermes.controller.AuthController.loginRedirect(AuthController.java:28)
	at java.base/jdk.internal.reflect.DirectMethodHandleAccessor.invoke(DirectMethodHandleAccessor.java:104)
	at java.base/java.lang.reflect.Method.invoke(Method.java:565)
	at org.springframework.web.method.support.InvocableHandlerMethod.doInvoke(InvocableHandlerMethod.java:258)
	at org.springframework.web.method.support.InvocableHandlerMethod.invokeForRequest(InvocableHandlerMethod.java:191)
	at org.springframework.web.servlet.mvc.method.annotation.ServletInvocableHandlerMethod.invokeAndHandle(ServletInvocableHandlerMethod.java:118)
	at org.springframework.web.servlet.mvc.method.annotation.RequestMappingHandlerAdapter.invokeHandlerMethod(RequestMappingHandlerAdapter.java:991)
	at org.springframework.web.servlet.mvc.method.annotation.RequestMappingHandlerAdapter.handleInternal(RequestMappingHandlerAdapter.java:896)
	at org.springframework.web.servlet.mvc.method.AbstractHandlerMethodAdapter.handle(AbstractHandlerMethodAdapter.java:87)
	at org.springframework.web.servlet.DispatcherServlet.doDispatch(DispatcherServlet.java:1089)
	at org.springframework.web.servlet.DispatcherServlet.doService(DispatcherServlet.java:979)
	at org.springframework.web.servlet.FrameworkServlet.processRequest(FrameworkServlet.java:1014)
	at org.springframework.web.servlet.FrameworkServlet.doPost(FrameworkServlet.java:914)
	at jakarta.servlet.http.HttpServlet.service(HttpServlet.java:590)
	at org.springframework.web.servlet.FrameworkServlet.service(FrameworkServlet.java:885)
	at jakarta.servlet.http.HttpServlet.service(HttpServlet.java:658)
	at org.apache.catalina.core.ApplicationFilterChain.internalDoFilter(ApplicationFilterChain.java:195)
	at org.apache.catalina.core.ApplicationFilterChain.doFilter(ApplicationFilterChain.java:140)
	at org.apache.tomcat.websocket.server.WsFilter.doFilter(WsFilter.java:51)
	at org.apache.catalina.core.ApplicationFilterChain.internalDoFilter(ApplicationFilterChain.java:164)
	at org.apache.catalina.core.ApplicationFilterChain.doFilter(ApplicationFilterChain.java:140)
	at org.springframework.web.filter.RequestContextFilter.doFilterInternal(RequestContextFilter.java:100)
	at org.springframework.web.filter.OncePerRequestFilter.doFilter(OncePerRequestFilter.java:116)
	at org.apache.catalina.core.ApplicationFilterChain.internalDoFilter(ApplicationFilterChain.java:164)
	at org.apache.catalina.core.ApplicationFilterChain.doFilter(ApplicationFilterChain.java:140)
	at org.springframework.web.filter.FormContentFilter.doFilterInternal(FormContentFilter.java:93)
	at org.springframework.web.filter.OncePerRequestFilter.doFilter(OncePerRequestFilter.java:116)
	at org.apache.catalina.core.ApplicationFilterChain.internalDoFilter(ApplicationFilterChain.java:164)
	at org.apache.catalina.core.ApplicationFilterChain.doFilter(ApplicationFilterChain.java:140)
	at org.springframework.web.filter.ServerHttpObservationFilter.doFilterInternal(ServerHttpObservationFilter.java:110)
	at org.springframework.web.filter.OncePerRequestFilter.doFilter(OncePerRequestFilter.java:116)
	at org.apache.catalina.core.ApplicationFilterChain.internalDoFilter(ApplicationFilterChain.java:164)
	at org.apache.catalina.core.ApplicationFilterChain.doFilter(ApplicationFilterChain.java:140)
	at org.springframework.web.filter.CharacterEncodingFilter.doFilterInternal(CharacterEncodingFilter.java:201)
	at org.springframework.web.filter.OncePerRequestFilter.doFilter(OncePerRequestFilter.java:116)
	at org.apache.catalina.core.ApplicationFilterChain.internalDoFilter(ApplicationFilterChain.java:164)
	at org.apache.catalina.core.ApplicationFilterChain.doFilter(ApplicationFilterChain.java:140)
	at org.apache.catalina.core.StandardWrapperValve.invoke(StandardWrapperValve.java:167)
	at org.apache.catalina.core.StandardContextValve.invoke(StandardContextValve.java:90)
	at org.apache.catalina.authenticator.AuthenticatorBase.invoke(AuthenticatorBase.java:483)
	at org.apache.catalina.core.StandardHostValve.invoke(StandardHostValve.java:116)
	at org.apache.catalina.valves.ErrorReportValve.invoke(ErrorReportValve.java:93)
	at org.apache.catalina.core.StandardEngineValve.invoke(StandardEngineValve.java:74)
	at org.apache.catalina.connector.CoyoteAdapter.service(CoyoteAdapter.java:344)
	at org.apache.coyote.http11.Http11Processor.service(Http11Processor.java:398)
	at org.apache.coyote.AbstractProcessorLight.process(AbstractProcessorLight.java:63)
	at org.apache.coyote.AbstractProtocol$ConnectionHandler.process(AbstractProtocol.java:903)
	at org.apache.tomcat.util.net.NioEndpoint$SocketProcessor.doRun(NioEndpoint.java:1769)
	at org.apache.tomcat.util.net.SocketProcessorBase.run(SocketProcessorBase.java:52)
	at org.apache.tomcat.util.threads.ThreadPoolExecutor.runWorker(ThreadPoolExecutor.java:1189)
	at org.apache.tomcat.util.threads.ThreadPoolExecutor$Worker.run(ThreadPoolExecutor.java:658)
	at org.apache.tomcat.util.threads.TaskThread$WrappingRunnable.run(TaskThread.java:63)
	at java.base/java.lang.Thread.run(Thread.java:1447)
2025-08-13 01:53:26 [http-nio-8191-exec-4] WARN  o.s.w.s.m.m.a.ExceptionHandlerExceptionResolver - Resolved [org.intics.hermes.exception.HermesException: 400 Bad Request on POST request for "https://intics.elevance.ngrok.dev/alchemy-server/alchemy/api/v2/auth/login": "{"status":"Fail","errorCode":404,"errorMsg":"User martIntake is not found in authStore","responseTimeStamp":"2025-08-13T01:53:26","payload":{}}"]
2025-08-13 01:54:11 [http-nio-8191-exec-5] INFO  o.i.hermes.controller.AuthController - Login response success for username
2025-08-13 01:54:11 [http-nio-8191-exec-5] INFO  o.intics.hermes.service.AuthService - loginRedirect called with loginSource=PH, username=SmartIntake
2025-08-13 01:54:11 [http-nio-8191-exec-5] INFO  o.intics.hermes.service.AuthService - Forwarding login request to: https://intics.elevance.ngrok.dev/alchemy-server/alchemy/api/v2/auth/login
2025-08-13 01:54:18 [http-nio-8191-exec-6] WARN  o.s.w.s.m.s.DefaultHandlerExceptionResolver - Resolved [org.springframework.web.bind.MethodArgumentNotValidException: Validation failed for argument [0] in public org.springframework.http.ResponseEntity<org.intics.hermes.dto.ResponseStatusPayload<org.intics.hermes.dto.CurrentUser>> org.intics.hermes.controller.AuthController.loginRedirect(org.intics.hermes.dto.LoginRequest,java.lang.String): [Field error in object 'loginRequest' on field 'username': rejected value [null]; codes [NotEmpty.loginRequest.username,NotEmpty.username,NotEmpty.java.lang.String,NotEmpty]; arguments [org.springframework.context.support.DefaultMessageSourceResolvable: codes [loginRequest.username,username]; arguments []; default message [username]]; default message [must not be empty]] ]
2025-08-13 01:54:29 [http-nio-8191-exec-8] INFO  o.i.hermes.controller.AuthController - Login response success for username
2025-08-13 01:54:29 [http-nio-8191-exec-8] INFO  o.intics.hermes.service.AuthService - loginRedirect called with loginSource=PH, username=SmartIntake
2025-08-13 01:54:29 [http-nio-8191-exec-8] INFO  o.intics.hermes.service.AuthService - Forwarding login request to: https://intics.elevance.ngrok.dev/alchemy-server/alchemy/api/v2/auth/login
2025-08-13 01:56:23 [SpringApplicationShutdownHook] INFO  o.s.b.w.e.tomcat.GracefulShutdown - Commencing graceful shutdown. Waiting for active requests to complete
2025-08-13 01:56:23 [tomcat-shutdown] INFO  o.s.b.w.e.tomcat.GracefulShutdown - Graceful shutdown complete
2025-08-13 01:56:26 [background-preinit] INFO  o.h.validator.internal.util.Version - HV000001: Hibernate Validator 8.0.2.Final
2025-08-13 01:56:26 [restartedMain] INFO  org.intics.hermes.HermesApplication - Starting HermesApplication using Java 24.0.1 with PID 19118 (/home/roobadharani.deva@zucisystems.com/build/hermes/target/classes started by roobadharani.deva@zucisystems.com in /home/roobadharani.deva@zucisystems.com/build/hermes)
2025-08-13 01:56:26 [restartedMain] INFO  org.intics.hermes.HermesApplication - No active profile set, falling back to 1 default profile: "default"
2025-08-13 01:56:26 [restartedMain] INFO  o.s.b.d.e.DevToolsPropertyDefaultsPostProcessor - Devtools property defaults active! Set 'spring.devtools.add-properties' to 'false' to disable
2025-08-13 01:56:26 [restartedMain] INFO  o.s.b.d.e.DevToolsPropertyDefaultsPostProcessor - For additional web related logging consider setting the 'logging.level.web' property to 'DEBUG'
2025-08-13 01:56:28 [restartedMain] INFO  o.s.b.w.e.tomcat.TomcatWebServer - Tomcat initialized with port 8191 (http)
2025-08-13 01:56:28 [restartedMain] INFO  o.a.coyote.http11.Http11NioProtocol - Initializing ProtocolHandler ["http-nio-8191"]
2025-08-13 01:56:28 [restartedMain] INFO  o.a.catalina.core.StandardService - Starting service [Tomcat]
2025-08-13 01:56:28 [restartedMain] INFO  o.a.catalina.core.StandardEngine - Starting Servlet engine: [Apache Tomcat/10.1.43]
2025-08-13 01:56:28 [restartedMain] INFO  o.a.c.c.C.[.[localhost].[/hermes] - Initializing Spring embedded WebApplicationContext
2025-08-13 01:56:28 [restartedMain] INFO  o.s.b.w.s.c.ServletWebServerApplicationContext - Root WebApplicationContext: initialization completed in 1275 ms
2025-08-13 01:56:29 [restartedMain] INFO  o.s.b.d.a.OptionalLiveReloadServer - LiveReload server is running on port 35729
2025-08-13 01:56:29 [restartedMain] INFO  o.s.b.a.e.web.EndpointLinksResolver - Exposing 1 endpoint beneath base path '/actuator'
2025-08-13 01:56:29 [restartedMain] INFO  o.a.coyote.http11.Http11NioProtocol - Starting ProtocolHandler ["http-nio-8191"]
2025-08-13 01:56:29 [restartedMain] INFO  o.s.b.w.e.tomcat.TomcatWebServer - Tomcat started on port 8191 (http) with context path '/hermes'
2025-08-13 01:56:29 [restartedMain] INFO  org.intics.hermes.HermesApplication - Started HermesApplication in 2.689 seconds (process running for 3.296)
2025-08-13 01:56:37 [http-nio-8191-exec-1] INFO  o.a.c.c.C.[.[localhost].[/hermes] - Initializing Spring DispatcherServlet 'dispatcherServlet'
2025-08-13 01:56:37 [http-nio-8191-exec-1] INFO  o.s.web.servlet.DispatcherServlet - Initializing Servlet 'dispatcherServlet'
2025-08-13 01:56:37 [http-nio-8191-exec-1] INFO  o.s.web.servlet.DispatcherServlet - Completed initialization in 0 ms
2025-08-13 01:56:37 [http-nio-8191-exec-1] WARN  o.s.w.s.m.s.DefaultHandlerExceptionResolver - Resolved [org.springframework.web.bind.MethodArgumentNotValidException: Validation failed for argument [0] in public org.springframework.http.ResponseEntity<org.intics.hermes.dto.ResponseStatusPayload<org.intics.hermes.dto.CurrentUser>> org.intics.hermes.controller.AuthController.loginRedirect(org.intics.hermes.dto.LoginRequest,java.lang.String): [Field error in object 'loginRequest' on field 'username': rejected value [null]; codes [NotEmpty.loginRequest.username,NotEmpty.username,NotEmpty.java.lang.String,NotEmpty]; arguments [org.springframework.context.support.DefaultMessageSourceResolvable: codes [loginRequest.username,username]; arguments []; default message [username]]; default message [must not be empty]] ]
2025-08-13 01:57:15 [SpringApplicationShutdownHook] INFO  o.s.b.w.e.tomcat.GracefulShutdown - Commencing graceful shutdown. Waiting for active requests to complete
2025-08-13 01:57:15 [tomcat-shutdown] INFO  o.s.b.w.e.tomcat.GracefulShutdown - Graceful shutdown complete
2025-08-13 01:57:17 [background-preinit] INFO  o.h.validator.internal.util.Version - HV000001: Hibernate Validator 8.0.2.Final
2025-08-13 01:57:17 [restartedMain] INFO  org.intics.hermes.HermesApplication - Starting HermesApplication using Java 24.0.1 with PID 19252 (/home/roobadharani.deva@zucisystems.com/build/hermes/target/classes started by roobadharani.deva@zucisystems.com in /home/roobadharani.deva@zucisystems.com/build/hermes)
2025-08-13 01:57:17 [restartedMain] INFO  org.intics.hermes.HermesApplication - No active profile set, falling back to 1 default profile: "default"
2025-08-13 01:57:17 [restartedMain] INFO  o.s.b.d.e.DevToolsPropertyDefaultsPostProcessor - Devtools property defaults active! Set 'spring.devtools.add-properties' to 'false' to disable
2025-08-13 01:57:17 [restartedMain] INFO  o.s.b.d.e.DevToolsPropertyDefaultsPostProcessor - For additional web related logging consider setting the 'logging.level.web' property to 'DEBUG'
2025-08-13 01:57:19 [restartedMain] INFO  o.s.b.w.e.tomcat.TomcatWebServer - Tomcat initialized with port 8191 (http)
2025-08-13 01:57:19 [restartedMain] INFO  o.a.coyote.http11.Http11NioProtocol - Initializing ProtocolHandler ["http-nio-8191"]
2025-08-13 01:57:19 [restartedMain] INFO  o.a.catalina.core.StandardService - Starting service [Tomcat]
2025-08-13 01:57:19 [restartedMain] INFO  o.a.catalina.core.StandardEngine - Starting Servlet engine: [Apache Tomcat/10.1.43]
2025-08-13 01:57:19 [restartedMain] INFO  o.a.c.c.C.[.[localhost].[/hermes] - Initializing Spring embedded WebApplicationContext
2025-08-13 01:57:19 [restartedMain] INFO  o.s.b.w.s.c.ServletWebServerApplicationContext - Root WebApplicationContext: initialization completed in 1207 ms
2025-08-13 01:57:19 [restartedMain] INFO  o.s.b.d.a.OptionalLiveReloadServer - LiveReload server is running on port 35729
2025-08-13 01:57:19 [restartedMain] INFO  o.s.b.a.e.web.EndpointLinksResolver - Exposing 1 endpoint beneath base path '/actuator'
2025-08-13 01:57:19 [restartedMain] INFO  o.a.coyote.http11.Http11NioProtocol - Starting ProtocolHandler ["http-nio-8191"]
2025-08-13 01:57:19 [restartedMain] INFO  o.s.b.w.e.tomcat.TomcatWebServer - Tomcat started on port 8191 (http) with context path '/hermes'
2025-08-13 01:57:19 [restartedMain] INFO  org.intics.hermes.HermesApplication - Started HermesApplication in 2.432 seconds (process running for 3.017)
2025-08-13 01:58:11 [SpringApplicationShutdownHook] INFO  o.s.b.w.e.tomcat.GracefulShutdown - Commencing graceful shutdown. Waiting for active requests to complete
2025-08-13 01:58:11 [tomcat-shutdown] INFO  o.s.b.w.e.tomcat.GracefulShutdown - Graceful shutdown complete
2025-08-13 01:58:14 [background-preinit] INFO  o.h.validator.internal.util.Version - HV000001: Hibernate Validator 8.0.2.Final
2025-08-13 01:58:14 [restartedMain] INFO  org.intics.hermes.HermesApplication - Starting HermesApplication using Java 24.0.1 with PID 19381 (/home/roobadharani.deva@zucisystems.com/build/hermes/target/classes started by roobadharani.deva@zucisystems.com in /home/roobadharani.deva@zucisystems.com/build/hermes)
2025-08-13 01:58:14 [restartedMain] INFO  org.intics.hermes.HermesApplication - No active profile set, falling back to 1 default profile: "default"
2025-08-13 01:58:14 [restartedMain] INFO  o.s.b.d.e.DevToolsPropertyDefaultsPostProcessor - Devtools property defaults active! Set 'spring.devtools.add-properties' to 'false' to disable
2025-08-13 01:58:14 [restartedMain] INFO  o.s.b.d.e.DevToolsPropertyDefaultsPostProcessor - For additional web related logging consider setting the 'logging.level.web' property to 'DEBUG'
2025-08-13 01:58:15 [restartedMain] INFO  o.s.b.w.e.tomcat.TomcatWebServer - Tomcat initialized with port 8191 (http)
2025-08-13 01:58:15 [restartedMain] INFO  o.a.coyote.http11.Http11NioProtocol - Initializing ProtocolHandler ["http-nio-8191"]
2025-08-13 01:58:15 [restartedMain] INFO  o.a.catalina.core.StandardService - Starting service [Tomcat]
2025-08-13 01:58:15 [restartedMain] INFO  o.a.catalina.core.StandardEngine - Starting Servlet engine: [Apache Tomcat/10.1.43]
2025-08-13 01:58:15 [restartedMain] INFO  o.a.c.c.C.[.[localhost].[/hermes] - Initializing Spring embedded WebApplicationContext
2025-08-13 01:58:15 [restartedMain] INFO  o.s.b.w.s.c.ServletWebServerApplicationContext - Root WebApplicationContext: initialization completed in 1215 ms
2025-08-13 01:58:16 [restartedMain] INFO  o.s.b.d.a.OptionalLiveReloadServer - LiveReload server is running on port 35729
2025-08-13 01:58:16 [restartedMain] INFO  o.s.b.a.e.web.EndpointLinksResolver - Exposing 1 endpoint beneath base path '/actuator'
2025-08-13 01:58:16 [restartedMain] INFO  o.a.coyote.http11.Http11NioProtocol - Starting ProtocolHandler ["http-nio-8191"]
2025-08-13 01:58:16 [restartedMain] INFO  o.s.b.w.e.tomcat.TomcatWebServer - Tomcat started on port 8191 (http) with context path '/hermes'
2025-08-13 01:58:16 [restartedMain] INFO  org.intics.hermes.HermesApplication - Started HermesApplication in 2.446 seconds (process running for 3.054)
2025-08-13 01:58:39 [http-nio-8191-exec-2] INFO  o.a.c.c.C.[.[localhost].[/hermes] - Initializing Spring DispatcherServlet 'dispatcherServlet'
2025-08-13 01:58:39 [http-nio-8191-exec-2] INFO  o.s.web.servlet.DispatcherServlet - Initializing Servlet 'dispatcherServlet'
2025-08-13 01:58:39 [http-nio-8191-exec-2] INFO  o.s.web.servlet.DispatcherServlet - Completed initialization in 1 ms
2025-08-13 01:58:39 [http-nio-8191-exec-2] INFO  o.i.hermes.controller.AuthController - Login request for username=SmartIntake
2025-08-13 01:58:39 [http-nio-8191-exec-2] INFO  o.intics.hermes.service.AuthService - loginRedirect called with loginSource=1, username=SmartIntake
2025-08-13 01:58:39 [http-nio-8191-exec-2] ERROR o.i.hermes.controller.AuthController - Login failed: Invalid login source: 1
org.intics.hermes.exception.HermesException: Invalid login source: 1
	at org.intics.hermes.service.AuthService.loginRedirect(AuthService.java:53)
	at org.intics.hermes.controller.AuthController.loginRedirect(AuthController.java:30)
	at java.base/jdk.internal.reflect.DirectMethodHandleAccessor.invoke(DirectMethodHandleAccessor.java:104)
	at java.base/java.lang.reflect.Method.invoke(Method.java:565)
	at org.springframework.web.method.support.InvocableHandlerMethod.doInvoke(InvocableHandlerMethod.java:258)
	at org.springframework.web.method.support.InvocableHandlerMethod.invokeForRequest(InvocableHandlerMethod.java:191)
	at org.springframework.web.servlet.mvc.method.annotation.ServletInvocableHandlerMethod.invokeAndHandle(ServletInvocableHandlerMethod.java:118)
	at org.springframework.web.servlet.mvc.method.annotation.RequestMappingHandlerAdapter.invokeHandlerMethod(RequestMappingHandlerAdapter.java:991)
	at org.springframework.web.servlet.mvc.method.annotation.RequestMappingHandlerAdapter.handleInternal(RequestMappingHandlerAdapter.java:896)
	at org.springframework.web.servlet.mvc.method.AbstractHandlerMethodAdapter.handle(AbstractHandlerMethodAdapter.java:87)
	at org.springframework.web.servlet.DispatcherServlet.doDispatch(DispatcherServlet.java:1089)
	at org.springframework.web.servlet.DispatcherServlet.doService(DispatcherServlet.java:979)
	at org.springframework.web.servlet.FrameworkServlet.processRequest(FrameworkServlet.java:1014)
	at org.springframework.web.servlet.FrameworkServlet.doPost(FrameworkServlet.java:914)
	at jakarta.servlet.http.HttpServlet.service(HttpServlet.java:590)
	at org.springframework.web.servlet.FrameworkServlet.service(FrameworkServlet.java:885)
	at jakarta.servlet.http.HttpServlet.service(HttpServlet.java:658)
	at org.apache.catalina.core.ApplicationFilterChain.internalDoFilter(ApplicationFilterChain.java:195)
	at org.apache.catalina.core.ApplicationFilterChain.doFilter(ApplicationFilterChain.java:140)
	at org.apache.tomcat.websocket.server.WsFilter.doFilter(WsFilter.java:51)
	at org.apache.catalina.core.ApplicationFilterChain.internalDoFilter(ApplicationFilterChain.java:164)
	at org.apache.catalina.core.ApplicationFilterChain.doFilter(ApplicationFilterChain.java:140)
	at org.springframework.web.filter.RequestContextFilter.doFilterInternal(RequestContextFilter.java:100)
	at org.springframework.web.filter.OncePerRequestFilter.doFilter(OncePerRequestFilter.java:116)
	at org.apache.catalina.core.ApplicationFilterChain.internalDoFilter(ApplicationFilterChain.java:164)
	at org.apache.catalina.core.ApplicationFilterChain.doFilter(ApplicationFilterChain.java:140)
	at org.springframework.web.filter.FormContentFilter.doFilterInternal(FormContentFilter.java:93)
	at org.springframework.web.filter.OncePerRequestFilter.doFilter(OncePerRequestFilter.java:116)
	at org.apache.catalina.core.ApplicationFilterChain.internalDoFilter(ApplicationFilterChain.java:164)
	at org.apache.catalina.core.ApplicationFilterChain.doFilter(ApplicationFilterChain.java:140)
	at org.springframework.web.filter.ServerHttpObservationFilter.doFilterInternal(ServerHttpObservationFilter.java:110)
	at org.springframework.web.filter.OncePerRequestFilter.doFilter(OncePerRequestFilter.java:116)
	at org.apache.catalina.core.ApplicationFilterChain.internalDoFilter(ApplicationFilterChain.java:164)
	at org.apache.catalina.core.ApplicationFilterChain.doFilter(ApplicationFilterChain.java:140)
	at org.springframework.web.filter.CharacterEncodingFilter.doFilterInternal(CharacterEncodingFilter.java:201)
	at org.springframework.web.filter.OncePerRequestFilter.doFilter(OncePerRequestFilter.java:116)
	at org.apache.catalina.core.ApplicationFilterChain.internalDoFilter(ApplicationFilterChain.java:164)
	at org.apache.catalina.core.ApplicationFilterChain.doFilter(ApplicationFilterChain.java:140)
	at org.apache.catalina.core.StandardWrapperValve.invoke(StandardWrapperValve.java:167)
	at org.apache.catalina.core.StandardContextValve.invoke(StandardContextValve.java:90)
	at org.apache.catalina.authenticator.AuthenticatorBase.invoke(AuthenticatorBase.java:483)
	at org.apache.catalina.core.StandardHostValve.invoke(StandardHostValve.java:116)
	at org.apache.catalina.valves.ErrorReportValve.invoke(ErrorReportValve.java:93)
	at org.apache.catalina.core.StandardEngineValve.invoke(StandardEngineValve.java:74)
	at org.apache.catalina.connector.CoyoteAdapter.service(CoyoteAdapter.java:344)
	at org.apache.coyote.http11.Http11Processor.service(Http11Processor.java:398)
	at org.apache.coyote.AbstractProcessorLight.process(AbstractProcessorLight.java:63)
	at org.apache.coyote.AbstractProtocol$ConnectionHandler.process(AbstractProtocol.java:903)
	at org.apache.tomcat.util.net.NioEndpoint$SocketProcessor.doRun(NioEndpoint.java:1769)
	at org.apache.tomcat.util.net.SocketProcessorBase.run(SocketProcessorBase.java:52)
	at org.apache.tomcat.util.threads.ThreadPoolExecutor.runWorker(ThreadPoolExecutor.java:1189)
	at org.apache.tomcat.util.threads.ThreadPoolExecutor$Worker.run(ThreadPoolExecutor.java:658)
	at org.apache.tomcat.util.threads.TaskThread$WrappingRunnable.run(TaskThread.java:63)
	at java.base/java.lang.Thread.run(Thread.java:1447)
2025-08-13 01:58:39 [http-nio-8191-exec-2] ERROR o.i.h.e.GlobalExceptionHandler - Invalid login source: 1
org.intics.hermes.exception.HermesException: Invalid login source: 1
	at org.intics.hermes.controller.AuthController.loginRedirect(AuthController.java:33)
	at java.base/jdk.internal.reflect.DirectMethodHandleAccessor.invoke(DirectMethodHandleAccessor.java:104)
	at java.base/java.lang.reflect.Method.invoke(Method.java:565)
	at org.springframework.web.method.support.InvocableHandlerMethod.doInvoke(InvocableHandlerMethod.java:258)
	at org.springframework.web.method.support.InvocableHandlerMethod.invokeForRequest(InvocableHandlerMethod.java:191)
	at org.springframework.web.servlet.mvc.method.annotation.ServletInvocableHandlerMethod.invokeAndHandle(ServletInvocableHandlerMethod.java:118)
	at org.springframework.web.servlet.mvc.method.annotation.RequestMappingHandlerAdapter.invokeHandlerMethod(RequestMappingHandlerAdapter.java:991)
	at org.springframework.web.servlet.mvc.method.annotation.RequestMappingHandlerAdapter.handleInternal(RequestMappingHandlerAdapter.java:896)
	at org.springframework.web.servlet.mvc.method.AbstractHandlerMethodAdapter.handle(AbstractHandlerMethodAdapter.java:87)
	at org.springframework.web.servlet.DispatcherServlet.doDispatch(DispatcherServlet.java:1089)
	at org.springframework.web.servlet.DispatcherServlet.doService(DispatcherServlet.java:979)
	at org.springframework.web.servlet.FrameworkServlet.processRequest(FrameworkServlet.java:1014)
	at org.springframework.web.servlet.FrameworkServlet.doPost(FrameworkServlet.java:914)
	at jakarta.servlet.http.HttpServlet.service(HttpServlet.java:590)
	at org.springframework.web.servlet.FrameworkServlet.service(FrameworkServlet.java:885)
	at jakarta.servlet.http.HttpServlet.service(HttpServlet.java:658)
	at org.apache.catalina.core.ApplicationFilterChain.internalDoFilter(ApplicationFilterChain.java:195)
	at org.apache.catalina.core.ApplicationFilterChain.doFilter(ApplicationFilterChain.java:140)
	at org.apache.tomcat.websocket.server.WsFilter.doFilter(WsFilter.java:51)
	at org.apache.catalina.core.ApplicationFilterChain.internalDoFilter(ApplicationFilterChain.java:164)
	at org.apache.catalina.core.ApplicationFilterChain.doFilter(ApplicationFilterChain.java:140)
	at org.springframework.web.filter.RequestContextFilter.doFilterInternal(RequestContextFilter.java:100)
	at org.springframework.web.filter.OncePerRequestFilter.doFilter(OncePerRequestFilter.java:116)
	at org.apache.catalina.core.ApplicationFilterChain.internalDoFilter(ApplicationFilterChain.java:164)
	at org.apache.catalina.core.ApplicationFilterChain.doFilter(ApplicationFilterChain.java:140)
	at org.springframework.web.filter.FormContentFilter.doFilterInternal(FormContentFilter.java:93)
	at org.springframework.web.filter.OncePerRequestFilter.doFilter(OncePerRequestFilter.java:116)
	at org.apache.catalina.core.ApplicationFilterChain.internalDoFilter(ApplicationFilterChain.java:164)
	at org.apache.catalina.core.ApplicationFilterChain.doFilter(ApplicationFilterChain.java:140)
	at org.springframework.web.filter.ServerHttpObservationFilter.doFilterInternal(ServerHttpObservationFilter.java:110)
	at org.springframework.web.filter.OncePerRequestFilter.doFilter(OncePerRequestFilter.java:116)
	at org.apache.catalina.core.ApplicationFilterChain.internalDoFilter(ApplicationFilterChain.java:164)
	at org.apache.catalina.core.ApplicationFilterChain.doFilter(ApplicationFilterChain.java:140)
	at org.springframework.web.filter.CharacterEncodingFilter.doFilterInternal(CharacterEncodingFilter.java:201)
	at org.springframework.web.filter.OncePerRequestFilter.doFilter(OncePerRequestFilter.java:116)
	at org.apache.catalina.core.ApplicationFilterChain.internalDoFilter(ApplicationFilterChain.java:164)
	at org.apache.catalina.core.ApplicationFilterChain.doFilter(ApplicationFilterChain.java:140)
	at org.apache.catalina.core.StandardWrapperValve.invoke(StandardWrapperValve.java:167)
	at org.apache.catalina.core.StandardContextValve.invoke(StandardContextValve.java:90)
	at org.apache.catalina.authenticator.AuthenticatorBase.invoke(AuthenticatorBase.java:483)
	at org.apache.catalina.core.StandardHostValve.invoke(StandardHostValve.java:116)
	at org.apache.catalina.valves.ErrorReportValve.invoke(ErrorReportValve.java:93)
	at org.apache.catalina.core.StandardEngineValve.invoke(StandardEngineValve.java:74)
	at org.apache.catalina.connector.CoyoteAdapter.service(CoyoteAdapter.java:344)
	at org.apache.coyote.http11.Http11Processor.service(Http11Processor.java:398)
	at org.apache.coyote.AbstractProcessorLight.process(AbstractProcessorLight.java:63)
	at org.apache.coyote.AbstractProtocol$ConnectionHandler.process(AbstractProtocol.java:903)
	at org.apache.tomcat.util.net.NioEndpoint$SocketProcessor.doRun(NioEndpoint.java:1769)
	at org.apache.tomcat.util.net.SocketProcessorBase.run(SocketProcessorBase.java:52)
	at org.apache.tomcat.util.threads.ThreadPoolExecutor.runWorker(ThreadPoolExecutor.java:1189)
	at org.apache.tomcat.util.threads.ThreadPoolExecutor$Worker.run(ThreadPoolExecutor.java:658)
	at org.apache.tomcat.util.threads.TaskThread$WrappingRunnable.run(TaskThread.java:63)
	at java.base/java.lang.Thread.run(Thread.java:1447)
Caused by: org.intics.hermes.exception.HermesException: Invalid login source: 1
	at org.intics.hermes.service.AuthService.loginRedirect(AuthService.java:53)
	at org.intics.hermes.controller.AuthController.loginRedirect(AuthController.java:30)
	... 52 common frames omitted
2025-08-13 01:58:39 [http-nio-8191-exec-2] WARN  o.s.w.s.m.m.a.ExceptionHandlerExceptionResolver - Failure in @ExceptionHandler org.intics.hermes.exception.GlobalExceptionHandler#handleHermesException(HermesException)
java.lang.NullPointerException: Cannot invoke "java.lang.Integer.intValue()" because the return value of "org.intics.hermes.exception.HermesException.getErrorCode()" is null
	at org.intics.hermes.exception.GlobalExceptionHandler.handleHermesException(GlobalExceptionHandler.java:53)
	at java.base/jdk.internal.reflect.DirectMethodHandleAccessor.invoke(DirectMethodHandleAccessor.java:104)
	at java.base/java.lang.reflect.Method.invoke(Method.java:565)
	at org.springframework.web.method.support.InvocableHandlerMethod.doInvoke(InvocableHandlerMethod.java:258)
	at org.springframework.web.method.support.InvocableHandlerMethod.invokeForRequest(InvocableHandlerMethod.java:191)
	at org.springframework.web.servlet.mvc.method.annotation.ServletInvocableHandlerMethod.invokeAndHandle(ServletInvocableHandlerMethod.java:118)
	at org.springframework.web.servlet.mvc.method.annotation.ExceptionHandlerExceptionResolver.doResolveHandlerMethodException(ExceptionHandlerExceptionResolver.java:471)
	at org.springframework.web.servlet.handler.AbstractHandlerMethodExceptionResolver.doResolveException(AbstractHandlerMethodExceptionResolver.java:73)
	at org.springframework.web.servlet.handler.AbstractHandlerExceptionResolver.resolveException(AbstractHandlerExceptionResolver.java:182)
	at org.springframework.web.servlet.handler.HandlerExceptionResolverComposite.resolveException(HandlerExceptionResolverComposite.java:80)
	at org.springframework.web.servlet.DispatcherServlet.processHandlerException(DispatcherServlet.java:1360)
	at org.springframework.web.servlet.DispatcherServlet.processDispatchResult(DispatcherServlet.java:1161)
	at org.springframework.web.servlet.DispatcherServlet.doDispatch(DispatcherServlet.java:1106)
	at org.springframework.web.servlet.DispatcherServlet.doService(DispatcherServlet.java:979)
	at org.springframework.web.servlet.FrameworkServlet.processRequest(FrameworkServlet.java:1014)
	at org.springframework.web.servlet.FrameworkServlet.doPost(FrameworkServlet.java:914)
	at jakarta.servlet.http.HttpServlet.service(HttpServlet.java:590)
	at org.springframework.web.servlet.FrameworkServlet.service(FrameworkServlet.java:885)
	at jakarta.servlet.http.HttpServlet.service(HttpServlet.java:658)
	at org.apache.catalina.core.ApplicationFilterChain.internalDoFilter(ApplicationFilterChain.java:195)
	at org.apache.catalina.core.ApplicationFilterChain.doFilter(ApplicationFilterChain.java:140)
	at org.apache.tomcat.websocket.server.WsFilter.doFilter(WsFilter.java:51)
	at org.apache.catalina.core.ApplicationFilterChain.internalDoFilter(ApplicationFilterChain.java:164)
	at org.apache.catalina.core.ApplicationFilterChain.doFilter(ApplicationFilterChain.java:140)
	at org.springframework.web.filter.RequestContextFilter.doFilterInternal(RequestContextFilter.java:100)
	at org.springframework.web.filter.OncePerRequestFilter.doFilter(OncePerRequestFilter.java:116)
	at org.apache.catalina.core.ApplicationFilterChain.internalDoFilter(ApplicationFilterChain.java:164)
	at org.apache.catalina.core.ApplicationFilterChain.doFilter(ApplicationFilterChain.java:140)
	at org.springframework.web.filter.FormContentFilter.doFilterInternal(FormContentFilter.java:93)
	at org.springframework.web.filter.OncePerRequestFilter.doFilter(OncePerRequestFilter.java:116)
	at org.apache.catalina.core.ApplicationFilterChain.internalDoFilter(ApplicationFilterChain.java:164)
	at org.apache.catalina.core.ApplicationFilterChain.doFilter(ApplicationFilterChain.java:140)
	at org.springframework.web.filter.ServerHttpObservationFilter.doFilterInternal(ServerHttpObservationFilter.java:110)
	at org.springframework.web.filter.OncePerRequestFilter.doFilter(OncePerRequestFilter.java:116)
	at org.apache.catalina.core.ApplicationFilterChain.internalDoFilter(ApplicationFilterChain.java:164)
	at org.apache.catalina.core.ApplicationFilterChain.doFilter(ApplicationFilterChain.java:140)
	at org.springframework.web.filter.CharacterEncodingFilter.doFilterInternal(CharacterEncodingFilter.java:201)
	at org.springframework.web.filter.OncePerRequestFilter.doFilter(OncePerRequestFilter.java:116)
	at org.apache.catalina.core.ApplicationFilterChain.internalDoFilter(ApplicationFilterChain.java:164)
	at org.apache.catalina.core.ApplicationFilterChain.doFilter(ApplicationFilterChain.java:140)
	at org.apache.catalina.core.StandardWrapperValve.invoke(StandardWrapperValve.java:167)
	at org.apache.catalina.core.StandardContextValve.invoke(StandardContextValve.java:90)
	at org.apache.catalina.authenticator.AuthenticatorBase.invoke(AuthenticatorBase.java:483)
	at org.apache.catalina.core.StandardHostValve.invoke(StandardHostValve.java:116)
	at org.apache.catalina.valves.ErrorReportValve.invoke(ErrorReportValve.java:93)
	at org.apache.catalina.core.StandardEngineValve.invoke(StandardEngineValve.java:74)
	at org.apache.catalina.connector.CoyoteAdapter.service(CoyoteAdapter.java:344)
	at org.apache.coyote.http11.Http11Processor.service(Http11Processor.java:398)
	at org.apache.coyote.AbstractProcessorLight.process(AbstractProcessorLight.java:63)
	at org.apache.coyote.AbstractProtocol$ConnectionHandler.process(AbstractProtocol.java:903)
	at org.apache.tomcat.util.net.NioEndpoint$SocketProcessor.doRun(NioEndpoint.java:1769)
	at org.apache.tomcat.util.net.SocketProcessorBase.run(SocketProcessorBase.java:52)
	at org.apache.tomcat.util.threads.ThreadPoolExecutor.runWorker(ThreadPoolExecutor.java:1189)
	at org.apache.tomcat.util.threads.ThreadPoolExecutor$Worker.run(ThreadPoolExecutor.java:658)
	at org.apache.tomcat.util.threads.TaskThread$WrappingRunnable.run(TaskThread.java:63)
	at java.base/java.lang.Thread.run(Thread.java:1447)
2025-08-13 01:58:39 [http-nio-8191-exec-2] ERROR o.a.c.c.C.[.[.[.[dispatcherServlet] - Servlet.service() for servlet [dispatcherServlet] in context with path [/hermes] threw exception [Request processing failed: org.intics.hermes.exception.HermesException: Invalid login source: 1] with root cause
org.intics.hermes.exception.HermesException: Invalid login source: 1
	at org.intics.hermes.service.AuthService.loginRedirect(AuthService.java:53)
	at org.intics.hermes.controller.AuthController.loginRedirect(AuthController.java:30)
	at java.base/jdk.internal.reflect.DirectMethodHandleAccessor.invoke(DirectMethodHandleAccessor.java:104)
	at java.base/java.lang.reflect.Method.invoke(Method.java:565)
	at org.springframework.web.method.support.InvocableHandlerMethod.doInvoke(InvocableHandlerMethod.java:258)
	at org.springframework.web.method.support.InvocableHandlerMethod.invokeForRequest(InvocableHandlerMethod.java:191)
	at org.springframework.web.servlet.mvc.method.annotation.ServletInvocableHandlerMethod.invokeAndHandle(ServletInvocableHandlerMethod.java:118)
	at org.springframework.web.servlet.mvc.method.annotation.RequestMappingHandlerAdapter.invokeHandlerMethod(RequestMappingHandlerAdapter.java:991)
	at org.springframework.web.servlet.mvc.method.annotation.RequestMappingHandlerAdapter.handleInternal(RequestMappingHandlerAdapter.java:896)
	at org.springframework.web.servlet.mvc.method.AbstractHandlerMethodAdapter.handle(AbstractHandlerMethodAdapter.java:87)
	at org.springframework.web.servlet.DispatcherServlet.doDispatch(DispatcherServlet.java:1089)
	at org.springframework.web.servlet.DispatcherServlet.doService(DispatcherServlet.java:979)
	at org.springframework.web.servlet.FrameworkServlet.processRequest(FrameworkServlet.java:1014)
	at org.springframework.web.servlet.FrameworkServlet.doPost(FrameworkServlet.java:914)
	at jakarta.servlet.http.HttpServlet.service(HttpServlet.java:590)
	at org.springframework.web.servlet.FrameworkServlet.service(FrameworkServlet.java:885)
	at jakarta.servlet.http.HttpServlet.service(HttpServlet.java:658)
	at org.apache.catalina.core.ApplicationFilterChain.internalDoFilter(ApplicationFilterChain.java:195)
	at org.apache.catalina.core.ApplicationFilterChain.doFilter(ApplicationFilterChain.java:140)
	at org.apache.tomcat.websocket.server.WsFilter.doFilter(WsFilter.java:51)
	at org.apache.catalina.core.ApplicationFilterChain.internalDoFilter(ApplicationFilterChain.java:164)
	at org.apache.catalina.core.ApplicationFilterChain.doFilter(ApplicationFilterChain.java:140)
	at org.springframework.web.filter.RequestContextFilter.doFilterInternal(RequestContextFilter.java:100)
	at org.springframework.web.filter.OncePerRequestFilter.doFilter(OncePerRequestFilter.java:116)
	at org.apache.catalina.core.ApplicationFilterChain.internalDoFilter(ApplicationFilterChain.java:164)
	at org.apache.catalina.core.ApplicationFilterChain.doFilter(ApplicationFilterChain.java:140)
	at org.springframework.web.filter.FormContentFilter.doFilterInternal(FormContentFilter.java:93)
	at org.springframework.web.filter.OncePerRequestFilter.doFilter(OncePerRequestFilter.java:116)
	at org.apache.catalina.core.ApplicationFilterChain.internalDoFilter(ApplicationFilterChain.java:164)
	at org.apache.catalina.core.ApplicationFilterChain.doFilter(ApplicationFilterChain.java:140)
	at org.springframework.web.filter.ServerHttpObservationFilter.doFilterInternal(ServerHttpObservationFilter.java:110)
	at org.springframework.web.filter.OncePerRequestFilter.doFilter(OncePerRequestFilter.java:116)
	at org.apache.catalina.core.ApplicationFilterChain.internalDoFilter(ApplicationFilterChain.java:164)
	at org.apache.catalina.core.ApplicationFilterChain.doFilter(ApplicationFilterChain.java:140)
	at org.springframework.web.filter.CharacterEncodingFilter.doFilterInternal(CharacterEncodingFilter.java:201)
	at org.springframework.web.filter.OncePerRequestFilter.doFilter(OncePerRequestFilter.java:116)
	at org.apache.catalina.core.ApplicationFilterChain.internalDoFilter(ApplicationFilterChain.java:164)
	at org.apache.catalina.core.ApplicationFilterChain.doFilter(ApplicationFilterChain.java:140)
	at org.apache.catalina.core.StandardWrapperValve.invoke(StandardWrapperValve.java:167)
	at org.apache.catalina.core.StandardContextValve.invoke(StandardContextValve.java:90)
	at org.apache.catalina.authenticator.AuthenticatorBase.invoke(AuthenticatorBase.java:483)
	at org.apache.catalina.core.StandardHostValve.invoke(StandardHostValve.java:116)
	at org.apache.catalina.valves.ErrorReportValve.invoke(ErrorReportValve.java:93)
	at org.apache.catalina.core.StandardEngineValve.invoke(StandardEngineValve.java:74)
	at org.apache.catalina.connector.CoyoteAdapter.service(CoyoteAdapter.java:344)
	at org.apache.coyote.http11.Http11Processor.service(Http11Processor.java:398)
	at org.apache.coyote.AbstractProcessorLight.process(AbstractProcessorLight.java:63)
	at org.apache.coyote.AbstractProtocol$ConnectionHandler.process(AbstractProtocol.java:903)
	at org.apache.tomcat.util.net.NioEndpoint$SocketProcessor.doRun(NioEndpoint.java:1769)
	at org.apache.tomcat.util.net.SocketProcessorBase.run(SocketProcessorBase.java:52)
	at org.apache.tomcat.util.threads.ThreadPoolExecutor.runWorker(ThreadPoolExecutor.java:1189)
	at org.apache.tomcat.util.threads.ThreadPoolExecutor$Worker.run(ThreadPoolExecutor.java:658)
	at org.apache.tomcat.util.threads.TaskThread$WrappingRunnable.run(TaskThread.java:63)
	at java.base/java.lang.Thread.run(Thread.java:1447)
2025-08-13 01:59:05 [http-nio-8191-exec-4] INFO  o.i.hermes.controller.AuthController - Login request for username=SmartIntake
2025-08-13 01:59:05 [http-nio-8191-exec-4] INFO  o.intics.hermes.service.AuthService - loginRedirect called with loginSource=1, username=SmartIntake
2025-08-13 01:59:05 [http-nio-8191-exec-4] ERROR o.i.hermes.controller.AuthController - Login failed: Invalid login source: 1
org.intics.hermes.exception.HermesException: Invalid login source: 1
	at org.intics.hermes.service.AuthService.loginRedirect(AuthService.java:53)
	at org.intics.hermes.controller.AuthController.loginRedirect(AuthController.java:30)
	at java.base/jdk.internal.reflect.DirectMethodHandleAccessor.invoke(DirectMethodHandleAccessor.java:104)
	at java.base/java.lang.reflect.Method.invoke(Method.java:565)
	at org.springframework.web.method.support.InvocableHandlerMethod.doInvoke(InvocableHandlerMethod.java:258)
	at org.springframework.web.method.support.InvocableHandlerMethod.invokeForRequest(InvocableHandlerMethod.java:191)
	at org.springframework.web.servlet.mvc.method.annotation.ServletInvocableHandlerMethod.invokeAndHandle(ServletInvocableHandlerMethod.java:118)
	at org.springframework.web.servlet.mvc.method.annotation.RequestMappingHandlerAdapter.invokeHandlerMethod(RequestMappingHandlerAdapter.java:991)
	at org.springframework.web.servlet.mvc.method.annotation.RequestMappingHandlerAdapter.handleInternal(RequestMappingHandlerAdapter.java:896)
	at org.springframework.web.servlet.mvc.method.AbstractHandlerMethodAdapter.handle(AbstractHandlerMethodAdapter.java:87)
	at org.springframework.web.servlet.DispatcherServlet.doDispatch(DispatcherServlet.java:1089)
	at org.springframework.web.servlet.DispatcherServlet.doService(DispatcherServlet.java:979)
	at org.springframework.web.servlet.FrameworkServlet.processRequest(FrameworkServlet.java:1014)
	at org.springframework.web.servlet.FrameworkServlet.doPost(FrameworkServlet.java:914)
	at jakarta.servlet.http.HttpServlet.service(HttpServlet.java:590)
	at org.springframework.web.servlet.FrameworkServlet.service(FrameworkServlet.java:885)
	at jakarta.servlet.http.HttpServlet.service(HttpServlet.java:658)
	at org.apache.catalina.core.ApplicationFilterChain.internalDoFilter(ApplicationFilterChain.java:195)
	at org.apache.catalina.core.ApplicationFilterChain.doFilter(ApplicationFilterChain.java:140)
	at org.apache.tomcat.websocket.server.WsFilter.doFilter(WsFilter.java:51)
	at org.apache.catalina.core.ApplicationFilterChain.internalDoFilter(ApplicationFilterChain.java:164)
	at org.apache.catalina.core.ApplicationFilterChain.doFilter(ApplicationFilterChain.java:140)
	at org.springframework.web.filter.RequestContextFilter.doFilterInternal(RequestContextFilter.java:100)
	at org.springframework.web.filter.OncePerRequestFilter.doFilter(OncePerRequestFilter.java:116)
	at org.apache.catalina.core.ApplicationFilterChain.internalDoFilter(ApplicationFilterChain.java:164)
	at org.apache.catalina.core.ApplicationFilterChain.doFilter(ApplicationFilterChain.java:140)
	at org.springframework.web.filter.FormContentFilter.doFilterInternal(FormContentFilter.java:93)
	at org.springframework.web.filter.OncePerRequestFilter.doFilter(OncePerRequestFilter.java:116)
	at org.apache.catalina.core.ApplicationFilterChain.internalDoFilter(ApplicationFilterChain.java:164)
	at org.apache.catalina.core.ApplicationFilterChain.doFilter(ApplicationFilterChain.java:140)
	at org.springframework.web.filter.ServerHttpObservationFilter.doFilterInternal(ServerHttpObservationFilter.java:110)
	at org.springframework.web.filter.OncePerRequestFilter.doFilter(OncePerRequestFilter.java:116)
	at org.apache.catalina.core.ApplicationFilterChain.internalDoFilter(ApplicationFilterChain.java:164)
	at org.apache.catalina.core.ApplicationFilterChain.doFilter(ApplicationFilterChain.java:140)
	at org.springframework.web.filter.CharacterEncodingFilter.doFilterInternal(CharacterEncodingFilter.java:201)
	at org.springframework.web.filter.OncePerRequestFilter.doFilter(OncePerRequestFilter.java:116)
	at org.apache.catalina.core.ApplicationFilterChain.internalDoFilter(ApplicationFilterChain.java:164)
	at org.apache.catalina.core.ApplicationFilterChain.doFilter(ApplicationFilterChain.java:140)
	at org.apache.catalina.core.StandardWrapperValve.invoke(StandardWrapperValve.java:167)
	at org.apache.catalina.core.StandardContextValve.invoke(StandardContextValve.java:90)
	at org.apache.catalina.authenticator.AuthenticatorBase.invoke(AuthenticatorBase.java:483)
	at org.apache.catalina.core.StandardHostValve.invoke(StandardHostValve.java:116)
	at org.apache.catalina.valves.ErrorReportValve.invoke(ErrorReportValve.java:93)
	at org.apache.catalina.core.StandardEngineValve.invoke(StandardEngineValve.java:74)
	at org.apache.catalina.connector.CoyoteAdapter.service(CoyoteAdapter.java:344)
	at org.apache.coyote.http11.Http11Processor.service(Http11Processor.java:398)
	at org.apache.coyote.AbstractProcessorLight.process(AbstractProcessorLight.java:63)
	at org.apache.coyote.AbstractProtocol$ConnectionHandler.process(AbstractProtocol.java:903)
	at org.apache.tomcat.util.net.NioEndpoint$SocketProcessor.doRun(NioEndpoint.java:1769)
	at org.apache.tomcat.util.net.SocketProcessorBase.run(SocketProcessorBase.java:52)
	at org.apache.tomcat.util.threads.ThreadPoolExecutor.runWorker(ThreadPoolExecutor.java:1189)
	at org.apache.tomcat.util.threads.ThreadPoolExecutor$Worker.run(ThreadPoolExecutor.java:658)
	at org.apache.tomcat.util.threads.TaskThread$WrappingRunnable.run(TaskThread.java:63)
	at java.base/java.lang.Thread.run(Thread.java:1447)
2025-08-13 01:59:05 [http-nio-8191-exec-4] ERROR o.i.h.e.GlobalExceptionHandler - Invalid login source: 1
org.intics.hermes.exception.HermesException: Invalid login source: 1
	at org.intics.hermes.controller.AuthController.loginRedirect(AuthController.java:33)
	at java.base/jdk.internal.reflect.DirectMethodHandleAccessor.invoke(DirectMethodHandleAccessor.java:104)
	at java.base/java.lang.reflect.Method.invoke(Method.java:565)
	at org.springframework.web.method.support.InvocableHandlerMethod.doInvoke(InvocableHandlerMethod.java:258)
	at org.springframework.web.method.support.InvocableHandlerMethod.invokeForRequest(InvocableHandlerMethod.java:191)
	at org.springframework.web.servlet.mvc.method.annotation.ServletInvocableHandlerMethod.invokeAndHandle(ServletInvocableHandlerMethod.java:118)
	at org.springframework.web.servlet.mvc.method.annotation.RequestMappingHandlerAdapter.invokeHandlerMethod(RequestMappingHandlerAdapter.java:991)
	at org.springframework.web.servlet.mvc.method.annotation.RequestMappingHandlerAdapter.handleInternal(RequestMappingHandlerAdapter.java:896)
	at org.springframework.web.servlet.mvc.method.AbstractHandlerMethodAdapter.handle(AbstractHandlerMethodAdapter.java:87)
	at org.springframework.web.servlet.DispatcherServlet.doDispatch(DispatcherServlet.java:1089)
	at org.springframework.web.servlet.DispatcherServlet.doService(DispatcherServlet.java:979)
	at org.springframework.web.servlet.FrameworkServlet.processRequest(FrameworkServlet.java:1014)
	at org.springframework.web.servlet.FrameworkServlet.doPost(FrameworkServlet.java:914)
	at jakarta.servlet.http.HttpServlet.service(HttpServlet.java:590)
	at org.springframework.web.servlet.FrameworkServlet.service(FrameworkServlet.java:885)
	at jakarta.servlet.http.HttpServlet.service(HttpServlet.java:658)
	at org.apache.catalina.core.ApplicationFilterChain.internalDoFilter(ApplicationFilterChain.java:195)
	at org.apache.catalina.core.ApplicationFilterChain.doFilter(ApplicationFilterChain.java:140)
	at org.apache.tomcat.websocket.server.WsFilter.doFilter(WsFilter.java:51)
	at org.apache.catalina.core.ApplicationFilterChain.internalDoFilter(ApplicationFilterChain.java:164)
	at org.apache.catalina.core.ApplicationFilterChain.doFilter(ApplicationFilterChain.java:140)
	at org.springframework.web.filter.RequestContextFilter.doFilterInternal(RequestContextFilter.java:100)
	at org.springframework.web.filter.OncePerRequestFilter.doFilter(OncePerRequestFilter.java:116)
	at org.apache.catalina.core.ApplicationFilterChain.internalDoFilter(ApplicationFilterChain.java:164)
	at org.apache.catalina.core.ApplicationFilterChain.doFilter(ApplicationFilterChain.java:140)
	at org.springframework.web.filter.FormContentFilter.doFilterInternal(FormContentFilter.java:93)
	at org.springframework.web.filter.OncePerRequestFilter.doFilter(OncePerRequestFilter.java:116)
	at org.apache.catalina.core.ApplicationFilterChain.internalDoFilter(ApplicationFilterChain.java:164)
	at org.apache.catalina.core.ApplicationFilterChain.doFilter(ApplicationFilterChain.java:140)
	at org.springframework.web.filter.ServerHttpObservationFilter.doFilterInternal(ServerHttpObservationFilter.java:110)
	at org.springframework.web.filter.OncePerRequestFilter.doFilter(OncePerRequestFilter.java:116)
	at org.apache.catalina.core.ApplicationFilterChain.internalDoFilter(ApplicationFilterChain.java:164)
	at org.apache.catalina.core.ApplicationFilterChain.doFilter(ApplicationFilterChain.java:140)
	at org.springframework.web.filter.CharacterEncodingFilter.doFilterInternal(CharacterEncodingFilter.java:201)
	at org.springframework.web.filter.OncePerRequestFilter.doFilter(OncePerRequestFilter.java:116)
	at org.apache.catalina.core.ApplicationFilterChain.internalDoFilter(ApplicationFilterChain.java:164)
	at org.apache.catalina.core.ApplicationFilterChain.doFilter(ApplicationFilterChain.java:140)
	at org.apache.catalina.core.StandardWrapperValve.invoke(StandardWrapperValve.java:167)
	at org.apache.catalina.core.StandardContextValve.invoke(StandardContextValve.java:90)
	at org.apache.catalina.authenticator.AuthenticatorBase.invoke(AuthenticatorBase.java:483)
	at org.apache.catalina.core.StandardHostValve.invoke(StandardHostValve.java:116)
	at org.apache.catalina.valves.ErrorReportValve.invoke(ErrorReportValve.java:93)
	at org.apache.catalina.core.StandardEngineValve.invoke(StandardEngineValve.java:74)
	at org.apache.catalina.connector.CoyoteAdapter.service(CoyoteAdapter.java:344)
	at org.apache.coyote.http11.Http11Processor.service(Http11Processor.java:398)
	at org.apache.coyote.AbstractProcessorLight.process(AbstractProcessorLight.java:63)
	at org.apache.coyote.AbstractProtocol$ConnectionHandler.process(AbstractProtocol.java:903)
	at org.apache.tomcat.util.net.NioEndpoint$SocketProcessor.doRun(NioEndpoint.java:1769)
	at org.apache.tomcat.util.net.SocketProcessorBase.run(SocketProcessorBase.java:52)
	at org.apache.tomcat.util.threads.ThreadPoolExecutor.runWorker(ThreadPoolExecutor.java:1189)
	at org.apache.tomcat.util.threads.ThreadPoolExecutor$Worker.run(ThreadPoolExecutor.java:658)
	at org.apache.tomcat.util.threads.TaskThread$WrappingRunnable.run(TaskThread.java:63)
	at java.base/java.lang.Thread.run(Thread.java:1447)
Caused by: org.intics.hermes.exception.HermesException: Invalid login source: 1
	at org.intics.hermes.service.AuthService.loginRedirect(AuthService.java:53)
	at org.intics.hermes.controller.AuthController.loginRedirect(AuthController.java:30)
	... 52 common frames omitted
2025-08-13 01:59:05 [http-nio-8191-exec-4] WARN  o.s.w.s.m.m.a.ExceptionHandlerExceptionResolver - Failure in @ExceptionHandler org.intics.hermes.exception.GlobalExceptionHandler#handleHermesException(HermesException)
java.lang.NullPointerException: Cannot invoke "java.lang.Integer.intValue()" because the return value of "org.intics.hermes.exception.HermesException.getErrorCode()" is null
	at org.intics.hermes.exception.GlobalExceptionHandler.handleHermesException(GlobalExceptionHandler.java:53)
	at java.base/jdk.internal.reflect.DirectMethodHandleAccessor.invoke(DirectMethodHandleAccessor.java:104)
	at java.base/java.lang.reflect.Method.invoke(Method.java:565)
	at org.springframework.web.method.support.InvocableHandlerMethod.doInvoke(InvocableHandlerMethod.java:258)
	at org.springframework.web.method.support.InvocableHandlerMethod.invokeForRequest(InvocableHandlerMethod.java:191)
	at org.springframework.web.servlet.mvc.method.annotation.ServletInvocableHandlerMethod.invokeAndHandle(ServletInvocableHandlerMethod.java:118)
	at org.springframework.web.servlet.mvc.method.annotation.ExceptionHandlerExceptionResolver.doResolveHandlerMethodException(ExceptionHandlerExceptionResolver.java:471)
	at org.springframework.web.servlet.handler.AbstractHandlerMethodExceptionResolver.doResolveException(AbstractHandlerMethodExceptionResolver.java:73)
	at org.springframework.web.servlet.handler.AbstractHandlerExceptionResolver.resolveException(AbstractHandlerExceptionResolver.java:182)
	at org.springframework.web.servlet.handler.HandlerExceptionResolverComposite.resolveException(HandlerExceptionResolverComposite.java:80)
	at org.springframework.web.servlet.DispatcherServlet.processHandlerException(DispatcherServlet.java:1360)
	at org.springframework.web.servlet.DispatcherServlet.processDispatchResult(DispatcherServlet.java:1161)
	at org.springframework.web.servlet.DispatcherServlet.doDispatch(DispatcherServlet.java:1106)
	at org.springframework.web.servlet.DispatcherServlet.doService(DispatcherServlet.java:979)
	at org.springframework.web.servlet.FrameworkServlet.processRequest(FrameworkServlet.java:1014)
	at org.springframework.web.servlet.FrameworkServlet.doPost(FrameworkServlet.java:914)
	at jakarta.servlet.http.HttpServlet.service(HttpServlet.java:590)
	at org.springframework.web.servlet.FrameworkServlet.service(FrameworkServlet.java:885)
	at jakarta.servlet.http.HttpServlet.service(HttpServlet.java:658)
	at org.apache.catalina.core.ApplicationFilterChain.internalDoFilter(ApplicationFilterChain.java:195)
	at org.apache.catalina.core.ApplicationFilterChain.doFilter(ApplicationFilterChain.java:140)
	at org.apache.tomcat.websocket.server.WsFilter.doFilter(WsFilter.java:51)
	at org.apache.catalina.core.ApplicationFilterChain.internalDoFilter(ApplicationFilterChain.java:164)
	at org.apache.catalina.core.ApplicationFilterChain.doFilter(ApplicationFilterChain.java:140)
	at org.springframework.web.filter.RequestContextFilter.doFilterInternal(RequestContextFilter.java:100)
	at org.springframework.web.filter.OncePerRequestFilter.doFilter(OncePerRequestFilter.java:116)
	at org.apache.catalina.core.ApplicationFilterChain.internalDoFilter(ApplicationFilterChain.java:164)
	at org.apache.catalina.core.ApplicationFilterChain.doFilter(ApplicationFilterChain.java:140)
	at org.springframework.web.filter.FormContentFilter.doFilterInternal(FormContentFilter.java:93)
	at org.springframework.web.filter.OncePerRequestFilter.doFilter(OncePerRequestFilter.java:116)
	at org.apache.catalina.core.ApplicationFilterChain.internalDoFilter(ApplicationFilterChain.java:164)
	at org.apache.catalina.core.ApplicationFilterChain.doFilter(ApplicationFilterChain.java:140)
	at org.springframework.web.filter.ServerHttpObservationFilter.doFilterInternal(ServerHttpObservationFilter.java:110)
	at org.springframework.web.filter.OncePerRequestFilter.doFilter(OncePerRequestFilter.java:116)
	at org.apache.catalina.core.ApplicationFilterChain.internalDoFilter(ApplicationFilterChain.java:164)
	at org.apache.catalina.core.ApplicationFilterChain.doFilter(ApplicationFilterChain.java:140)
	at org.springframework.web.filter.CharacterEncodingFilter.doFilterInternal(CharacterEncodingFilter.java:201)
	at org.springframework.web.filter.OncePerRequestFilter.doFilter(OncePerRequestFilter.java:116)
	at org.apache.catalina.core.ApplicationFilterChain.internalDoFilter(ApplicationFilterChain.java:164)
	at org.apache.catalina.core.ApplicationFilterChain.doFilter(ApplicationFilterChain.java:140)
	at org.apache.catalina.core.StandardWrapperValve.invoke(StandardWrapperValve.java:167)
	at org.apache.catalina.core.StandardContextValve.invoke(StandardContextValve.java:90)
	at org.apache.catalina.authenticator.AuthenticatorBase.invoke(AuthenticatorBase.java:483)
	at org.apache.catalina.core.StandardHostValve.invoke(StandardHostValve.java:116)
	at org.apache.catalina.valves.ErrorReportValve.invoke(ErrorReportValve.java:93)
	at org.apache.catalina.core.StandardEngineValve.invoke(StandardEngineValve.java:74)
	at org.apache.catalina.connector.CoyoteAdapter.service(CoyoteAdapter.java:344)
	at org.apache.coyote.http11.Http11Processor.service(Http11Processor.java:398)
	at org.apache.coyote.AbstractProcessorLight.process(AbstractProcessorLight.java:63)
	at org.apache.coyote.AbstractProtocol$ConnectionHandler.process(AbstractProtocol.java:903)
	at org.apache.tomcat.util.net.NioEndpoint$SocketProcessor.doRun(NioEndpoint.java:1769)
	at org.apache.tomcat.util.net.SocketProcessorBase.run(SocketProcessorBase.java:52)
	at org.apache.tomcat.util.threads.ThreadPoolExecutor.runWorker(ThreadPoolExecutor.java:1189)
	at org.apache.tomcat.util.threads.ThreadPoolExecutor$Worker.run(ThreadPoolExecutor.java:658)
	at org.apache.tomcat.util.threads.TaskThread$WrappingRunnable.run(TaskThread.java:63)
	at java.base/java.lang.Thread.run(Thread.java:1447)
2025-08-13 01:59:05 [http-nio-8191-exec-4] ERROR o.a.c.c.C.[.[.[.[dispatcherServlet] - Servlet.service() for servlet [dispatcherServlet] in context with path [/hermes] threw exception [Request processing failed: org.intics.hermes.exception.HermesException: Invalid login source: 1] with root cause
org.intics.hermes.exception.HermesException: Invalid login source: 1
	at org.intics.hermes.service.AuthService.loginRedirect(AuthService.java:53)
	at org.intics.hermes.controller.AuthController.loginRedirect(AuthController.java:30)
	at java.base/jdk.internal.reflect.DirectMethodHandleAccessor.invoke(DirectMethodHandleAccessor.java:104)
	at java.base/java.lang.reflect.Method.invoke(Method.java:565)
	at org.springframework.web.method.support.InvocableHandlerMethod.doInvoke(InvocableHandlerMethod.java:258)
	at org.springframework.web.method.support.InvocableHandlerMethod.invokeForRequest(InvocableHandlerMethod.java:191)
	at org.springframework.web.servlet.mvc.method.annotation.ServletInvocableHandlerMethod.invokeAndHandle(ServletInvocableHandlerMethod.java:118)
	at org.springframework.web.servlet.mvc.method.annotation.RequestMappingHandlerAdapter.invokeHandlerMethod(RequestMappingHandlerAdapter.java:991)
	at org.springframework.web.servlet.mvc.method.annotation.RequestMappingHandlerAdapter.handleInternal(RequestMappingHandlerAdapter.java:896)
	at org.springframework.web.servlet.mvc.method.AbstractHandlerMethodAdapter.handle(AbstractHandlerMethodAdapter.java:87)
	at org.springframework.web.servlet.DispatcherServlet.doDispatch(DispatcherServlet.java:1089)
	at org.springframework.web.servlet.DispatcherServlet.doService(DispatcherServlet.java:979)
	at org.springframework.web.servlet.FrameworkServlet.processRequest(FrameworkServlet.java:1014)
	at org.springframework.web.servlet.FrameworkServlet.doPost(FrameworkServlet.java:914)
	at jakarta.servlet.http.HttpServlet.service(HttpServlet.java:590)
	at org.springframework.web.servlet.FrameworkServlet.service(FrameworkServlet.java:885)
	at jakarta.servlet.http.HttpServlet.service(HttpServlet.java:658)
	at org.apache.catalina.core.ApplicationFilterChain.internalDoFilter(ApplicationFilterChain.java:195)
	at org.apache.catalina.core.ApplicationFilterChain.doFilter(ApplicationFilterChain.java:140)
	at org.apache.tomcat.websocket.server.WsFilter.doFilter(WsFilter.java:51)
	at org.apache.catalina.core.ApplicationFilterChain.internalDoFilter(ApplicationFilterChain.java:164)
	at org.apache.catalina.core.ApplicationFilterChain.doFilter(ApplicationFilterChain.java:140)
	at org.springframework.web.filter.RequestContextFilter.doFilterInternal(RequestContextFilter.java:100)
	at org.springframework.web.filter.OncePerRequestFilter.doFilter(OncePerRequestFilter.java:116)
	at org.apache.catalina.core.ApplicationFilterChain.internalDoFilter(ApplicationFilterChain.java:164)
	at org.apache.catalina.core.ApplicationFilterChain.doFilter(ApplicationFilterChain.java:140)
	at org.springframework.web.filter.FormContentFilter.doFilterInternal(FormContentFilter.java:93)
	at org.springframework.web.filter.OncePerRequestFilter.doFilter(OncePerRequestFilter.java:116)
	at org.apache.catalina.core.ApplicationFilterChain.internalDoFilter(ApplicationFilterChain.java:164)
	at org.apache.catalina.core.ApplicationFilterChain.doFilter(ApplicationFilterChain.java:140)
	at org.springframework.web.filter.ServerHttpObservationFilter.doFilterInternal(ServerHttpObservationFilter.java:110)
	at org.springframework.web.filter.OncePerRequestFilter.doFilter(OncePerRequestFilter.java:116)
	at org.apache.catalina.core.ApplicationFilterChain.internalDoFilter(ApplicationFilterChain.java:164)
	at org.apache.catalina.core.ApplicationFilterChain.doFilter(ApplicationFilterChain.java:140)
	at org.springframework.web.filter.CharacterEncodingFilter.doFilterInternal(CharacterEncodingFilter.java:201)
	at org.springframework.web.filter.OncePerRequestFilter.doFilter(OncePerRequestFilter.java:116)
	at org.apache.catalina.core.ApplicationFilterChain.internalDoFilter(ApplicationFilterChain.java:164)
	at org.apache.catalina.core.ApplicationFilterChain.doFilter(ApplicationFilterChain.java:140)
	at org.apache.catalina.core.StandardWrapperValve.invoke(StandardWrapperValve.java:167)
	at org.apache.catalina.core.StandardContextValve.invoke(StandardContextValve.java:90)
	at org.apache.catalina.authenticator.AuthenticatorBase.invoke(AuthenticatorBase.java:483)
	at org.apache.catalina.core.StandardHostValve.invoke(StandardHostValve.java:116)
	at org.apache.catalina.valves.ErrorReportValve.invoke(ErrorReportValve.java:93)
	at org.apache.catalina.core.StandardEngineValve.invoke(StandardEngineValve.java:74)
	at org.apache.catalina.connector.CoyoteAdapter.service(CoyoteAdapter.java:344)
	at org.apache.coyote.http11.Http11Processor.service(Http11Processor.java:398)
	at org.apache.coyote.AbstractProcessorLight.process(AbstractProcessorLight.java:63)
	at org.apache.coyote.AbstractProtocol$ConnectionHandler.process(AbstractProtocol.java:903)
	at org.apache.tomcat.util.net.NioEndpoint$SocketProcessor.doRun(NioEndpoint.java:1769)
	at org.apache.tomcat.util.net.SocketProcessorBase.run(SocketProcessorBase.java:52)
	at org.apache.tomcat.util.threads.ThreadPoolExecutor.runWorker(ThreadPoolExecutor.java:1189)
	at org.apache.tomcat.util.threads.ThreadPoolExecutor$Worker.run(ThreadPoolExecutor.java:658)
	at org.apache.tomcat.util.threads.TaskThread$WrappingRunnable.run(TaskThread.java:63)
	at java.base/java.lang.Thread.run(Thread.java:1447)
2025-08-13 01:59:07 [SpringApplicationShutdownHook] INFO  o.s.b.w.e.tomcat.GracefulShutdown - Commencing graceful shutdown. Waiting for active requests to complete
2025-08-13 01:59:07 [tomcat-shutdown] INFO  o.s.b.w.e.tomcat.GracefulShutdown - Graceful shutdown complete
2025-08-13 01:59:10 [background-preinit] INFO  o.h.validator.internal.util.Version - HV000001: Hibernate Validator 8.0.2.Final
2025-08-13 01:59:10 [restartedMain] INFO  org.intics.hermes.HermesApplication - Starting HermesApplication using Java 24.0.1 with PID 19520 (/home/roobadharani.deva@zucisystems.com/build/hermes/target/classes started by roobadharani.deva@zucisystems.com in /home/roobadharani.deva@zucisystems.com/build/hermes)
2025-08-13 01:59:10 [restartedMain] INFO  org.intics.hermes.HermesApplication - No active profile set, falling back to 1 default profile: "default"
2025-08-13 01:59:10 [restartedMain] INFO  o.s.b.d.e.DevToolsPropertyDefaultsPostProcessor - Devtools property defaults active! Set 'spring.devtools.add-properties' to 'false' to disable
2025-08-13 01:59:10 [restartedMain] INFO  o.s.b.d.e.DevToolsPropertyDefaultsPostProcessor - For additional web related logging consider setting the 'logging.level.web' property to 'DEBUG'
2025-08-13 01:59:11 [restartedMain] INFO  o.s.b.w.e.tomcat.TomcatWebServer - Tomcat initialized with port 8191 (http)
2025-08-13 01:59:11 [restartedMain] INFO  o.a.coyote.http11.Http11NioProtocol - Initializing ProtocolHandler ["http-nio-8191"]
2025-08-13 01:59:11 [restartedMain] INFO  o.a.catalina.core.StandardService - Starting service [Tomcat]
2025-08-13 01:59:11 [restartedMain] INFO  o.a.catalina.core.StandardEngine - Starting Servlet engine: [Apache Tomcat/10.1.43]
2025-08-13 01:59:11 [restartedMain] INFO  o.a.c.c.C.[.[localhost].[/hermes] - Initializing Spring embedded WebApplicationContext
2025-08-13 01:59:11 [restartedMain] INFO  o.s.b.w.s.c.ServletWebServerApplicationContext - Root WebApplicationContext: initialization completed in 1249 ms
2025-08-13 01:59:12 [restartedMain] INFO  o.s.b.d.a.OptionalLiveReloadServer - LiveReload server is running on port 35729
2025-08-13 01:59:12 [restartedMain] INFO  o.s.b.a.e.web.EndpointLinksResolver - Exposing 1 endpoint beneath base path '/actuator'
2025-08-13 01:59:12 [restartedMain] INFO  o.a.coyote.http11.Http11NioProtocol - Starting ProtocolHandler ["http-nio-8191"]
2025-08-13 01:59:12 [restartedMain] INFO  o.s.b.w.e.tomcat.TomcatWebServer - Tomcat started on port 8191 (http) with context path '/hermes'
2025-08-13 01:59:12 [restartedMain] INFO  org.intics.hermes.HermesApplication - Started HermesApplication in 2.501 seconds (process running for 3.127)
2025-08-13 01:59:14 [http-nio-8191-exec-2] INFO  o.a.c.c.C.[.[localhost].[/hermes] - Initializing Spring DispatcherServlet 'dispatcherServlet'
2025-08-13 01:59:14 [http-nio-8191-exec-2] INFO  o.s.web.servlet.DispatcherServlet - Initializing Servlet 'dispatcherServlet'
2025-08-13 01:59:14 [http-nio-8191-exec-2] INFO  o.s.web.servlet.DispatcherServlet - Completed initialization in 1 ms
2025-08-13 01:59:14 [http-nio-8191-exec-2] INFO  o.i.hermes.controller.AuthController - Login response success for username
2025-08-13 01:59:14 [http-nio-8191-exec-2] INFO  o.intics.hermes.service.AuthService - loginRedirect called with loginSource=1, username=SmartIntake
2025-08-13 01:59:14 [http-nio-8191-exec-2] ERROR o.i.h.e.GlobalExceptionHandler - Invalid login source: 1
org.intics.hermes.exception.HermesException: Invalid login source: 1
	at org.intics.hermes.service.AuthService.loginRedirect(AuthService.java:53)
	at org.intics.hermes.controller.AuthController.loginRedirect(AuthController.java:28)
	at java.base/jdk.internal.reflect.DirectMethodHandleAccessor.invoke(DirectMethodHandleAccessor.java:104)
	at java.base/java.lang.reflect.Method.invoke(Method.java:565)
	at org.springframework.web.method.support.InvocableHandlerMethod.doInvoke(InvocableHandlerMethod.java:258)
	at org.springframework.web.method.support.InvocableHandlerMethod.invokeForRequest(InvocableHandlerMethod.java:191)
	at org.springframework.web.servlet.mvc.method.annotation.ServletInvocableHandlerMethod.invokeAndHandle(ServletInvocableHandlerMethod.java:118)
	at org.springframework.web.servlet.mvc.method.annotation.RequestMappingHandlerAdapter.invokeHandlerMethod(RequestMappingHandlerAdapter.java:991)
	at org.springframework.web.servlet.mvc.method.annotation.RequestMappingHandlerAdapter.handleInternal(RequestMappingHandlerAdapter.java:896)
	at org.springframework.web.servlet.mvc.method.AbstractHandlerMethodAdapter.handle(AbstractHandlerMethodAdapter.java:87)
	at org.springframework.web.servlet.DispatcherServlet.doDispatch(DispatcherServlet.java:1089)
	at org.springframework.web.servlet.DispatcherServlet.doService(DispatcherServlet.java:979)
	at org.springframework.web.servlet.FrameworkServlet.processRequest(FrameworkServlet.java:1014)
	at org.springframework.web.servlet.FrameworkServlet.doPost(FrameworkServlet.java:914)
	at jakarta.servlet.http.HttpServlet.service(HttpServlet.java:590)
	at org.springframework.web.servlet.FrameworkServlet.service(FrameworkServlet.java:885)
	at jakarta.servlet.http.HttpServlet.service(HttpServlet.java:658)
	at org.apache.catalina.core.ApplicationFilterChain.internalDoFilter(ApplicationFilterChain.java:195)
	at org.apache.catalina.core.ApplicationFilterChain.doFilter(ApplicationFilterChain.java:140)
	at org.apache.tomcat.websocket.server.WsFilter.doFilter(WsFilter.java:51)
	at org.apache.catalina.core.ApplicationFilterChain.internalDoFilter(ApplicationFilterChain.java:164)
	at org.apache.catalina.core.ApplicationFilterChain.doFilter(ApplicationFilterChain.java:140)
	at org.springframework.web.filter.RequestContextFilter.doFilterInternal(RequestContextFilter.java:100)
	at org.springframework.web.filter.OncePerRequestFilter.doFilter(OncePerRequestFilter.java:116)
	at org.apache.catalina.core.ApplicationFilterChain.internalDoFilter(ApplicationFilterChain.java:164)
	at org.apache.catalina.core.ApplicationFilterChain.doFilter(ApplicationFilterChain.java:140)
	at org.springframework.web.filter.FormContentFilter.doFilterInternal(FormContentFilter.java:93)
	at org.springframework.web.filter.OncePerRequestFilter.doFilter(OncePerRequestFilter.java:116)
	at org.apache.catalina.core.ApplicationFilterChain.internalDoFilter(ApplicationFilterChain.java:164)
	at org.apache.catalina.core.ApplicationFilterChain.doFilter(ApplicationFilterChain.java:140)
	at org.springframework.web.filter.ServerHttpObservationFilter.doFilterInternal(ServerHttpObservationFilter.java:110)
	at org.springframework.web.filter.OncePerRequestFilter.doFilter(OncePerRequestFilter.java:116)
	at org.apache.catalina.core.ApplicationFilterChain.internalDoFilter(ApplicationFilterChain.java:164)
	at org.apache.catalina.core.ApplicationFilterChain.doFilter(ApplicationFilterChain.java:140)
	at org.springframework.web.filter.CharacterEncodingFilter.doFilterInternal(CharacterEncodingFilter.java:201)
	at org.springframework.web.filter.OncePerRequestFilter.doFilter(OncePerRequestFilter.java:116)
	at org.apache.catalina.core.ApplicationFilterChain.internalDoFilter(ApplicationFilterChain.java:164)
	at org.apache.catalina.core.ApplicationFilterChain.doFilter(ApplicationFilterChain.java:140)
	at org.apache.catalina.core.StandardWrapperValve.invoke(StandardWrapperValve.java:167)
	at org.apache.catalina.core.StandardContextValve.invoke(StandardContextValve.java:90)
	at org.apache.catalina.authenticator.AuthenticatorBase.invoke(AuthenticatorBase.java:483)
	at org.apache.catalina.core.StandardHostValve.invoke(StandardHostValve.java:116)
	at org.apache.catalina.valves.ErrorReportValve.invoke(ErrorReportValve.java:93)
	at org.apache.catalina.core.StandardEngineValve.invoke(StandardEngineValve.java:74)
	at org.apache.catalina.connector.CoyoteAdapter.service(CoyoteAdapter.java:344)
	at org.apache.coyote.http11.Http11Processor.service(Http11Processor.java:398)
	at org.apache.coyote.AbstractProcessorLight.process(AbstractProcessorLight.java:63)
	at org.apache.coyote.AbstractProtocol$ConnectionHandler.process(AbstractProtocol.java:903)
	at org.apache.tomcat.util.net.NioEndpoint$SocketProcessor.doRun(NioEndpoint.java:1769)
	at org.apache.tomcat.util.net.SocketProcessorBase.run(SocketProcessorBase.java:52)
	at org.apache.tomcat.util.threads.ThreadPoolExecutor.runWorker(ThreadPoolExecutor.java:1189)
	at org.apache.tomcat.util.threads.ThreadPoolExecutor$Worker.run(ThreadPoolExecutor.java:658)
	at org.apache.tomcat.util.threads.TaskThread$WrappingRunnable.run(TaskThread.java:63)
	at java.base/java.lang.Thread.run(Thread.java:1447)
2025-08-13 01:59:14 [http-nio-8191-exec-2] WARN  o.s.w.s.m.m.a.ExceptionHandlerExceptionResolver - Resolved [org.intics.hermes.exception.HermesException: Invalid login source: 1]
2025-08-13 01:59:29 [http-nio-8191-exec-4] INFO  o.i.hermes.controller.AuthController - Login response success for username
2025-08-13 01:59:29 [http-nio-8191-exec-4] INFO  o.intics.hermes.service.AuthService - loginRedirect called with loginSource=h, username=SmartIntake
2025-08-13 01:59:29 [http-nio-8191-exec-4] ERROR o.i.h.e.GlobalExceptionHandler - Invalid login source: h
org.intics.hermes.exception.HermesException: Invalid login source: h
	at org.intics.hermes.service.AuthService.loginRedirect(AuthService.java:53)
	at org.intics.hermes.controller.AuthController.loginRedirect(AuthController.java:28)
	at java.base/jdk.internal.reflect.DirectMethodHandleAccessor.invoke(DirectMethodHandleAccessor.java:104)
	at java.base/java.lang.reflect.Method.invoke(Method.java:565)
	at org.springframework.web.method.support.InvocableHandlerMethod.doInvoke(InvocableHandlerMethod.java:258)
	at org.springframework.web.method.support.InvocableHandlerMethod.invokeForRequest(InvocableHandlerMethod.java:191)
	at org.springframework.web.servlet.mvc.method.annotation.ServletInvocableHandlerMethod.invokeAndHandle(ServletInvocableHandlerMethod.java:118)
	at org.springframework.web.servlet.mvc.method.annotation.RequestMappingHandlerAdapter.invokeHandlerMethod(RequestMappingHandlerAdapter.java:991)
	at org.springframework.web.servlet.mvc.method.annotation.RequestMappingHandlerAdapter.handleInternal(RequestMappingHandlerAdapter.java:896)
	at org.springframework.web.servlet.mvc.method.AbstractHandlerMethodAdapter.handle(AbstractHandlerMethodAdapter.java:87)
	at org.springframework.web.servlet.DispatcherServlet.doDispatch(DispatcherServlet.java:1089)
	at org.springframework.web.servlet.DispatcherServlet.doService(DispatcherServlet.java:979)
	at org.springframework.web.servlet.FrameworkServlet.processRequest(FrameworkServlet.java:1014)
	at org.springframework.web.servlet.FrameworkServlet.doPost(FrameworkServlet.java:914)
	at jakarta.servlet.http.HttpServlet.service(HttpServlet.java:590)
	at org.springframework.web.servlet.FrameworkServlet.service(FrameworkServlet.java:885)
	at jakarta.servlet.http.HttpServlet.service(HttpServlet.java:658)
	at org.apache.catalina.core.ApplicationFilterChain.internalDoFilter(ApplicationFilterChain.java:195)
	at org.apache.catalina.core.ApplicationFilterChain.doFilter(ApplicationFilterChain.java:140)
	at org.apache.tomcat.websocket.server.WsFilter.doFilter(WsFilter.java:51)
	at org.apache.catalina.core.ApplicationFilterChain.internalDoFilter(ApplicationFilterChain.java:164)
	at org.apache.catalina.core.ApplicationFilterChain.doFilter(ApplicationFilterChain.java:140)
	at org.springframework.web.filter.RequestContextFilter.doFilterInternal(RequestContextFilter.java:100)
	at org.springframework.web.filter.OncePerRequestFilter.doFilter(OncePerRequestFilter.java:116)
	at org.apache.catalina.core.ApplicationFilterChain.internalDoFilter(ApplicationFilterChain.java:164)
	at org.apache.catalina.core.ApplicationFilterChain.doFilter(ApplicationFilterChain.java:140)
	at org.springframework.web.filter.FormContentFilter.doFilterInternal(FormContentFilter.java:93)
	at org.springframework.web.filter.OncePerRequestFilter.doFilter(OncePerRequestFilter.java:116)
	at org.apache.catalina.core.ApplicationFilterChain.internalDoFilter(ApplicationFilterChain.java:164)
	at org.apache.catalina.core.ApplicationFilterChain.doFilter(ApplicationFilterChain.java:140)
	at org.springframework.web.filter.ServerHttpObservationFilter.doFilterInternal(ServerHttpObservationFilter.java:110)
	at org.springframework.web.filter.OncePerRequestFilter.doFilter(OncePerRequestFilter.java:116)
	at org.apache.catalina.core.ApplicationFilterChain.internalDoFilter(ApplicationFilterChain.java:164)
	at org.apache.catalina.core.ApplicationFilterChain.doFilter(ApplicationFilterChain.java:140)
	at org.springframework.web.filter.CharacterEncodingFilter.doFilterInternal(CharacterEncodingFilter.java:201)
	at org.springframework.web.filter.OncePerRequestFilter.doFilter(OncePerRequestFilter.java:116)
	at org.apache.catalina.core.ApplicationFilterChain.internalDoFilter(ApplicationFilterChain.java:164)
	at org.apache.catalina.core.ApplicationFilterChain.doFilter(ApplicationFilterChain.java:140)
	at org.apache.catalina.core.StandardWrapperValve.invoke(StandardWrapperValve.java:167)
	at org.apache.catalina.core.StandardContextValve.invoke(StandardContextValve.java:90)
	at org.apache.catalina.authenticator.AuthenticatorBase.invoke(AuthenticatorBase.java:483)
	at org.apache.catalina.core.StandardHostValve.invoke(StandardHostValve.java:116)
	at org.apache.catalina.valves.ErrorReportValve.invoke(ErrorReportValve.java:93)
	at org.apache.catalina.core.StandardEngineValve.invoke(StandardEngineValve.java:74)
	at org.apache.catalina.connector.CoyoteAdapter.service(CoyoteAdapter.java:344)
	at org.apache.coyote.http11.Http11Processor.service(Http11Processor.java:398)
	at org.apache.coyote.AbstractProcessorLight.process(AbstractProcessorLight.java:63)
	at org.apache.coyote.AbstractProtocol$ConnectionHandler.process(AbstractProtocol.java:903)
	at org.apache.tomcat.util.net.NioEndpoint$SocketProcessor.doRun(NioEndpoint.java:1769)
	at org.apache.tomcat.util.net.SocketProcessorBase.run(SocketProcessorBase.java:52)
	at org.apache.tomcat.util.threads.ThreadPoolExecutor.runWorker(ThreadPoolExecutor.java:1189)
	at org.apache.tomcat.util.threads.ThreadPoolExecutor$Worker.run(ThreadPoolExecutor.java:658)
	at org.apache.tomcat.util.threads.TaskThread$WrappingRunnable.run(TaskThread.java:63)
	at java.base/java.lang.Thread.run(Thread.java:1447)
2025-08-13 01:59:29 [http-nio-8191-exec-4] WARN  o.s.w.s.m.m.a.ExceptionHandlerExceptionResolver - Resolved [org.intics.hermes.exception.HermesException: Invalid login source: h]
2025-08-13 01:59:34 [http-nio-8191-exec-6] INFO  o.i.hermes.controller.AuthController - Login response success for username
2025-08-13 01:59:34 [http-nio-8191-exec-6] INFO  o.intics.hermes.service.AuthService - loginRedirect called with loginSource=PH, username=SmartIntake
2025-08-13 01:59:34 [http-nio-8191-exec-6] INFO  o.intics.hermes.service.AuthService - Forwarding login request to: https://intics.elevance.ngrok.dev/alchemy-server/alchemy/api/v2/auth/login
2025-08-13 01:59:38 [http-nio-8191-exec-7] WARN  o.s.w.s.m.s.DefaultHandlerExceptionResolver - Resolved [org.springframework.web.bind.MissingRequestHeaderException: Required request header 'instanceType' for method parameter type String is not present]
2025-08-13 01:59:43 [http-nio-8191-exec-8] INFO  o.i.hermes.controller.AuthController - Login response success for username
2025-08-13 01:59:43 [http-nio-8191-exec-8] INFO  o.intics.hermes.service.AuthService - loginRedirect called with loginSource=PH, username=SmartIntake
2025-08-13 01:59:43 [http-nio-8191-exec-8] INFO  o.intics.hermes.service.AuthService - Forwarding login request to: https://intics.elevance.ngrok.dev/alchemy-server/alchemy/api/v2/auth/login
2025-08-13 02:00:01 [http-nio-8191-exec-10] WARN  o.s.w.s.m.s.DefaultHandlerExceptionResolver - Resolved [org.springframework.web.bind.MissingRequestHeaderException: Required request header 'Authorization' for method parameter type String is not present]
2025-08-13 02:00:10 [http-nio-8191-exec-2] INFO  o.i.h.c.InboundShadowController - Completed processing docTypeBasedRedirect for tenantId=1, documentType=HEALTH_CARE
2025-08-13 02:00:10 [http-nio-8191-exec-2] INFO  o.i.hermes.service.InboundService - docTypeRedirect called with tenantId=1, documentType=HEALTH_CARE, healthPlan=PH, channel=test
2025-08-13 02:00:10 [http-nio-8191-exec-2] INFO  o.i.hermes.service.InboundService - Forwarding request to URL: https://intics.elevance.ngrok.dev/alchemy-server/alchemy/api/v2/transaction/create/pipeline/shadow/fileUrl/HEALTH_CARE?tenantId=1&channel=test&documentType=HEALTH_CARE
2025-08-13 02:00:11 [http-nio-8191-exec-2] INFO  o.i.hermes.service.InboundService - Response body received {"requestTxnId":"SI-123","status":"REQUEST_RECEIVED","transactionId":"ITX-829"}
2025-08-13 02:00:11 [http-nio-8191-exec-2] INFO  o.i.hermes.service.InboundService - Response received with status code: 200 OK
2025-08-13 02:00:18 [http-nio-8191-exec-3] INFO  o.i.h.c.InboundShadowController - Completed processing docTypeBasedRedirect for tenantId=1, documentType=HEALTH_CARE
2025-08-13 02:00:18 [http-nio-8191-exec-3] INFO  o.i.hermes.service.InboundService - docTypeRedirect called with tenantId=1, documentType=HEALTH_CARE, healthPlan=PH, channel=test
2025-08-13 02:00:18 [http-nio-8191-exec-3] INFO  o.i.hermes.service.InboundService - Forwarding request to URL: https://intics.elevance.ngrok.dev/alchemy-server/alchemy/api/v2/transaction/create/pipeline/shadow/fileUrl/HEALTH_CARE?tenantId=1&channel=test&documentType=HEALTH_CARE
2025-08-13 02:00:18 [http-nio-8191-exec-3] ERROR o.i.h.e.GlobalExceptionHandler - 401 Unauthorized on POST request for "https://intics.elevance.ngrok.dev/alchemy-server/alchemy/api/v2/transaction/create/pipeline/shadow/fileUrl/HEALTH_CARE": [no body]
org.intics.hermes.exception.HermesException: 401 Unauthorized on POST request for "https://intics.elevance.ngrok.dev/alchemy-server/alchemy/api/v2/transaction/create/pipeline/shadow/fileUrl/HEALTH_CARE": [no body]
	at org.intics.hermes.service.InboundShadowService.docTypeRedirect(InboundShadowService.java:108)
	at org.intics.hermes.controller.InboundShadowController.docTypeBasedRedirect(InboundShadowController.java:32)
	at java.base/jdk.internal.reflect.DirectMethodHandleAccessor.invoke(DirectMethodHandleAccessor.java:104)
	at java.base/java.lang.reflect.Method.invoke(Method.java:565)
	at org.springframework.web.method.support.InvocableHandlerMethod.doInvoke(InvocableHandlerMethod.java:258)
	at org.springframework.web.method.support.InvocableHandlerMethod.invokeForRequest(InvocableHandlerMethod.java:191)
	at org.springframework.web.servlet.mvc.method.annotation.ServletInvocableHandlerMethod.invokeAndHandle(ServletInvocableHandlerMethod.java:118)
	at org.springframework.web.servlet.mvc.method.annotation.RequestMappingHandlerAdapter.invokeHandlerMethod(RequestMappingHandlerAdapter.java:991)
	at org.springframework.web.servlet.mvc.method.annotation.RequestMappingHandlerAdapter.handleInternal(RequestMappingHandlerAdapter.java:896)
	at org.springframework.web.servlet.mvc.method.AbstractHandlerMethodAdapter.handle(AbstractHandlerMethodAdapter.java:87)
	at org.springframework.web.servlet.DispatcherServlet.doDispatch(DispatcherServlet.java:1089)
	at org.springframework.web.servlet.DispatcherServlet.doService(DispatcherServlet.java:979)
	at org.springframework.web.servlet.FrameworkServlet.processRequest(FrameworkServlet.java:1014)
	at org.springframework.web.servlet.FrameworkServlet.doPost(FrameworkServlet.java:914)
	at jakarta.servlet.http.HttpServlet.service(HttpServlet.java:590)
	at org.springframework.web.servlet.FrameworkServlet.service(FrameworkServlet.java:885)
	at jakarta.servlet.http.HttpServlet.service(HttpServlet.java:658)
	at org.apache.catalina.core.ApplicationFilterChain.internalDoFilter(ApplicationFilterChain.java:195)
	at org.apache.catalina.core.ApplicationFilterChain.doFilter(ApplicationFilterChain.java:140)
	at org.apache.tomcat.websocket.server.WsFilter.doFilter(WsFilter.java:51)
	at org.apache.catalina.core.ApplicationFilterChain.internalDoFilter(ApplicationFilterChain.java:164)
	at org.apache.catalina.core.ApplicationFilterChain.doFilter(ApplicationFilterChain.java:140)
	at org.springframework.web.filter.RequestContextFilter.doFilterInternal(RequestContextFilter.java:100)
	at org.springframework.web.filter.OncePerRequestFilter.doFilter(OncePerRequestFilter.java:116)
	at org.apache.catalina.core.ApplicationFilterChain.internalDoFilter(ApplicationFilterChain.java:164)
	at org.apache.catalina.core.ApplicationFilterChain.doFilter(ApplicationFilterChain.java:140)
	at org.springframework.web.filter.FormContentFilter.doFilterInternal(FormContentFilter.java:93)
	at org.springframework.web.filter.OncePerRequestFilter.doFilter(OncePerRequestFilter.java:116)
	at org.apache.catalina.core.ApplicationFilterChain.internalDoFilter(ApplicationFilterChain.java:164)
	at org.apache.catalina.core.ApplicationFilterChain.doFilter(ApplicationFilterChain.java:140)
	at org.springframework.web.filter.ServerHttpObservationFilter.doFilterInternal(ServerHttpObservationFilter.java:110)
	at org.springframework.web.filter.OncePerRequestFilter.doFilter(OncePerRequestFilter.java:116)
	at org.apache.catalina.core.ApplicationFilterChain.internalDoFilter(ApplicationFilterChain.java:164)
	at org.apache.catalina.core.ApplicationFilterChain.doFilter(ApplicationFilterChain.java:140)
	at org.springframework.web.filter.CharacterEncodingFilter.doFilterInternal(CharacterEncodingFilter.java:201)
	at org.springframework.web.filter.OncePerRequestFilter.doFilter(OncePerRequestFilter.java:116)
	at org.apache.catalina.core.ApplicationFilterChain.internalDoFilter(ApplicationFilterChain.java:164)
	at org.apache.catalina.core.ApplicationFilterChain.doFilter(ApplicationFilterChain.java:140)
	at org.apache.catalina.core.StandardWrapperValve.invoke(StandardWrapperValve.java:167)
	at org.apache.catalina.core.StandardContextValve.invoke(StandardContextValve.java:90)
	at org.apache.catalina.authenticator.AuthenticatorBase.invoke(AuthenticatorBase.java:483)
	at org.apache.catalina.core.StandardHostValve.invoke(StandardHostValve.java:116)
	at org.apache.catalina.valves.ErrorReportValve.invoke(ErrorReportValve.java:93)
	at org.apache.catalina.core.StandardEngineValve.invoke(StandardEngineValve.java:74)
	at org.apache.catalina.connector.CoyoteAdapter.service(CoyoteAdapter.java:344)
	at org.apache.coyote.http11.Http11Processor.service(Http11Processor.java:398)
	at org.apache.coyote.AbstractProcessorLight.process(AbstractProcessorLight.java:63)
	at org.apache.coyote.AbstractProtocol$ConnectionHandler.process(AbstractProtocol.java:903)
	at org.apache.tomcat.util.net.NioEndpoint$SocketProcessor.doRun(NioEndpoint.java:1769)
	at org.apache.tomcat.util.net.SocketProcessorBase.run(SocketProcessorBase.java:52)
	at org.apache.tomcat.util.threads.ThreadPoolExecutor.runWorker(ThreadPoolExecutor.java:1189)
	at org.apache.tomcat.util.threads.ThreadPoolExecutor$Worker.run(ThreadPoolExecutor.java:658)
	at org.apache.tomcat.util.threads.TaskThread$WrappingRunnable.run(TaskThread.java:63)
	at java.base/java.lang.Thread.run(Thread.java:1447)
2025-08-13 02:00:18 [http-nio-8191-exec-3] WARN  o.s.w.s.m.m.a.ExceptionHandlerExceptionResolver - Resolved [org.intics.hermes.exception.HermesException: 401 Unauthorized on POST request for "https://intics.elevance.ngrok.dev/alchemy-server/alchemy/api/v2/transaction/create/pipeline/shadow/fileUrl/HEALTH_CARE": [no body]]
2025-08-13 02:00:23 [http-nio-8191-exec-4] INFO  o.i.h.c.InboundShadowController - Completed processing docTypeBasedRedirect for tenantId=1, documentType=HEALTH_CARE
2025-08-13 02:00:23 [http-nio-8191-exec-4] INFO  o.i.hermes.service.InboundService - docTypeRedirect called with tenantId=1, documentType=HEALTH_CARE, healthPlan=PH, channel=test
2025-08-13 02:00:23 [http-nio-8191-exec-4] INFO  o.i.hermes.service.InboundService - Forwarding request to URL: https://intics.elevance.ngrok.dev/alchemy-server/alchemy/api/v2/transaction/create/pipeline/shadow/fileUrl/HEALTH_CARE?tenantId=1&channel=test&documentType=HEALTH_CARE
2025-08-13 02:00:24 [http-nio-8191-exec-4] INFO  o.i.hermes.service.InboundService - Response body received {"requestTxnId":"SI-123","status":"REQUEST_RECEIVED","transactionId":"ITX-830"}
2025-08-13 02:00:24 [http-nio-8191-exec-4] INFO  o.i.hermes.service.InboundService - Response received with status code: 200 OK
2025-08-13 02:00:29 [http-nio-8191-exec-5] WARN  o.s.w.s.m.s.DefaultHandlerExceptionResolver - Resolved [org.springframework.web.bind.MissingRequestHeaderException: Required request header 'Authorization' for method parameter type String is not present]
2025-08-13 02:01:24 [http-nio-8191-exec-7] INFO  o.i.h.c.InboundShadowController - Completed processing docTypeBasedRedirect for tenantId=1, documentType=HEALTH_CARE
2025-08-13 02:01:24 [http-nio-8191-exec-7] INFO  o.i.hermes.service.InboundService - docTypeRedirect called with tenantId=1, documentType=HEALTH_CARE, healthPlan=PH, channel=test
2025-08-13 02:01:24 [http-nio-8191-exec-7] INFO  o.i.hermes.service.InboundService - Forwarding request to URL: https://intics.elevance.ngrok.dev/alchemy-server/alchemy/api/v2/transaction/create/pipeline/shadow/fileUrl/HEALTH_CARE?tenantId=1&channel=test&documentType=HEALTH_CARE
2025-08-13 02:01:26 [http-nio-8191-exec-7] INFO  o.i.hermes.service.InboundService - Response body received {"requestTxnId":"SI-123","status":"REQUEST_RECEIVED","transactionId":"ITX-831"}
2025-08-13 02:01:26 [http-nio-8191-exec-7] INFO  o.i.hermes.service.InboundService - Response received with status code: 200 OK
2025-08-13 02:01:57 [SpringApplicationShutdownHook] INFO  o.s.b.w.e.tomcat.GracefulShutdown - Commencing graceful shutdown. Waiting for active requests to complete
2025-08-13 02:01:57 [tomcat-shutdown] INFO  o.s.b.w.e.tomcat.GracefulShutdown - Graceful shutdown complete
2025-08-13 02:01:59 [background-preinit] INFO  o.h.validator.internal.util.Version - HV000001: Hibernate Validator 8.0.2.Final
2025-08-13 02:01:59 [restartedMain] INFO  org.intics.hermes.HermesApplication - Starting HermesApplication using Java 24.0.1 with PID 19718 (/home/roobadharani.deva@zucisystems.com/build/hermes/target/classes started by roobadharani.deva@zucisystems.com in /home/roobadharani.deva@zucisystems.com/build/hermes)
2025-08-13 02:01:59 [restartedMain] INFO  org.intics.hermes.HermesApplication - No active profile set, falling back to 1 default profile: "default"
2025-08-13 02:01:59 [restartedMain] INFO  o.s.b.d.e.DevToolsPropertyDefaultsPostProcessor - Devtools property defaults active! Set 'spring.devtools.add-properties' to 'false' to disable
2025-08-13 02:01:59 [restartedMain] INFO  o.s.b.d.e.DevToolsPropertyDefaultsPostProcessor - For additional web related logging consider setting the 'logging.level.web' property to 'DEBUG'
2025-08-13 02:02:00 [restartedMain] INFO  o.s.b.w.e.tomcat.TomcatWebServer - Tomcat initialized with port 8191 (http)
2025-08-13 02:02:00 [restartedMain] INFO  o.a.coyote.http11.Http11NioProtocol - Initializing ProtocolHandler ["http-nio-8191"]
2025-08-13 02:02:00 [restartedMain] INFO  o.a.catalina.core.StandardService - Starting service [Tomcat]
2025-08-13 02:02:00 [restartedMain] INFO  o.a.catalina.core.StandardEngine - Starting Servlet engine: [Apache Tomcat/10.1.43]
2025-08-13 02:02:00 [restartedMain] INFO  o.a.c.c.C.[.[localhost].[/hermes] - Initializing Spring embedded WebApplicationContext
2025-08-13 02:02:00 [restartedMain] INFO  o.s.b.w.s.c.ServletWebServerApplicationContext - Root WebApplicationContext: initialization completed in 1242 ms
2025-08-13 02:02:01 [restartedMain] INFO  o.s.b.d.a.OptionalLiveReloadServer - LiveReload server is running on port 35729
2025-08-13 02:02:01 [restartedMain] INFO  o.s.b.a.e.web.EndpointLinksResolver - Exposing 1 endpoint beneath base path '/actuator'
2025-08-13 02:02:01 [restartedMain] INFO  o.a.coyote.http11.Http11NioProtocol - Starting ProtocolHandler ["http-nio-8191"]
2025-08-13 02:02:01 [restartedMain] INFO  o.s.b.w.e.tomcat.TomcatWebServer - Tomcat started on port 8191 (http) with context path '/hermes'
2025-08-13 02:02:01 [restartedMain] INFO  org.intics.hermes.HermesApplication - Started HermesApplication in 2.449 seconds (process running for 3.143)
2025-08-13 02:02:37 [http-nio-8191-exec-2] INFO  o.a.c.c.C.[.[localhost].[/hermes] - Initializing Spring DispatcherServlet 'dispatcherServlet'
2025-08-13 02:02:37 [http-nio-8191-exec-2] INFO  o.s.web.servlet.DispatcherServlet - Initializing Servlet 'dispatcherServlet'
2025-08-13 02:02:37 [http-nio-8191-exec-2] INFO  o.s.web.servlet.DispatcherServlet - Completed initialization in 1 ms
2025-08-13 02:02:37 [http-nio-8191-exec-2] INFO  o.i.hermes.controller.AuthController - Login response success for username
2025-08-13 02:02:37 [http-nio-8191-exec-2] INFO  o.intics.hermes.service.AuthService - loginRedirect called with loginSource=PH, username=SmartInake
2025-08-13 02:02:37 [http-nio-8191-exec-2] INFO  o.intics.hermes.service.AuthService - Forwarding login request to: https://intics.elevance.ngrok.dev/alchemy-server/alchemy/api/v2/auth/login
2025-08-13 02:02:38 [http-nio-8191-exec-2] ERROR o.intics.hermes.service.AuthService - error from alchemy 400 Bad Request on POST request for "https://intics.elevance.ngrok.dev/alchemy-server/alchemy/api/v2/auth/login": "{"status":"Fail","errorCode":404,"errorMsg":"User SmartInake is not found in authStore","responseTimeStamp":"2025-08-13T02:02:38","payload":400}"
2025-08-13 02:02:38 [http-nio-8191-exec-2] ERROR o.i.h.e.GlobalExceptionHandler - 400 Bad Request on POST request for "https://intics.elevance.ngrok.dev/alchemy-server/alchemy/api/v2/auth/login": "{"status":"Fail","errorCode":404,"errorMsg":"User SmartInake is not found in authStore","responseTimeStamp":"2025-08-13T02:02:38","payload":{}}"
org.intics.hermes.exception.HermesException: 400 Bad Request on POST request for "https://intics.elevance.ngrok.dev/alchemy-server/alchemy/api/v2/auth/login": "{"status":"Fail","errorCode":404,"errorMsg":"User SmartInake is not found in authStore","responseTimeStamp":"2025-08-13T02:02:38","payload":{}}"
	at org.intics.hermes.service.AuthService.loginRedirect(AuthService.java:83)
	at org.intics.hermes.controller.AuthController.loginRedirect(AuthController.java:28)
	at java.base/jdk.internal.reflect.DirectMethodHandleAccessor.invoke(DirectMethodHandleAccessor.java:104)
	at java.base/java.lang.reflect.Method.invoke(Method.java:565)
	at org.springframework.web.method.support.InvocableHandlerMethod.doInvoke(InvocableHandlerMethod.java:258)
	at org.springframework.web.method.support.InvocableHandlerMethod.invokeForRequest(InvocableHandlerMethod.java:191)
	at org.springframework.web.servlet.mvc.method.annotation.ServletInvocableHandlerMethod.invokeAndHandle(ServletInvocableHandlerMethod.java:118)
	at org.springframework.web.servlet.mvc.method.annotation.RequestMappingHandlerAdapter.invokeHandlerMethod(RequestMappingHandlerAdapter.java:991)
	at org.springframework.web.servlet.mvc.method.annotation.RequestMappingHandlerAdapter.handleInternal(RequestMappingHandlerAdapter.java:896)
	at org.springframework.web.servlet.mvc.method.AbstractHandlerMethodAdapter.handle(AbstractHandlerMethodAdapter.java:87)
	at org.springframework.web.servlet.DispatcherServlet.doDispatch(DispatcherServlet.java:1089)
	at org.springframework.web.servlet.DispatcherServlet.doService(DispatcherServlet.java:979)
	at org.springframework.web.servlet.FrameworkServlet.processRequest(FrameworkServlet.java:1014)
	at org.springframework.web.servlet.FrameworkServlet.doPost(FrameworkServlet.java:914)
	at jakarta.servlet.http.HttpServlet.service(HttpServlet.java:590)
	at org.springframework.web.servlet.FrameworkServlet.service(FrameworkServlet.java:885)
	at jakarta.servlet.http.HttpServlet.service(HttpServlet.java:658)
	at org.apache.catalina.core.ApplicationFilterChain.internalDoFilter(ApplicationFilterChain.java:195)
	at org.apache.catalina.core.ApplicationFilterChain.doFilter(ApplicationFilterChain.java:140)
	at org.apache.tomcat.websocket.server.WsFilter.doFilter(WsFilter.java:51)
	at org.apache.catalina.core.ApplicationFilterChain.internalDoFilter(ApplicationFilterChain.java:164)
	at org.apache.catalina.core.ApplicationFilterChain.doFilter(ApplicationFilterChain.java:140)
	at org.springframework.web.filter.RequestContextFilter.doFilterInternal(RequestContextFilter.java:100)
	at org.springframework.web.filter.OncePerRequestFilter.doFilter(OncePerRequestFilter.java:116)
	at org.apache.catalina.core.ApplicationFilterChain.internalDoFilter(ApplicationFilterChain.java:164)
	at org.apache.catalina.core.ApplicationFilterChain.doFilter(ApplicationFilterChain.java:140)
	at org.springframework.web.filter.FormContentFilter.doFilterInternal(FormContentFilter.java:93)
	at org.springframework.web.filter.OncePerRequestFilter.doFilter(OncePerRequestFilter.java:116)
	at org.apache.catalina.core.ApplicationFilterChain.internalDoFilter(ApplicationFilterChain.java:164)
	at org.apache.catalina.core.ApplicationFilterChain.doFilter(ApplicationFilterChain.java:140)
	at org.springframework.web.filter.ServerHttpObservationFilter.doFilterInternal(ServerHttpObservationFilter.java:110)
	at org.springframework.web.filter.OncePerRequestFilter.doFilter(OncePerRequestFilter.java:116)
	at org.apache.catalina.core.ApplicationFilterChain.internalDoFilter(ApplicationFilterChain.java:164)
	at org.apache.catalina.core.ApplicationFilterChain.doFilter(ApplicationFilterChain.java:140)
	at org.springframework.web.filter.CharacterEncodingFilter.doFilterInternal(CharacterEncodingFilter.java:201)
	at org.springframework.web.filter.OncePerRequestFilter.doFilter(OncePerRequestFilter.java:116)
	at org.apache.catalina.core.ApplicationFilterChain.internalDoFilter(ApplicationFilterChain.java:164)
	at org.apache.catalina.core.ApplicationFilterChain.doFilter(ApplicationFilterChain.java:140)
	at org.apache.catalina.core.StandardWrapperValve.invoke(StandardWrapperValve.java:167)
	at org.apache.catalina.core.StandardContextValve.invoke(StandardContextValve.java:90)
	at org.apache.catalina.authenticator.AuthenticatorBase.invoke(AuthenticatorBase.java:483)
	at org.apache.catalina.core.StandardHostValve.invoke(StandardHostValve.java:116)
	at org.apache.catalina.valves.ErrorReportValve.invoke(ErrorReportValve.java:93)
	at org.apache.catalina.core.StandardEngineValve.invoke(StandardEngineValve.java:74)
	at org.apache.catalina.connector.CoyoteAdapter.service(CoyoteAdapter.java:344)
	at org.apache.coyote.http11.Http11Processor.service(Http11Processor.java:398)
	at org.apache.coyote.AbstractProcessorLight.process(AbstractProcessorLight.java:63)
	at org.apache.coyote.AbstractProtocol$ConnectionHandler.process(AbstractProtocol.java:903)
	at org.apache.tomcat.util.net.NioEndpoint$SocketProcessor.doRun(NioEndpoint.java:1769)
	at org.apache.tomcat.util.net.SocketProcessorBase.run(SocketProcessorBase.java:52)
	at org.apache.tomcat.util.threads.ThreadPoolExecutor.runWorker(ThreadPoolExecutor.java:1189)
	at org.apache.tomcat.util.threads.ThreadPoolExecutor$Worker.run(ThreadPoolExecutor.java:658)
	at org.apache.tomcat.util.threads.TaskThread$WrappingRunnable.run(TaskThread.java:63)
	at java.base/java.lang.Thread.run(Thread.java:1447)
2025-08-13 02:02:38 [http-nio-8191-exec-2] WARN  o.s.w.s.m.m.a.ExceptionHandlerExceptionResolver - Resolved [org.intics.hermes.exception.HermesException: 400 Bad Request on POST request for "https://intics.elevance.ngrok.dev/alchemy-server/alchemy/api/v2/auth/login": "{"status":"Fail","errorCode":404,"errorMsg":"User SmartInake is not found in authStore","responseTimeStamp":"2025-08-13T02:02:38","payload":{}}"]
2025-08-13 02:05:01 [http-nio-8191-exec-5] WARN  o.s.w.s.m.s.DefaultHandlerExceptionResolver - Resolved [org.springframework.web.bind.MissingRequestHeaderException: Required request header 'Authorization' for method parameter type String is not present]
2025-08-13 02:05:12 [http-nio-8191-exec-7] INFO  o.i.h.c.InboundShadowController - Completed processing docTypeBasedRedirect for tenantId=1, documentType=HEALTH_CARE
2025-08-13 02:05:12 [http-nio-8191-exec-7] INFO  o.i.hermes.service.InboundService - docTypeRedirect called with tenantId=1, documentType=HEALTH_CARE, healthPlan=PH, channel=test
2025-08-13 02:05:12 [http-nio-8191-exec-7] INFO  o.i.hermes.service.InboundService - Forwarding request to URL: https://intics.elevance.ngrok.dev/alchemy-server/alchemy/api/v2/transaction/create/pipeline/shadow/fileUrl/HEALTH_CARE?tenantId=1&channel=test&documentType=HEALTH_CARE
2025-08-13 02:05:12 [http-nio-8191-exec-7] ERROR o.i.h.e.GlobalExceptionHandler - 401 Unauthorized on POST request for "https://intics.elevance.ngrok.dev/alchemy-server/alchemy/api/v2/transaction/create/pipeline/shadow/fileUrl/HEALTH_CARE": [no body]
org.intics.hermes.exception.HermesException: 401 Unauthorized on POST request for "https://intics.elevance.ngrok.dev/alchemy-server/alchemy/api/v2/transaction/create/pipeline/shadow/fileUrl/HEALTH_CARE": [no body]
	at org.intics.hermes.service.InboundShadowService.docTypeRedirect(InboundShadowService.java:108)
	at org.intics.hermes.controller.InboundShadowController.docTypeBasedRedirect(InboundShadowController.java:32)
	at java.base/jdk.internal.reflect.DirectMethodHandleAccessor.invoke(DirectMethodHandleAccessor.java:104)
	at java.base/java.lang.reflect.Method.invoke(Method.java:565)
	at org.springframework.web.method.support.InvocableHandlerMethod.doInvoke(InvocableHandlerMethod.java:258)
	at org.springframework.web.method.support.InvocableHandlerMethod.invokeForRequest(InvocableHandlerMethod.java:191)
	at org.springframework.web.servlet.mvc.method.annotation.ServletInvocableHandlerMethod.invokeAndHandle(ServletInvocableHandlerMethod.java:118)
	at org.springframework.web.servlet.mvc.method.annotation.RequestMappingHandlerAdapter.invokeHandlerMethod(RequestMappingHandlerAdapter.java:991)
	at org.springframework.web.servlet.mvc.method.annotation.RequestMappingHandlerAdapter.handleInternal(RequestMappingHandlerAdapter.java:896)
	at org.springframework.web.servlet.mvc.method.AbstractHandlerMethodAdapter.handle(AbstractHandlerMethodAdapter.java:87)
	at org.springframework.web.servlet.DispatcherServlet.doDispatch(DispatcherServlet.java:1089)
	at org.springframework.web.servlet.DispatcherServlet.doService(DispatcherServlet.java:979)
	at org.springframework.web.servlet.FrameworkServlet.processRequest(FrameworkServlet.java:1014)
	at org.springframework.web.servlet.FrameworkServlet.doPost(FrameworkServlet.java:914)
	at jakarta.servlet.http.HttpServlet.service(HttpServlet.java:590)
	at org.springframework.web.servlet.FrameworkServlet.service(FrameworkServlet.java:885)
	at jakarta.servlet.http.HttpServlet.service(HttpServlet.java:658)
	at org.apache.catalina.core.ApplicationFilterChain.internalDoFilter(ApplicationFilterChain.java:195)
	at org.apache.catalina.core.ApplicationFilterChain.doFilter(ApplicationFilterChain.java:140)
	at org.apache.tomcat.websocket.server.WsFilter.doFilter(WsFilter.java:51)
	at org.apache.catalina.core.ApplicationFilterChain.internalDoFilter(ApplicationFilterChain.java:164)
	at org.apache.catalina.core.ApplicationFilterChain.doFilter(ApplicationFilterChain.java:140)
	at org.springframework.web.filter.RequestContextFilter.doFilterInternal(RequestContextFilter.java:100)
	at org.springframework.web.filter.OncePerRequestFilter.doFilter(OncePerRequestFilter.java:116)
	at org.apache.catalina.core.ApplicationFilterChain.internalDoFilter(ApplicationFilterChain.java:164)
	at org.apache.catalina.core.ApplicationFilterChain.doFilter(ApplicationFilterChain.java:140)
	at org.springframework.web.filter.FormContentFilter.doFilterInternal(FormContentFilter.java:93)
	at org.springframework.web.filter.OncePerRequestFilter.doFilter(OncePerRequestFilter.java:116)
	at org.apache.catalina.core.ApplicationFilterChain.internalDoFilter(ApplicationFilterChain.java:164)
	at org.apache.catalina.core.ApplicationFilterChain.doFilter(ApplicationFilterChain.java:140)
	at org.springframework.web.filter.ServerHttpObservationFilter.doFilterInternal(ServerHttpObservationFilter.java:110)
	at org.springframework.web.filter.OncePerRequestFilter.doFilter(OncePerRequestFilter.java:116)
	at org.apache.catalina.core.ApplicationFilterChain.internalDoFilter(ApplicationFilterChain.java:164)
	at org.apache.catalina.core.ApplicationFilterChain.doFilter(ApplicationFilterChain.java:140)
	at org.springframework.web.filter.CharacterEncodingFilter.doFilterInternal(CharacterEncodingFilter.java:201)
	at org.springframework.web.filter.OncePerRequestFilter.doFilter(OncePerRequestFilter.java:116)
	at org.apache.catalina.core.ApplicationFilterChain.internalDoFilter(ApplicationFilterChain.java:164)
	at org.apache.catalina.core.ApplicationFilterChain.doFilter(ApplicationFilterChain.java:140)
	at org.apache.catalina.core.StandardWrapperValve.invoke(StandardWrapperValve.java:167)
	at org.apache.catalina.core.StandardContextValve.invoke(StandardContextValve.java:90)
	at org.apache.catalina.authenticator.AuthenticatorBase.invoke(AuthenticatorBase.java:483)
	at org.apache.catalina.core.StandardHostValve.invoke(StandardHostValve.java:116)
	at org.apache.catalina.valves.ErrorReportValve.invoke(ErrorReportValve.java:93)
	at org.apache.catalina.core.StandardEngineValve.invoke(StandardEngineValve.java:74)
	at org.apache.catalina.connector.CoyoteAdapter.service(CoyoteAdapter.java:344)
	at org.apache.coyote.http11.Http11Processor.service(Http11Processor.java:398)
	at org.apache.coyote.AbstractProcessorLight.process(AbstractProcessorLight.java:63)
	at org.apache.coyote.AbstractProtocol$ConnectionHandler.process(AbstractProtocol.java:903)
	at org.apache.tomcat.util.net.NioEndpoint$SocketProcessor.doRun(NioEndpoint.java:1769)
	at org.apache.tomcat.util.net.SocketProcessorBase.run(SocketProcessorBase.java:52)
	at org.apache.tomcat.util.threads.ThreadPoolExecutor.runWorker(ThreadPoolExecutor.java:1189)
	at org.apache.tomcat.util.threads.ThreadPoolExecutor$Worker.run(ThreadPoolExecutor.java:658)
	at org.apache.tomcat.util.threads.TaskThread$WrappingRunnable.run(TaskThread.java:63)
	at java.base/java.lang.Thread.run(Thread.java:1447)
2025-08-13 02:05:12 [http-nio-8191-exec-7] WARN  o.s.w.s.m.m.a.ExceptionHandlerExceptionResolver - Resolved [org.intics.hermes.exception.HermesException: 401 Unauthorized on POST request for "https://intics.elevance.ngrok.dev/alchemy-server/alchemy/api/v2/transaction/create/pipeline/shadow/fileUrl/HEALTH_CARE": [no body]]
2025-08-13 02:05:23 [http-nio-8191-exec-8] INFO  o.i.h.c.InboundShadowController - Completed processing docTypeBasedRedirect for tenantId=1, documentType=HEALTH_CARE
2025-08-13 02:05:23 [http-nio-8191-exec-8] INFO  o.i.hermes.service.InboundService - docTypeRedirect called with tenantId=1, documentType=HEALTH_CARE, healthPlan=PH, channel=test
2025-08-13 02:05:23 [http-nio-8191-exec-8] INFO  o.i.hermes.service.InboundService - Forwarding request to URL: https://intics.elevance.ngrok.dev/alchemy-server/alchemy/api/v2/transaction/create/pipeline/shadow/fileUrl/HEALTH_CARE?tenantId=1&channel=test&documentType=HEALTH_CARE
2025-08-13 02:05:23 [http-nio-8191-exec-8] ERROR o.i.h.e.GlobalExceptionHandler - 401 Unauthorized on POST request for "https://intics.elevance.ngrok.dev/alchemy-server/alchemy/api/v2/transaction/create/pipeline/shadow/fileUrl/HEALTH_CARE": [no body]
org.intics.hermes.exception.HermesException: 401 Unauthorized on POST request for "https://intics.elevance.ngrok.dev/alchemy-server/alchemy/api/v2/transaction/create/pipeline/shadow/fileUrl/HEALTH_CARE": [no body]
	at org.intics.hermes.service.InboundShadowService.docTypeRedirect(InboundShadowService.java:108)
	at org.intics.hermes.controller.InboundShadowController.docTypeBasedRedirect(InboundShadowController.java:32)
	at java.base/jdk.internal.reflect.DirectMethodHandleAccessor.invoke(DirectMethodHandleAccessor.java:104)
	at java.base/java.lang.reflect.Method.invoke(Method.java:565)
	at org.springframework.web.method.support.InvocableHandlerMethod.doInvoke(InvocableHandlerMethod.java:258)
	at org.springframework.web.method.support.InvocableHandlerMethod.invokeForRequest(InvocableHandlerMethod.java:191)
	at org.springframework.web.servlet.mvc.method.annotation.ServletInvocableHandlerMethod.invokeAndHandle(ServletInvocableHandlerMethod.java:118)
	at org.springframework.web.servlet.mvc.method.annotation.RequestMappingHandlerAdapter.invokeHandlerMethod(RequestMappingHandlerAdapter.java:991)
	at org.springframework.web.servlet.mvc.method.annotation.RequestMappingHandlerAdapter.handleInternal(RequestMappingHandlerAdapter.java:896)
	at org.springframework.web.servlet.mvc.method.AbstractHandlerMethodAdapter.handle(AbstractHandlerMethodAdapter.java:87)
	at org.springframework.web.servlet.DispatcherServlet.doDispatch(DispatcherServlet.java:1089)
	at org.springframework.web.servlet.DispatcherServlet.doService(DispatcherServlet.java:979)
	at org.springframework.web.servlet.FrameworkServlet.processRequest(FrameworkServlet.java:1014)
	at org.springframework.web.servlet.FrameworkServlet.doPost(FrameworkServlet.java:914)
	at jakarta.servlet.http.HttpServlet.service(HttpServlet.java:590)
	at org.springframework.web.servlet.FrameworkServlet.service(FrameworkServlet.java:885)
	at jakarta.servlet.http.HttpServlet.service(HttpServlet.java:658)
	at org.apache.catalina.core.ApplicationFilterChain.internalDoFilter(ApplicationFilterChain.java:195)
	at org.apache.catalina.core.ApplicationFilterChain.doFilter(ApplicationFilterChain.java:140)
	at org.apache.tomcat.websocket.server.WsFilter.doFilter(WsFilter.java:51)
	at org.apache.catalina.core.ApplicationFilterChain.internalDoFilter(ApplicationFilterChain.java:164)
	at org.apache.catalina.core.ApplicationFilterChain.doFilter(ApplicationFilterChain.java:140)
	at org.springframework.web.filter.RequestContextFilter.doFilterInternal(RequestContextFilter.java:100)
	at org.springframework.web.filter.OncePerRequestFilter.doFilter(OncePerRequestFilter.java:116)
	at org.apache.catalina.core.ApplicationFilterChain.internalDoFilter(ApplicationFilterChain.java:164)
	at org.apache.catalina.core.ApplicationFilterChain.doFilter(ApplicationFilterChain.java:140)
	at org.springframework.web.filter.FormContentFilter.doFilterInternal(FormContentFilter.java:93)
	at org.springframework.web.filter.OncePerRequestFilter.doFilter(OncePerRequestFilter.java:116)
	at org.apache.catalina.core.ApplicationFilterChain.internalDoFilter(ApplicationFilterChain.java:164)
	at org.apache.catalina.core.ApplicationFilterChain.doFilter(ApplicationFilterChain.java:140)
	at org.springframework.web.filter.ServerHttpObservationFilter.doFilterInternal(ServerHttpObservationFilter.java:110)
	at org.springframework.web.filter.OncePerRequestFilter.doFilter(OncePerRequestFilter.java:116)
	at org.apache.catalina.core.ApplicationFilterChain.internalDoFilter(ApplicationFilterChain.java:164)
	at org.apache.catalina.core.ApplicationFilterChain.doFilter(ApplicationFilterChain.java:140)
	at org.springframework.web.filter.CharacterEncodingFilter.doFilterInternal(CharacterEncodingFilter.java:201)
	at org.springframework.web.filter.OncePerRequestFilter.doFilter(OncePerRequestFilter.java:116)
	at org.apache.catalina.core.ApplicationFilterChain.internalDoFilter(ApplicationFilterChain.java:164)
	at org.apache.catalina.core.ApplicationFilterChain.doFilter(ApplicationFilterChain.java:140)
	at org.apache.catalina.core.StandardWrapperValve.invoke(StandardWrapperValve.java:167)
	at org.apache.catalina.core.StandardContextValve.invoke(StandardContextValve.java:90)
	at org.apache.catalina.authenticator.AuthenticatorBase.invoke(AuthenticatorBase.java:483)
	at org.apache.catalina.core.StandardHostValve.invoke(StandardHostValve.java:116)
	at org.apache.catalina.valves.ErrorReportValve.invoke(ErrorReportValve.java:93)
	at org.apache.catalina.core.StandardEngineValve.invoke(StandardEngineValve.java:74)
	at org.apache.catalina.connector.CoyoteAdapter.service(CoyoteAdapter.java:344)
	at org.apache.coyote.http11.Http11Processor.service(Http11Processor.java:398)
	at org.apache.coyote.AbstractProcessorLight.process(AbstractProcessorLight.java:63)
	at org.apache.coyote.AbstractProtocol$ConnectionHandler.process(AbstractProtocol.java:903)
	at org.apache.tomcat.util.net.NioEndpoint$SocketProcessor.doRun(NioEndpoint.java:1769)
	at org.apache.tomcat.util.net.SocketProcessorBase.run(SocketProcessorBase.java:52)
	at org.apache.tomcat.util.threads.ThreadPoolExecutor.runWorker(ThreadPoolExecutor.java:1189)
	at org.apache.tomcat.util.threads.ThreadPoolExecutor$Worker.run(ThreadPoolExecutor.java:658)
	at org.apache.tomcat.util.threads.TaskThread$WrappingRunnable.run(TaskThread.java:63)
	at java.base/java.lang.Thread.run(Thread.java:1447)
2025-08-13 02:05:23 [http-nio-8191-exec-8] WARN  o.s.w.s.m.m.a.ExceptionHandlerExceptionResolver - Resolved [org.intics.hermes.exception.HermesException: 401 Unauthorized on POST request for "https://intics.elevance.ngrok.dev/alchemy-server/alchemy/api/v2/transaction/create/pipeline/shadow/fileUrl/HEALTH_CARE": [no body]]
2025-08-13 02:05:34 [http-nio-8191-exec-9] INFO  o.i.hermes.controller.AuthController - Login response success for username
2025-08-13 02:05:34 [http-nio-8191-exec-9] INFO  o.intics.hermes.service.AuthService - loginRedirect called with loginSource=PH, username=SmartInake
2025-08-13 02:05:34 [http-nio-8191-exec-9] INFO  o.intics.hermes.service.AuthService - Forwarding login request to: https://intics.elevance.ngrok.dev/alchemy-server/alchemy/api/v2/auth/login
2025-08-13 02:05:34 [http-nio-8191-exec-9] ERROR o.intics.hermes.service.AuthService - error from alchemy 400 Bad Request on POST request for "https://intics.elevance.ngrok.dev/alchemy-server/alchemy/api/v2/auth/login": "{"status":"Fail","errorCode":404,"errorMsg":"User SmartInake is not found in authStore","responseTimeStamp":"2025-08-13T02:05:34","payload":400}"
2025-08-13 02:05:34 [http-nio-8191-exec-9] ERROR o.i.h.e.GlobalExceptionHandler - 400 Bad Request on POST request for "https://intics.elevance.ngrok.dev/alchemy-server/alchemy/api/v2/auth/login": "{"status":"Fail","errorCode":404,"errorMsg":"User SmartInake is not found in authStore","responseTimeStamp":"2025-08-13T02:05:34","payload":{}}"
org.intics.hermes.exception.HermesException: 400 Bad Request on POST request for "https://intics.elevance.ngrok.dev/alchemy-server/alchemy/api/v2/auth/login": "{"status":"Fail","errorCode":404,"errorMsg":"User SmartInake is not found in authStore","responseTimeStamp":"2025-08-13T02:05:34","payload":{}}"
	at org.intics.hermes.service.AuthService.loginRedirect(AuthService.java:83)
	at org.intics.hermes.controller.AuthController.loginRedirect(AuthController.java:28)
	at java.base/jdk.internal.reflect.DirectMethodHandleAccessor.invoke(DirectMethodHandleAccessor.java:104)
	at java.base/java.lang.reflect.Method.invoke(Method.java:565)
	at org.springframework.web.method.support.InvocableHandlerMethod.doInvoke(InvocableHandlerMethod.java:258)
	at org.springframework.web.method.support.InvocableHandlerMethod.invokeForRequest(InvocableHandlerMethod.java:191)
	at org.springframework.web.servlet.mvc.method.annotation.ServletInvocableHandlerMethod.invokeAndHandle(ServletInvocableHandlerMethod.java:118)
	at org.springframework.web.servlet.mvc.method.annotation.RequestMappingHandlerAdapter.invokeHandlerMethod(RequestMappingHandlerAdapter.java:991)
	at org.springframework.web.servlet.mvc.method.annotation.RequestMappingHandlerAdapter.handleInternal(RequestMappingHandlerAdapter.java:896)
	at org.springframework.web.servlet.mvc.method.AbstractHandlerMethodAdapter.handle(AbstractHandlerMethodAdapter.java:87)
	at org.springframework.web.servlet.DispatcherServlet.doDispatch(DispatcherServlet.java:1089)
	at org.springframework.web.servlet.DispatcherServlet.doService(DispatcherServlet.java:979)
	at org.springframework.web.servlet.FrameworkServlet.processRequest(FrameworkServlet.java:1014)
	at org.springframework.web.servlet.FrameworkServlet.doPost(FrameworkServlet.java:914)
	at jakarta.servlet.http.HttpServlet.service(HttpServlet.java:590)
	at org.springframework.web.servlet.FrameworkServlet.service(FrameworkServlet.java:885)
	at jakarta.servlet.http.HttpServlet.service(HttpServlet.java:658)
	at org.apache.catalina.core.ApplicationFilterChain.internalDoFilter(ApplicationFilterChain.java:195)
	at org.apache.catalina.core.ApplicationFilterChain.doFilter(ApplicationFilterChain.java:140)
	at org.apache.tomcat.websocket.server.WsFilter.doFilter(WsFilter.java:51)
	at org.apache.catalina.core.ApplicationFilterChain.internalDoFilter(ApplicationFilterChain.java:164)
	at org.apache.catalina.core.ApplicationFilterChain.doFilter(ApplicationFilterChain.java:140)
	at org.springframework.web.filter.RequestContextFilter.doFilterInternal(RequestContextFilter.java:100)
	at org.springframework.web.filter.OncePerRequestFilter.doFilter(OncePerRequestFilter.java:116)
	at org.apache.catalina.core.ApplicationFilterChain.internalDoFilter(ApplicationFilterChain.java:164)
	at org.apache.catalina.core.ApplicationFilterChain.doFilter(ApplicationFilterChain.java:140)
	at org.springframework.web.filter.FormContentFilter.doFilterInternal(FormContentFilter.java:93)
	at org.springframework.web.filter.OncePerRequestFilter.doFilter(OncePerRequestFilter.java:116)
	at org.apache.catalina.core.ApplicationFilterChain.internalDoFilter(ApplicationFilterChain.java:164)
	at org.apache.catalina.core.ApplicationFilterChain.doFilter(ApplicationFilterChain.java:140)
	at org.springframework.web.filter.ServerHttpObservationFilter.doFilterInternal(ServerHttpObservationFilter.java:110)
	at org.springframework.web.filter.OncePerRequestFilter.doFilter(OncePerRequestFilter.java:116)
	at org.apache.catalina.core.ApplicationFilterChain.internalDoFilter(ApplicationFilterChain.java:164)
	at org.apache.catalina.core.ApplicationFilterChain.doFilter(ApplicationFilterChain.java:140)
	at org.springframework.web.filter.CharacterEncodingFilter.doFilterInternal(CharacterEncodingFilter.java:201)
	at org.springframework.web.filter.OncePerRequestFilter.doFilter(OncePerRequestFilter.java:116)
	at org.apache.catalina.core.ApplicationFilterChain.internalDoFilter(ApplicationFilterChain.java:164)
	at org.apache.catalina.core.ApplicationFilterChain.doFilter(ApplicationFilterChain.java:140)
	at org.apache.catalina.core.StandardWrapperValve.invoke(StandardWrapperValve.java:167)
	at org.apache.catalina.core.StandardContextValve.invoke(StandardContextValve.java:90)
	at org.apache.catalina.authenticator.AuthenticatorBase.invoke(AuthenticatorBase.java:483)
	at org.apache.catalina.core.StandardHostValve.invoke(StandardHostValve.java:116)
	at org.apache.catalina.valves.ErrorReportValve.invoke(ErrorReportValve.java:93)
	at org.apache.catalina.core.StandardEngineValve.invoke(StandardEngineValve.java:74)
	at org.apache.catalina.connector.CoyoteAdapter.service(CoyoteAdapter.java:344)
	at org.apache.coyote.http11.Http11Processor.service(Http11Processor.java:398)
	at org.apache.coyote.AbstractProcessorLight.process(AbstractProcessorLight.java:63)
	at org.apache.coyote.AbstractProtocol$ConnectionHandler.process(AbstractProtocol.java:903)
	at org.apache.tomcat.util.net.NioEndpoint$SocketProcessor.doRun(NioEndpoint.java:1769)
	at org.apache.tomcat.util.net.SocketProcessorBase.run(SocketProcessorBase.java:52)
	at org.apache.tomcat.util.threads.ThreadPoolExecutor.runWorker(ThreadPoolExecutor.java:1189)
	at org.apache.tomcat.util.threads.ThreadPoolExecutor$Worker.run(ThreadPoolExecutor.java:658)
	at org.apache.tomcat.util.threads.TaskThread$WrappingRunnable.run(TaskThread.java:63)
	at java.base/java.lang.Thread.run(Thread.java:1447)
2025-08-13 02:05:34 [http-nio-8191-exec-9] WARN  o.s.w.s.m.m.a.ExceptionHandlerExceptionResolver - Resolved [org.intics.hermes.exception.HermesException: 400 Bad Request on POST request for "https://intics.elevance.ngrok.dev/alchemy-server/alchemy/api/v2/auth/login": "{"status":"Fail","errorCode":404,"errorMsg":"User SmartInake is not found in authStore","responseTimeStamp":"2025-08-13T02:05:34","payload":{}}"]
2025-08-13 02:05:38 [http-nio-8191-exec-10] INFO  o.i.hermes.controller.AuthController - Login response success for username
2025-08-13 02:05:38 [http-nio-8191-exec-10] INFO  o.intics.hermes.service.AuthService - loginRedirect called with loginSource=PH, username=SmartIntake
2025-08-13 02:05:38 [http-nio-8191-exec-10] INFO  o.intics.hermes.service.AuthService - Forwarding login request to: https://intics.elevance.ngrok.dev/alchemy-server/alchemy/api/v2/auth/login
2025-08-13 02:05:51 [http-nio-8191-exec-1] INFO  o.i.h.controller.InboundController - Completed processing docTypeBasedRedirect for tenantId=1, documentType=HEALTH_CARE
2025-08-13 02:05:51 [http-nio-8191-exec-1] INFO  o.i.hermes.service.InboundService - docTypeRedirect called with tenantId=1, documentType=HEALTH_CARE, healthPlan=PH, channel=test
2025-08-13 02:05:51 [http-nio-8191-exec-1] INFO  o.i.hermes.service.InboundService - Forwarding request to URL: https://intics.elevance.ngrok.dev/alchemy-server/alchemy/api/v2/transaction/create/pipeline/fileUrl/HEALTH_CARE?tenantId=1&channel=test&documentType=HEALTH_CARE
2025-08-13 02:05:52 [http-nio-8191-exec-1] INFO  o.i.hermes.service.InboundService - Response body received {"requestTxnId":"SI-123","status":"REQUEST_RECEIVED","transactionId":"ITX-832"}
2025-08-13 02:05:52 [http-nio-8191-exec-1] INFO  o.i.hermes.service.InboundService - Response received with status code: 200 OK
2025-08-13 02:05:58 [http-nio-8191-exec-2] INFO  o.i.h.controller.InboundController - Completed processing docTypeBasedRedirect for tenantId=1, documentType=HEALTH_CARE
2025-08-13 02:05:58 [http-nio-8191-exec-2] INFO  o.i.hermes.service.InboundService - docTypeRedirect called with tenantId=1, documentType=HEALTH_CARE, healthPlan=PH, channel=test
2025-08-13 02:05:58 [http-nio-8191-exec-2] INFO  o.i.hermes.service.InboundService - Forwarding request to URL: https://intics.elevance.ngrok.dev/alchemy-server/alchemy/api/v2/transaction/create/pipeline/fileUrl/HEALTH_CARE?tenantId=1&channel=test&documentType=HEALTH_CARE
2025-08-13 02:05:58 [http-nio-8191-exec-2] ERROR o.i.h.e.GlobalExceptionHandler - 400 Bad Request on POST request for "https://intics.elevance.ngrok.dev/alchemy-server/alchemy/api/v2/transaction/create/pipeline/fileUrl/HEALTH_CARE": "{"payload":{},"responseTimeStamp":"2025-08-12T20:35:58.682764Z","errorCode":400,"status":"Fail","errorMsg":"400 Bad Request: Invalid documentSource has been received in the request body."}"
org.intics.hermes.exception.HermesException: 400 Bad Request on POST request for "https://intics.elevance.ngrok.dev/alchemy-server/alchemy/api/v2/transaction/create/pipeline/fileUrl/HEALTH_CARE": "{"payload":{},"responseTimeStamp":"2025-08-12T20:35:58.682764Z","errorCode":400,"status":"Fail","errorMsg":"400 Bad Request: Invalid documentSource has been received in the request body."}"
	at org.intics.hermes.service.InboundService.docTypeRedirect(InboundService.java:108)
	at org.intics.hermes.controller.InboundController.docTypeBasedRedirect(InboundController.java:31)
	at java.base/jdk.internal.reflect.DirectMethodHandleAccessor.invoke(DirectMethodHandleAccessor.java:104)
	at java.base/java.lang.reflect.Method.invoke(Method.java:565)
	at org.springframework.web.method.support.InvocableHandlerMethod.doInvoke(InvocableHandlerMethod.java:258)
	at org.springframework.web.method.support.InvocableHandlerMethod.invokeForRequest(InvocableHandlerMethod.java:191)
	at org.springframework.web.servlet.mvc.method.annotation.ServletInvocableHandlerMethod.invokeAndHandle(ServletInvocableHandlerMethod.java:118)
	at org.springframework.web.servlet.mvc.method.annotation.RequestMappingHandlerAdapter.invokeHandlerMethod(RequestMappingHandlerAdapter.java:991)
	at org.springframework.web.servlet.mvc.method.annotation.RequestMappingHandlerAdapter.handleInternal(RequestMappingHandlerAdapter.java:896)
	at org.springframework.web.servlet.mvc.method.AbstractHandlerMethodAdapter.handle(AbstractHandlerMethodAdapter.java:87)
	at org.springframework.web.servlet.DispatcherServlet.doDispatch(DispatcherServlet.java:1089)
	at org.springframework.web.servlet.DispatcherServlet.doService(DispatcherServlet.java:979)
	at org.springframework.web.servlet.FrameworkServlet.processRequest(FrameworkServlet.java:1014)
	at org.springframework.web.servlet.FrameworkServlet.doPost(FrameworkServlet.java:914)
	at jakarta.servlet.http.HttpServlet.service(HttpServlet.java:590)
	at org.springframework.web.servlet.FrameworkServlet.service(FrameworkServlet.java:885)
	at jakarta.servlet.http.HttpServlet.service(HttpServlet.java:658)
	at org.apache.catalina.core.ApplicationFilterChain.internalDoFilter(ApplicationFilterChain.java:195)
	at org.apache.catalina.core.ApplicationFilterChain.doFilter(ApplicationFilterChain.java:140)
	at org.apache.tomcat.websocket.server.WsFilter.doFilter(WsFilter.java:51)
	at org.apache.catalina.core.ApplicationFilterChain.internalDoFilter(ApplicationFilterChain.java:164)
	at org.apache.catalina.core.ApplicationFilterChain.doFilter(ApplicationFilterChain.java:140)
	at org.springframework.web.filter.RequestContextFilter.doFilterInternal(RequestContextFilter.java:100)
	at org.springframework.web.filter.OncePerRequestFilter.doFilter(OncePerRequestFilter.java:116)
	at org.apache.catalina.core.ApplicationFilterChain.internalDoFilter(ApplicationFilterChain.java:164)
	at org.apache.catalina.core.ApplicationFilterChain.doFilter(ApplicationFilterChain.java:140)
	at org.springframework.web.filter.FormContentFilter.doFilterInternal(FormContentFilter.java:93)
	at org.springframework.web.filter.OncePerRequestFilter.doFilter(OncePerRequestFilter.java:116)
	at org.apache.catalina.core.ApplicationFilterChain.internalDoFilter(ApplicationFilterChain.java:164)
	at org.apache.catalina.core.ApplicationFilterChain.doFilter(ApplicationFilterChain.java:140)
	at org.springframework.web.filter.ServerHttpObservationFilter.doFilterInternal(ServerHttpObservationFilter.java:110)
	at org.springframework.web.filter.OncePerRequestFilter.doFilter(OncePerRequestFilter.java:116)
	at org.apache.catalina.core.ApplicationFilterChain.internalDoFilter(ApplicationFilterChain.java:164)
	at org.apache.catalina.core.ApplicationFilterChain.doFilter(ApplicationFilterChain.java:140)
	at org.springframework.web.filter.CharacterEncodingFilter.doFilterInternal(CharacterEncodingFilter.java:201)
	at org.springframework.web.filter.OncePerRequestFilter.doFilter(OncePerRequestFilter.java:116)
	at org.apache.catalina.core.ApplicationFilterChain.internalDoFilter(ApplicationFilterChain.java:164)
	at org.apache.catalina.core.ApplicationFilterChain.doFilter(ApplicationFilterChain.java:140)
	at org.apache.catalina.core.StandardWrapperValve.invoke(StandardWrapperValve.java:167)
	at org.apache.catalina.core.StandardContextValve.invoke(StandardContextValve.java:90)
	at org.apache.catalina.authenticator.AuthenticatorBase.invoke(AuthenticatorBase.java:483)
	at org.apache.catalina.core.StandardHostValve.invoke(StandardHostValve.java:116)
	at org.apache.catalina.valves.ErrorReportValve.invoke(ErrorReportValve.java:93)
	at org.apache.catalina.core.StandardEngineValve.invoke(StandardEngineValve.java:74)
	at org.apache.catalina.connector.CoyoteAdapter.service(CoyoteAdapter.java:344)
	at org.apache.coyote.http11.Http11Processor.service(Http11Processor.java:398)
	at org.apache.coyote.AbstractProcessorLight.process(AbstractProcessorLight.java:63)
	at org.apache.coyote.AbstractProtocol$ConnectionHandler.process(AbstractProtocol.java:903)
	at org.apache.tomcat.util.net.NioEndpoint$SocketProcessor.doRun(NioEndpoint.java:1769)
	at org.apache.tomcat.util.net.SocketProcessorBase.run(SocketProcessorBase.java:52)
	at org.apache.tomcat.util.threads.ThreadPoolExecutor.runWorker(ThreadPoolExecutor.java:1189)
	at org.apache.tomcat.util.threads.ThreadPoolExecutor$Worker.run(ThreadPoolExecutor.java:658)
	at org.apache.tomcat.util.threads.TaskThread$WrappingRunnable.run(TaskThread.java:63)
	at java.base/java.lang.Thread.run(Thread.java:1447)
2025-08-13 02:05:58 [http-nio-8191-exec-2] WARN  o.s.w.s.m.m.a.ExceptionHandlerExceptionResolver - Resolved [org.intics.hermes.exception.HermesException: 400 Bad Request on POST request for "https://intics.elevance.ngrok.dev/alchemy-server/alchemy/api/v2/transaction/create/pipeline/fileUrl/HEALTH_CARE": "{"payload":{},"responseTimeStamp":"2025-08-12T20:35:58.682764Z","errorCode":400,"status":"Fail","errorMsg":"400 Bad Request: Invalid documentSource has been received in the request body."}"]
2025-08-13 02:18:30 [http-nio-8191-exec-4] WARN  o.s.w.s.m.s.DefaultHandlerExceptionResolver - Resolved [org.springframework.web.bind.MissingRequestHeaderException: Required request header 'Authorization' for method parameter type String is not present]
2025-08-13 02:18:40 [http-nio-8191-exec-6] WARN  o.s.w.s.m.s.DefaultHandlerExceptionResolver - Resolved [org.springframework.web.bind.MissingRequestHeaderException: Required request header 'Authorization' for method parameter type String is not present]
2025-08-13 02:18:59 [http-nio-8191-exec-8] WARN  o.s.w.s.m.s.DefaultHandlerExceptionResolver - Resolved [org.springframework.web.bind.MissingRequestHeaderException: Required request header 'Authorization' for method parameter type String is not present]
2025-08-13 02:19:12 [http-nio-8191-exec-10] INFO  o.i.h.c.InboundShadowController - Completed processing docTypeBasedRedirect for tenantId=1, documentType=HEALTH_CARE
2025-08-13 02:19:12 [http-nio-8191-exec-10] INFO  o.i.hermes.service.InboundService - docTypeRedirect called with tenantId=1, documentType=HEALTH_CARE, healthPlan=PH, channel=test
2025-08-13 02:19:12 [http-nio-8191-exec-10] INFO  o.i.hermes.service.InboundService - Forwarding request to URL: https://intics.elevance.ngrok.dev/alchemy-server/alchemy/api/v2/transaction/create/pipeline/shadow/fileUrl/HEALTH_CARE?tenantId=1&channel=test&documentType=HEALTH_CARE
2025-08-13 02:19:12 [http-nio-8191-exec-10] ERROR o.i.h.e.GlobalExceptionHandler - 401 Unauthorized on POST request for "https://intics.elevance.ngrok.dev/alchemy-server/alchemy/api/v2/transaction/create/pipeline/shadow/fileUrl/HEALTH_CARE": [no body]
org.intics.hermes.exception.HermesException: 401 Unauthorized on POST request for "https://intics.elevance.ngrok.dev/alchemy-server/alchemy/api/v2/transaction/create/pipeline/shadow/fileUrl/HEALTH_CARE": [no body]
	at org.intics.hermes.service.InboundShadowService.docTypeRedirect(InboundShadowService.java:108)
	at org.intics.hermes.controller.InboundShadowController.docTypeBasedRedirect(InboundShadowController.java:32)
	at java.base/jdk.internal.reflect.DirectMethodHandleAccessor.invoke(DirectMethodHandleAccessor.java:104)
	at java.base/java.lang.reflect.Method.invoke(Method.java:565)
	at org.springframework.web.method.support.InvocableHandlerMethod.doInvoke(InvocableHandlerMethod.java:258)
	at org.springframework.web.method.support.InvocableHandlerMethod.invokeForRequest(InvocableHandlerMethod.java:191)
	at org.springframework.web.servlet.mvc.method.annotation.ServletInvocableHandlerMethod.invokeAndHandle(ServletInvocableHandlerMethod.java:118)
	at org.springframework.web.servlet.mvc.method.annotation.RequestMappingHandlerAdapter.invokeHandlerMethod(RequestMappingHandlerAdapter.java:991)
	at org.springframework.web.servlet.mvc.method.annotation.RequestMappingHandlerAdapter.handleInternal(RequestMappingHandlerAdapter.java:896)
	at org.springframework.web.servlet.mvc.method.AbstractHandlerMethodAdapter.handle(AbstractHandlerMethodAdapter.java:87)
	at org.springframework.web.servlet.DispatcherServlet.doDispatch(DispatcherServlet.java:1089)
	at org.springframework.web.servlet.DispatcherServlet.doService(DispatcherServlet.java:979)
	at org.springframework.web.servlet.FrameworkServlet.processRequest(FrameworkServlet.java:1014)
	at org.springframework.web.servlet.FrameworkServlet.doPost(FrameworkServlet.java:914)
	at jakarta.servlet.http.HttpServlet.service(HttpServlet.java:590)
	at org.springframework.web.servlet.FrameworkServlet.service(FrameworkServlet.java:885)
	at jakarta.servlet.http.HttpServlet.service(HttpServlet.java:658)
	at org.apache.catalina.core.ApplicationFilterChain.internalDoFilter(ApplicationFilterChain.java:195)
	at org.apache.catalina.core.ApplicationFilterChain.doFilter(ApplicationFilterChain.java:140)
	at org.apache.tomcat.websocket.server.WsFilter.doFilter(WsFilter.java:51)
	at org.apache.catalina.core.ApplicationFilterChain.internalDoFilter(ApplicationFilterChain.java:164)
	at org.apache.catalina.core.ApplicationFilterChain.doFilter(ApplicationFilterChain.java:140)
	at org.springframework.web.filter.RequestContextFilter.doFilterInternal(RequestContextFilter.java:100)
	at org.springframework.web.filter.OncePerRequestFilter.doFilter(OncePerRequestFilter.java:116)
	at org.apache.catalina.core.ApplicationFilterChain.internalDoFilter(ApplicationFilterChain.java:164)
	at org.apache.catalina.core.ApplicationFilterChain.doFilter(ApplicationFilterChain.java:140)
	at org.springframework.web.filter.FormContentFilter.doFilterInternal(FormContentFilter.java:93)
	at org.springframework.web.filter.OncePerRequestFilter.doFilter(OncePerRequestFilter.java:116)
	at org.apache.catalina.core.ApplicationFilterChain.internalDoFilter(ApplicationFilterChain.java:164)
	at org.apache.catalina.core.ApplicationFilterChain.doFilter(ApplicationFilterChain.java:140)
	at org.springframework.web.filter.ServerHttpObservationFilter.doFilterInternal(ServerHttpObservationFilter.java:110)
	at org.springframework.web.filter.OncePerRequestFilter.doFilter(OncePerRequestFilter.java:116)
	at org.apache.catalina.core.ApplicationFilterChain.internalDoFilter(ApplicationFilterChain.java:164)
	at org.apache.catalina.core.ApplicationFilterChain.doFilter(ApplicationFilterChain.java:140)
	at org.springframework.web.filter.CharacterEncodingFilter.doFilterInternal(CharacterEncodingFilter.java:201)
	at org.springframework.web.filter.OncePerRequestFilter.doFilter(OncePerRequestFilter.java:116)
	at org.apache.catalina.core.ApplicationFilterChain.internalDoFilter(ApplicationFilterChain.java:164)
	at org.apache.catalina.core.ApplicationFilterChain.doFilter(ApplicationFilterChain.java:140)
	at org.apache.catalina.core.StandardWrapperValve.invoke(StandardWrapperValve.java:167)
	at org.apache.catalina.core.StandardContextValve.invoke(StandardContextValve.java:90)
	at org.apache.catalina.authenticator.AuthenticatorBase.invoke(AuthenticatorBase.java:483)
	at org.apache.catalina.core.StandardHostValve.invoke(StandardHostValve.java:116)
	at org.apache.catalina.valves.ErrorReportValve.invoke(ErrorReportValve.java:93)
	at org.apache.catalina.core.StandardEngineValve.invoke(StandardEngineValve.java:74)
	at org.apache.catalina.connector.CoyoteAdapter.service(CoyoteAdapter.java:344)
	at org.apache.coyote.http11.Http11Processor.service(Http11Processor.java:398)
	at org.apache.coyote.AbstractProcessorLight.process(AbstractProcessorLight.java:63)
	at org.apache.coyote.AbstractProtocol$ConnectionHandler.process(AbstractProtocol.java:903)
	at org.apache.tomcat.util.net.NioEndpoint$SocketProcessor.doRun(NioEndpoint.java:1769)
	at org.apache.tomcat.util.net.SocketProcessorBase.run(SocketProcessorBase.java:52)
	at org.apache.tomcat.util.threads.ThreadPoolExecutor.runWorker(ThreadPoolExecutor.java:1189)
	at org.apache.tomcat.util.threads.ThreadPoolExecutor$Worker.run(ThreadPoolExecutor.java:658)
	at org.apache.tomcat.util.threads.TaskThread$WrappingRunnable.run(TaskThread.java:63)
	at java.base/java.lang.Thread.run(Thread.java:1447)
2025-08-13 02:19:12 [http-nio-8191-exec-10] WARN  o.s.w.s.m.m.a.ExceptionHandlerExceptionResolver - Resolved [org.intics.hermes.exception.HermesException: 401 Unauthorized on POST request for "https://intics.elevance.ngrok.dev/alchemy-server/alchemy/api/v2/transaction/create/pipeline/shadow/fileUrl/HEALTH_CARE": [no body]]
2025-08-13 02:19:22 [http-nio-8191-exec-1] WARN  o.s.w.s.m.s.DefaultHandlerExceptionResolver - Resolved [org.springframework.web.bind.MissingRequestHeaderException: Required request header 'Authorization' for method parameter type String is not present]
2025-08-13 02:19:39 [http-nio-8191-exec-3] INFO  o.i.h.c.InboundShadowController - Completed processing docTypeBasedRedirect for tenantId=1, documentType=HEALTH_CARE
2025-08-13 02:19:39 [http-nio-8191-exec-3] INFO  o.i.hermes.service.InboundService - docTypeRedirect called with tenantId=1, documentType=HEALTH_CARE, healthPlan=PH, channel=test
2025-08-13 02:19:39 [http-nio-8191-exec-3] INFO  o.i.hermes.service.InboundService - Forwarding request to URL: https://intics.elevance.ngrok.dev/alchemy-server/alchemy/api/v2/transaction/create/pipeline/shadow/fileUrl/HEALTH_CARE?tenantId=1&channel=test&documentType=HEALTH_CARE
2025-08-13 02:19:40 [http-nio-8191-exec-3] INFO  o.i.hermes.service.InboundService - Response body received {"requestTxnId":"SI-123","status":"REQUEST_RECEIVED","transactionId":"ITX-833"}
2025-08-13 02:19:40 [http-nio-8191-exec-3] INFO  o.i.hermes.service.InboundService - Response received with status code: 200 OK
2025-08-13 02:19:49 [http-nio-8191-exec-4] INFO  o.i.h.c.InboundShadowController - Completed processing docTypeBasedRedirect for tenantId=1, documentType=HEALTH_CARE
2025-08-13 02:19:49 [http-nio-8191-exec-4] INFO  o.i.hermes.service.InboundService - docTypeRedirect called with tenantId=1, documentType=HEALTH_CARE, healthPlan=PH, channel=test
2025-08-13 02:19:49 [http-nio-8191-exec-4] INFO  o.i.hermes.service.InboundService - Forwarding request to URL: https://intics.elevance.ngrok.dev/alchemy-server/alchemy/api/v2/transaction/create/pipeline/shadow/fileUrl/HEALTH_CARE?tenantId=1&channel=test&documentType=HEALTH_CARE
2025-08-13 02:19:50 [http-nio-8191-exec-4] ERROR o.i.h.e.GlobalExceptionHandler - 401 Unauthorized on POST request for "https://intics.elevance.ngrok.dev/alchemy-server/alchemy/api/v2/transaction/create/pipeline/shadow/fileUrl/HEALTH_CARE": [no body]
org.intics.hermes.exception.HermesException: 401 Unauthorized on POST request for "https://intics.elevance.ngrok.dev/alchemy-server/alchemy/api/v2/transaction/create/pipeline/shadow/fileUrl/HEALTH_CARE": [no body]
	at org.intics.hermes.service.InboundShadowService.docTypeRedirect(InboundShadowService.java:108)
	at org.intics.hermes.controller.InboundShadowController.docTypeBasedRedirect(InboundShadowController.java:32)
	at java.base/jdk.internal.reflect.DirectMethodHandleAccessor.invoke(DirectMethodHandleAccessor.java:104)
	at java.base/java.lang.reflect.Method.invoke(Method.java:565)
	at org.springframework.web.method.support.InvocableHandlerMethod.doInvoke(InvocableHandlerMethod.java:258)
	at org.springframework.web.method.support.InvocableHandlerMethod.invokeForRequest(InvocableHandlerMethod.java:191)
	at org.springframework.web.servlet.mvc.method.annotation.ServletInvocableHandlerMethod.invokeAndHandle(ServletInvocableHandlerMethod.java:118)
	at org.springframework.web.servlet.mvc.method.annotation.RequestMappingHandlerAdapter.invokeHandlerMethod(RequestMappingHandlerAdapter.java:991)
	at org.springframework.web.servlet.mvc.method.annotation.RequestMappingHandlerAdapter.handleInternal(RequestMappingHandlerAdapter.java:896)
	at org.springframework.web.servlet.mvc.method.AbstractHandlerMethodAdapter.handle(AbstractHandlerMethodAdapter.java:87)
	at org.springframework.web.servlet.DispatcherServlet.doDispatch(DispatcherServlet.java:1089)
	at org.springframework.web.servlet.DispatcherServlet.doService(DispatcherServlet.java:979)
	at org.springframework.web.servlet.FrameworkServlet.processRequest(FrameworkServlet.java:1014)
	at org.springframework.web.servlet.FrameworkServlet.doPost(FrameworkServlet.java:914)
	at jakarta.servlet.http.HttpServlet.service(HttpServlet.java:590)
	at org.springframework.web.servlet.FrameworkServlet.service(FrameworkServlet.java:885)
	at jakarta.servlet.http.HttpServlet.service(HttpServlet.java:658)
	at org.apache.catalina.core.ApplicationFilterChain.internalDoFilter(ApplicationFilterChain.java:195)
	at org.apache.catalina.core.ApplicationFilterChain.doFilter(ApplicationFilterChain.java:140)
	at org.apache.tomcat.websocket.server.WsFilter.doFilter(WsFilter.java:51)
	at org.apache.catalina.core.ApplicationFilterChain.internalDoFilter(ApplicationFilterChain.java:164)
	at org.apache.catalina.core.ApplicationFilterChain.doFilter(ApplicationFilterChain.java:140)
	at org.springframework.web.filter.RequestContextFilter.doFilterInternal(RequestContextFilter.java:100)
	at org.springframework.web.filter.OncePerRequestFilter.doFilter(OncePerRequestFilter.java:116)
	at org.apache.catalina.core.ApplicationFilterChain.internalDoFilter(ApplicationFilterChain.java:164)
	at org.apache.catalina.core.ApplicationFilterChain.doFilter(ApplicationFilterChain.java:140)
	at org.springframework.web.filter.FormContentFilter.doFilterInternal(FormContentFilter.java:93)
	at org.springframework.web.filter.OncePerRequestFilter.doFilter(OncePerRequestFilter.java:116)
	at org.apache.catalina.core.ApplicationFilterChain.internalDoFilter(ApplicationFilterChain.java:164)
	at org.apache.catalina.core.ApplicationFilterChain.doFilter(ApplicationFilterChain.java:140)
	at org.springframework.web.filter.ServerHttpObservationFilter.doFilterInternal(ServerHttpObservationFilter.java:110)
	at org.springframework.web.filter.OncePerRequestFilter.doFilter(OncePerRequestFilter.java:116)
	at org.apache.catalina.core.ApplicationFilterChain.internalDoFilter(ApplicationFilterChain.java:164)
	at org.apache.catalina.core.ApplicationFilterChain.doFilter(ApplicationFilterChain.java:140)
	at org.springframework.web.filter.CharacterEncodingFilter.doFilterInternal(CharacterEncodingFilter.java:201)
	at org.springframework.web.filter.OncePerRequestFilter.doFilter(OncePerRequestFilter.java:116)
	at org.apache.catalina.core.ApplicationFilterChain.internalDoFilter(ApplicationFilterChain.java:164)
	at org.apache.catalina.core.ApplicationFilterChain.doFilter(ApplicationFilterChain.java:140)
	at org.apache.catalina.core.StandardWrapperValve.invoke(StandardWrapperValve.java:167)
	at org.apache.catalina.core.StandardContextValve.invoke(StandardContextValve.java:90)
	at org.apache.catalina.authenticator.AuthenticatorBase.invoke(AuthenticatorBase.java:483)
	at org.apache.catalina.core.StandardHostValve.invoke(StandardHostValve.java:116)
	at org.apache.catalina.valves.ErrorReportValve.invoke(ErrorReportValve.java:93)
	at org.apache.catalina.core.StandardEngineValve.invoke(StandardEngineValve.java:74)
	at org.apache.catalina.connector.CoyoteAdapter.service(CoyoteAdapter.java:344)
	at org.apache.coyote.http11.Http11Processor.service(Http11Processor.java:398)
	at org.apache.coyote.AbstractProcessorLight.process(AbstractProcessorLight.java:63)
	at org.apache.coyote.AbstractProtocol$ConnectionHandler.process(AbstractProtocol.java:903)
	at org.apache.tomcat.util.net.NioEndpoint$SocketProcessor.doRun(NioEndpoint.java:1769)
	at org.apache.tomcat.util.net.SocketProcessorBase.run(SocketProcessorBase.java:52)
	at org.apache.tomcat.util.threads.ThreadPoolExecutor.runWorker(ThreadPoolExecutor.java:1189)
	at org.apache.tomcat.util.threads.ThreadPoolExecutor$Worker.run(ThreadPoolExecutor.java:658)
	at org.apache.tomcat.util.threads.TaskThread$WrappingRunnable.run(TaskThread.java:63)
	at java.base/java.lang.Thread.run(Thread.java:1447)
2025-08-13 02:19:50 [http-nio-8191-exec-4] WARN  o.s.w.s.m.m.a.ExceptionHandlerExceptionResolver - Resolved [org.intics.hermes.exception.HermesException: 401 Unauthorized on POST request for "https://intics.elevance.ngrok.dev/alchemy-server/alchemy/api/v2/transaction/create/pipeline/shadow/fileUrl/HEALTH_CARE": [no body]]
2025-08-13 02:19:56 [http-nio-8191-exec-5] INFO  o.i.h.c.InboundShadowController - Completed processing docTypeBasedRedirect for tenantId=1, documentType=HEALTH_CARE
2025-08-13 02:19:56 [http-nio-8191-exec-5] INFO  o.i.hermes.service.InboundService - docTypeRedirect called with tenantId=1, documentType=HEALTH_CARE, healthPlan=PH, channel=test
2025-08-13 02:19:56 [http-nio-8191-exec-5] INFO  o.i.hermes.service.InboundService - Forwarding request to URL: https://intics.elevance.ngrok.dev/alchemy-server/alchemy/api/v2/transaction/create/pipeline/shadow/fileUrl/HEALTH_CARE?tenantId=1&channel=test&documentType=HEALTH_CARE
2025-08-13 02:19:57 [http-nio-8191-exec-5] INFO  o.i.hermes.service.InboundService - Response body received {"requestTxnId":"SI-123","status":"REQUEST_RECEIVED","transactionId":"ITX-834"}
2025-08-13 02:19:57 [http-nio-8191-exec-5] INFO  o.i.hermes.service.InboundService - Response received with status code: 200 OK
2025-08-13 02:20:05 [http-nio-8191-exec-6] INFO  o.i.h.c.InboundShadowController - Completed processing docTypeBasedRedirect for tenantId=1, documentType=HEALTH_CARE
2025-08-13 02:20:05 [http-nio-8191-exec-6] INFO  o.i.hermes.service.InboundService - docTypeRedirect called with tenantId=1, documentType=HEALTH_CARE, healthPlan=PH, channel=test
2025-08-13 02:20:05 [http-nio-8191-exec-6] INFO  o.i.hermes.service.InboundService - Forwarding request to URL: https://intics.elevance.ngrok.dev/alchemy-server/alchemy/api/v2/transaction/create/pipeline/shadow/fileUrl/HEALTH_CARE?tenantId=1&channel=test&documentType=HEALTH_CARE
2025-08-13 02:20:06 [http-nio-8191-exec-6] INFO  o.i.hermes.service.InboundService - Response body received {"requestTxnId":"SI-123","status":"REQUEST_RECEIVED","transactionId":"ITX-835"}
2025-08-13 02:20:06 [http-nio-8191-exec-6] INFO  o.i.hermes.service.InboundService - Response received with status code: 200 OK
2025-08-13 02:20:38 [http-nio-8191-exec-7] INFO  o.i.h.c.InboundShadowController - Completed processing docTypeBasedRedirect for tenantId=1, documentType=HEALTH_CARE
2025-08-13 02:20:38 [http-nio-8191-exec-7] INFO  o.i.hermes.service.InboundService - docTypeRedirect called with tenantId=1, documentType=HEALTH_CARE, healthPlan=PH, channel=test
2025-08-13 02:20:38 [http-nio-8191-exec-7] INFO  o.i.hermes.service.InboundService - Forwarding request to URL: https://intics.elevance.ngrok.dev/alchemy-server/alchemy/api/v2/transaction/create/pipeline/shadow/fileUrl/HEALTH_CARE?tenantId=1&channel=test&documentType=HEALTH_CARE
2025-08-13 02:20:38 [http-nio-8191-exec-7] ERROR o.i.h.e.GlobalExceptionHandler - 400 Bad Request on POST request for "https://intics.elevance.ngrok.dev/alchemy-server/alchemy/api/v2/transaction/create/pipeline/shadow/fileUrl/HEALTH_CARE": "{"payload":{},"responseTimeStamp":"2025-08-12T20:50:38.520762Z","errorCode":400,"status":"Fail","errorMsg":"400 Bad Request: Invalid documentSource has been received in the request body."}"
org.intics.hermes.exception.HermesException: 400 Bad Request on POST request for "https://intics.elevance.ngrok.dev/alchemy-server/alchemy/api/v2/transaction/create/pipeline/shadow/fileUrl/HEALTH_CARE": "{"payload":{},"responseTimeStamp":"2025-08-12T20:50:38.520762Z","errorCode":400,"status":"Fail","errorMsg":"400 Bad Request: Invalid documentSource has been received in the request body."}"
	at org.intics.hermes.service.InboundShadowService.docTypeRedirect(InboundShadowService.java:108)
	at org.intics.hermes.controller.InboundShadowController.docTypeBasedRedirect(InboundShadowController.java:32)
	at java.base/jdk.internal.reflect.DirectMethodHandleAccessor.invoke(DirectMethodHandleAccessor.java:104)
	at java.base/java.lang.reflect.Method.invoke(Method.java:565)
	at org.springframework.web.method.support.InvocableHandlerMethod.doInvoke(InvocableHandlerMethod.java:258)
	at org.springframework.web.method.support.InvocableHandlerMethod.invokeForRequest(InvocableHandlerMethod.java:191)
	at org.springframework.web.servlet.mvc.method.annotation.ServletInvocableHandlerMethod.invokeAndHandle(ServletInvocableHandlerMethod.java:118)
	at org.springframework.web.servlet.mvc.method.annotation.RequestMappingHandlerAdapter.invokeHandlerMethod(RequestMappingHandlerAdapter.java:991)
	at org.springframework.web.servlet.mvc.method.annotation.RequestMappingHandlerAdapter.handleInternal(RequestMappingHandlerAdapter.java:896)
	at org.springframework.web.servlet.mvc.method.AbstractHandlerMethodAdapter.handle(AbstractHandlerMethodAdapter.java:87)
	at org.springframework.web.servlet.DispatcherServlet.doDispatch(DispatcherServlet.java:1089)
	at org.springframework.web.servlet.DispatcherServlet.doService(DispatcherServlet.java:979)
	at org.springframework.web.servlet.FrameworkServlet.processRequest(FrameworkServlet.java:1014)
	at org.springframework.web.servlet.FrameworkServlet.doPost(FrameworkServlet.java:914)
	at jakarta.servlet.http.HttpServlet.service(HttpServlet.java:590)
	at org.springframework.web.servlet.FrameworkServlet.service(FrameworkServlet.java:885)
	at jakarta.servlet.http.HttpServlet.service(HttpServlet.java:658)
	at org.apache.catalina.core.ApplicationFilterChain.internalDoFilter(ApplicationFilterChain.java:195)
	at org.apache.catalina.core.ApplicationFilterChain.doFilter(ApplicationFilterChain.java:140)
	at org.apache.tomcat.websocket.server.WsFilter.doFilter(WsFilter.java:51)
	at org.apache.catalina.core.ApplicationFilterChain.internalDoFilter(ApplicationFilterChain.java:164)
	at org.apache.catalina.core.ApplicationFilterChain.doFilter(ApplicationFilterChain.java:140)
	at org.springframework.web.filter.RequestContextFilter.doFilterInternal(RequestContextFilter.java:100)
	at org.springframework.web.filter.OncePerRequestFilter.doFilter(OncePerRequestFilter.java:116)
	at org.apache.catalina.core.ApplicationFilterChain.internalDoFilter(ApplicationFilterChain.java:164)
	at org.apache.catalina.core.ApplicationFilterChain.doFilter(ApplicationFilterChain.java:140)
	at org.springframework.web.filter.FormContentFilter.doFilterInternal(FormContentFilter.java:93)
	at org.springframework.web.filter.OncePerRequestFilter.doFilter(OncePerRequestFilter.java:116)
	at org.apache.catalina.core.ApplicationFilterChain.internalDoFilter(ApplicationFilterChain.java:164)
	at org.apache.catalina.core.ApplicationFilterChain.doFilter(ApplicationFilterChain.java:140)
	at org.springframework.web.filter.ServerHttpObservationFilter.doFilterInternal(ServerHttpObservationFilter.java:110)
	at org.springframework.web.filter.OncePerRequestFilter.doFilter(OncePerRequestFilter.java:116)
	at org.apache.catalina.core.ApplicationFilterChain.internalDoFilter(ApplicationFilterChain.java:164)
	at org.apache.catalina.core.ApplicationFilterChain.doFilter(ApplicationFilterChain.java:140)
	at org.springframework.web.filter.CharacterEncodingFilter.doFilterInternal(CharacterEncodingFilter.java:201)
	at org.springframework.web.filter.OncePerRequestFilter.doFilter(OncePerRequestFilter.java:116)
	at org.apache.catalina.core.ApplicationFilterChain.internalDoFilter(ApplicationFilterChain.java:164)
	at org.apache.catalina.core.ApplicationFilterChain.doFilter(ApplicationFilterChain.java:140)
	at org.apache.catalina.core.StandardWrapperValve.invoke(StandardWrapperValve.java:167)
	at org.apache.catalina.core.StandardContextValve.invoke(StandardContextValve.java:90)
	at org.apache.catalina.authenticator.AuthenticatorBase.invoke(AuthenticatorBase.java:483)
	at org.apache.catalina.core.StandardHostValve.invoke(StandardHostValve.java:116)
	at org.apache.catalina.valves.ErrorReportValve.invoke(ErrorReportValve.java:93)
	at org.apache.catalina.core.StandardEngineValve.invoke(StandardEngineValve.java:74)
	at org.apache.catalina.connector.CoyoteAdapter.service(CoyoteAdapter.java:344)
	at org.apache.coyote.http11.Http11Processor.service(Http11Processor.java:398)
	at org.apache.coyote.AbstractProcessorLight.process(AbstractProcessorLight.java:63)
	at org.apache.coyote.AbstractProtocol$ConnectionHandler.process(AbstractProtocol.java:903)
	at org.apache.tomcat.util.net.NioEndpoint$SocketProcessor.doRun(NioEndpoint.java:1769)
	at org.apache.tomcat.util.net.SocketProcessorBase.run(SocketProcessorBase.java:52)
	at org.apache.tomcat.util.threads.ThreadPoolExecutor.runWorker(ThreadPoolExecutor.java:1189)
	at org.apache.tomcat.util.threads.ThreadPoolExecutor$Worker.run(ThreadPoolExecutor.java:658)
	at org.apache.tomcat.util.threads.TaskThread$WrappingRunnable.run(TaskThread.java:63)
	at java.base/java.lang.Thread.run(Thread.java:1447)
2025-08-13 02:20:38 [http-nio-8191-exec-7] WARN  o.s.w.s.m.m.a.ExceptionHandlerExceptionResolver - Resolved [org.intics.hermes.exception.HermesException: 400 Bad Request on POST request for "https://intics.elevance.ngrok.dev/alchemy-server/alchemy/api/v2/transaction/create/pipeline/shadow/fileUrl/HEALTH_CARE": "{"payload":{},"responseTimeStamp":"2025-08-12T20:50:38.520762Z","errorCode":400,"status":"Fail","errorMsg":"400 Bad Request: Invalid documentSource has been received in the request body."}"]
2025-08-13 02:25:42 [SpringApplicationShutdownHook] INFO  o.s.b.w.e.tomcat.GracefulShutdown - Commencing graceful shutdown. Waiting for active requests to complete
2025-08-13 02:25:42 [tomcat-shutdown] INFO  o.s.b.w.e.tomcat.GracefulShutdown - Graceful shutdown complete
2025-08-13 02:37:05 [background-preinit] INFO  o.h.validator.internal.util.Version - HV000001: Hibernate Validator 8.0.2.Final
2025-08-13 02:37:05 [restartedMain] INFO  org.intics.hermes.HermesApplication - Starting HermesApplication using Java 24.0.1 with PID 20766 (/home/roobadharani.deva@zucisystems.com/build/hermes/target/classes started by roobadharani.deva@zucisystems.com in /home/roobadharani.deva@zucisystems.com/build/hermes)
2025-08-13 02:37:05 [restartedMain] INFO  org.intics.hermes.HermesApplication - No active profile set, falling back to 1 default profile: "default"
2025-08-13 02:37:05 [restartedMain] INFO  o.s.b.d.e.DevToolsPropertyDefaultsPostProcessor - Devtools property defaults active! Set 'spring.devtools.add-properties' to 'false' to disable
2025-08-13 02:37:05 [restartedMain] INFO  o.s.b.d.e.DevToolsPropertyDefaultsPostProcessor - For additional web related logging consider setting the 'logging.level.web' property to 'DEBUG'
2025-08-13 02:37:06 [restartedMain] INFO  o.s.b.w.e.tomcat.TomcatWebServer - Tomcat initialized with port 8191 (http)
2025-08-13 02:37:06 [restartedMain] INFO  o.a.coyote.http11.Http11NioProtocol - Initializing ProtocolHandler ["http-nio-8191"]
2025-08-13 02:37:06 [restartedMain] INFO  o.a.catalina.core.StandardService - Starting service [Tomcat]
2025-08-13 02:37:06 [restartedMain] INFO  o.a.catalina.core.StandardEngine - Starting Servlet engine: [Apache Tomcat/10.1.43]
2025-08-13 02:37:06 [restartedMain] INFO  o.a.c.c.C.[.[localhost].[/hermes] - Initializing Spring embedded WebApplicationContext
2025-08-13 02:37:06 [restartedMain] INFO  o.s.b.w.s.c.ServletWebServerApplicationContext - Root WebApplicationContext: initialization completed in 1204 ms
2025-08-13 02:37:07 [restartedMain] INFO  o.s.b.d.a.OptionalLiveReloadServer - LiveReload server is running on port 35729
2025-08-13 02:37:07 [restartedMain] INFO  o.s.b.a.e.web.EndpointLinksResolver - Exposing 1 endpoint beneath base path '/actuator'
2025-08-13 02:37:07 [restartedMain] INFO  o.a.coyote.http11.Http11NioProtocol - Starting ProtocolHandler ["http-nio-8191"]
2025-08-13 02:37:07 [restartedMain] INFO  o.s.b.w.e.tomcat.TomcatWebServer - Tomcat started on port 8191 (http) with context path '/hermes'
2025-08-13 02:37:07 [restartedMain] INFO  org.intics.hermes.HermesApplication - Started HermesApplication in 2.43 seconds (process running for 3.069)
2025-08-13 02:37:56 [http-nio-8191-exec-2] INFO  o.a.c.c.C.[.[localhost].[/hermes] - Initializing Spring DispatcherServlet 'dispatcherServlet'
2025-08-13 02:37:56 [http-nio-8191-exec-2] INFO  o.s.web.servlet.DispatcherServlet - Initializing Servlet 'dispatcherServlet'
2025-08-13 02:37:56 [http-nio-8191-exec-2] INFO  o.s.web.servlet.DispatcherServlet - Completed initialization in 1 ms
2025-08-13 02:37:56 [http-nio-8191-exec-2] WARN  o.s.w.s.m.s.DefaultHandlerExceptionResolver - Resolved [org.springframework.web.bind.MissingRequestHeaderException: Required request header 'instanceType' for method parameter type String is not present]
2025-08-13 02:38:12 [http-nio-8191-exec-4] INFO  o.i.h.controller.InboundController - Completed processing docTypeBasedRedirect for tenantId=1, documentType=HEALTH_CARE
2025-08-13 02:38:12 [http-nio-8191-exec-4] INFO  o.i.hermes.service.InboundService - docTypeRedirect called with tenantId=1, documentType=HEALTH_CARE, healthPlan=PH, channel=test
2025-08-13 02:38:12 [http-nio-8191-exec-4] INFO  o.i.hermes.service.InboundService - Forwarding request to URL: https://intics.elevance.ngrok.dev/alchemy-server/alchemy/api/v2/transaction/create/pipeline/fileUrl/HEALTH_CARE?tenantId=1&channel=test&documentType=HEALTH_CARE
2025-08-13 02:38:13 [http-nio-8191-exec-4] WARN  o.i.hermes.service.InboundService - Failed to parse API error body: {"payload":{},"responseTimeStamp":"2025-08-12T21:08:13.272859Z","errorCode":400,"status":"Fail","errorMsg":"400 Bad Request: Invalid documentSource has been received in the request body."}
com.fasterxml.jackson.databind.exc.InvalidFormatException: Cannot deserialize value of type `java.lang.Integer` from String "Fail": not a valid `java.lang.Integer` value
 at [Source: REDACTED (`StreamReadFeature.INCLUDE_SOURCE_IN_LOCATION` disabled); line: 1, column: 90] (through reference chain: org.intics.hermes.dto.ErrorResponsePayload["status"])
	at com.fasterxml.jackson.databind.exc.InvalidFormatException.from(InvalidFormatException.java:67)
	at com.fasterxml.jackson.databind.DeserializationContext.weirdStringException(DeserializationContext.java:1986)
	at com.fasterxml.jackson.databind.DeserializationContext.handleWeirdStringValue(DeserializationContext.java:1272)
	at com.fasterxml.jackson.databind.deser.std.StdDeserializer._parseInteger(StdDeserializer.java:851)
	at com.fasterxml.jackson.databind.deser.std.StdDeserializer._parseInteger(StdDeserializer.java:830)
	at com.fasterxml.jackson.databind.deser.std.NumberDeserializers$IntegerDeserializer.deserialize(NumberDeserializers.java:531)
	at com.fasterxml.jackson.databind.deser.std.NumberDeserializers$IntegerDeserializer.deserialize(NumberDeserializers.java:506)
	at com.fasterxml.jackson.databind.deser.impl.MethodProperty.deserializeAndSet(MethodProperty.java:129)
	at com.fasterxml.jackson.databind.deser.BeanDeserializer.vanillaDeserialize(BeanDeserializer.java:302)
	at com.fasterxml.jackson.databind.deser.BeanDeserializer.deserialize(BeanDeserializer.java:169)
	at com.fasterxml.jackson.databind.deser.DefaultDeserializationContext.readRootValue(DefaultDeserializationContext.java:342)
	at com.fasterxml.jackson.databind.ObjectMapper._readMapAndClose(ObjectMapper.java:4971)
	at com.fasterxml.jackson.databind.ObjectMapper.readValue(ObjectMapper.java:3887)
	at com.fasterxml.jackson.databind.ObjectMapper.readValue(ObjectMapper.java:3855)
	at org.intics.hermes.service.InboundService.docTypeRedirect(InboundService.java:113)
	at org.intics.hermes.controller.InboundController.docTypeBasedRedirect(InboundController.java:34)
	at java.base/jdk.internal.reflect.DirectMethodHandleAccessor.invoke(DirectMethodHandleAccessor.java:104)
	at java.base/java.lang.reflect.Method.invoke(Method.java:565)
	at org.springframework.web.method.support.InvocableHandlerMethod.doInvoke(InvocableHandlerMethod.java:258)
	at org.springframework.web.method.support.InvocableHandlerMethod.invokeForRequest(InvocableHandlerMethod.java:191)
	at org.springframework.web.servlet.mvc.method.annotation.ServletInvocableHandlerMethod.invokeAndHandle(ServletInvocableHandlerMethod.java:118)
	at org.springframework.web.servlet.mvc.method.annotation.RequestMappingHandlerAdapter.invokeHandlerMethod(RequestMappingHandlerAdapter.java:991)
	at org.springframework.web.servlet.mvc.method.annotation.RequestMappingHandlerAdapter.handleInternal(RequestMappingHandlerAdapter.java:896)
	at org.springframework.web.servlet.mvc.method.AbstractHandlerMethodAdapter.handle(AbstractHandlerMethodAdapter.java:87)
	at org.springframework.web.servlet.DispatcherServlet.doDispatch(DispatcherServlet.java:1089)
	at org.springframework.web.servlet.DispatcherServlet.doService(DispatcherServlet.java:979)
	at org.springframework.web.servlet.FrameworkServlet.processRequest(FrameworkServlet.java:1014)
	at org.springframework.web.servlet.FrameworkServlet.doPost(FrameworkServlet.java:914)
	at jakarta.servlet.http.HttpServlet.service(HttpServlet.java:590)
	at org.springframework.web.servlet.FrameworkServlet.service(FrameworkServlet.java:885)
	at jakarta.servlet.http.HttpServlet.service(HttpServlet.java:658)
	at org.apache.catalina.core.ApplicationFilterChain.internalDoFilter(ApplicationFilterChain.java:195)
	at org.apache.catalina.core.ApplicationFilterChain.doFilter(ApplicationFilterChain.java:140)
	at org.apache.tomcat.websocket.server.WsFilter.doFilter(WsFilter.java:51)
	at org.apache.catalina.core.ApplicationFilterChain.internalDoFilter(ApplicationFilterChain.java:164)
	at org.apache.catalina.core.ApplicationFilterChain.doFilter(ApplicationFilterChain.java:140)
	at org.springframework.web.filter.RequestContextFilter.doFilterInternal(RequestContextFilter.java:100)
	at org.springframework.web.filter.OncePerRequestFilter.doFilter(OncePerRequestFilter.java:116)
	at org.apache.catalina.core.ApplicationFilterChain.internalDoFilter(ApplicationFilterChain.java:164)
	at org.apache.catalina.core.ApplicationFilterChain.doFilter(ApplicationFilterChain.java:140)
	at org.springframework.web.filter.FormContentFilter.doFilterInternal(FormContentFilter.java:93)
	at org.springframework.web.filter.OncePerRequestFilter.doFilter(OncePerRequestFilter.java:116)
	at org.apache.catalina.core.ApplicationFilterChain.internalDoFilter(ApplicationFilterChain.java:164)
	at org.apache.catalina.core.ApplicationFilterChain.doFilter(ApplicationFilterChain.java:140)
	at org.springframework.web.filter.ServerHttpObservationFilter.doFilterInternal(ServerHttpObservationFilter.java:110)
	at org.springframework.web.filter.OncePerRequestFilter.doFilter(OncePerRequestFilter.java:116)
	at org.apache.catalina.core.ApplicationFilterChain.internalDoFilter(ApplicationFilterChain.java:164)
	at org.apache.catalina.core.ApplicationFilterChain.doFilter(ApplicationFilterChain.java:140)
	at org.springframework.web.filter.CharacterEncodingFilter.doFilterInternal(CharacterEncodingFilter.java:201)
	at org.springframework.web.filter.OncePerRequestFilter.doFilter(OncePerRequestFilter.java:116)
	at org.apache.catalina.core.ApplicationFilterChain.internalDoFilter(ApplicationFilterChain.java:164)
	at org.apache.catalina.core.ApplicationFilterChain.doFilter(ApplicationFilterChain.java:140)
	at org.apache.catalina.core.StandardWrapperValve.invoke(StandardWrapperValve.java:167)
	at org.apache.catalina.core.StandardContextValve.invoke(StandardContextValve.java:90)
	at org.apache.catalina.authenticator.AuthenticatorBase.invoke(AuthenticatorBase.java:483)
	at org.apache.catalina.core.StandardHostValve.invoke(StandardHostValve.java:116)
	at org.apache.catalina.valves.ErrorReportValve.invoke(ErrorReportValve.java:93)
	at org.apache.catalina.core.StandardEngineValve.invoke(StandardEngineValve.java:74)
	at org.apache.catalina.connector.CoyoteAdapter.service(CoyoteAdapter.java:344)
	at org.apache.coyote.http11.Http11Processor.service(Http11Processor.java:398)
	at org.apache.coyote.AbstractProcessorLight.process(AbstractProcessorLight.java:63)
	at org.apache.coyote.AbstractProtocol$ConnectionHandler.process(AbstractProtocol.java:903)
	at org.apache.tomcat.util.net.NioEndpoint$SocketProcessor.doRun(NioEndpoint.java:1769)
	at org.apache.tomcat.util.net.SocketProcessorBase.run(SocketProcessorBase.java:52)
	at org.apache.tomcat.util.threads.ThreadPoolExecutor.runWorker(ThreadPoolExecutor.java:1189)
	at org.apache.tomcat.util.threads.ThreadPoolExecutor$Worker.run(ThreadPoolExecutor.java:658)
	at org.apache.tomcat.util.threads.TaskThread$WrappingRunnable.run(TaskThread.java:63)
	at java.base/java.lang.Thread.run(Thread.java:1447)
2025-08-13 02:38:13 [http-nio-8191-exec-4] ERROR o.i.h.e.GlobalExceptionHandler - 400 Bad Request on POST request for "https://intics.elevance.ngrok.dev/alchemy-server/alchemy/api/v2/transaction/create/pipeline/fileUrl/HEALTH_CARE": "{"payload":{},"responseTimeStamp":"2025-08-12T21:08:13.272859Z","errorCode":400,"status":"Fail","errorMsg":"400 Bad Request: Invalid documentSource has been received in the request body."}"
org.intics.hermes.exception.HermesException: 400 Bad Request on POST request for "https://intics.elevance.ngrok.dev/alchemy-server/alchemy/api/v2/transaction/create/pipeline/fileUrl/HEALTH_CARE": "{"payload":{},"responseTimeStamp":"2025-08-12T21:08:13.272859Z","errorCode":400,"status":"Fail","errorMsg":"400 Bad Request: Invalid documentSource has been received in the request body."}"
	at org.intics.hermes.service.InboundService.docTypeRedirect(InboundService.java:123)
	at org.intics.hermes.controller.InboundController.docTypeBasedRedirect(InboundController.java:34)
	at java.base/jdk.internal.reflect.DirectMethodHandleAccessor.invoke(DirectMethodHandleAccessor.java:104)
	at java.base/java.lang.reflect.Method.invoke(Method.java:565)
	at org.springframework.web.method.support.InvocableHandlerMethod.doInvoke(InvocableHandlerMethod.java:258)
	at org.springframework.web.method.support.InvocableHandlerMethod.invokeForRequest(InvocableHandlerMethod.java:191)
	at org.springframework.web.servlet.mvc.method.annotation.ServletInvocableHandlerMethod.invokeAndHandle(ServletInvocableHandlerMethod.java:118)
	at org.springframework.web.servlet.mvc.method.annotation.RequestMappingHandlerAdapter.invokeHandlerMethod(RequestMappingHandlerAdapter.java:991)
	at org.springframework.web.servlet.mvc.method.annotation.RequestMappingHandlerAdapter.handleInternal(RequestMappingHandlerAdapter.java:896)
	at org.springframework.web.servlet.mvc.method.AbstractHandlerMethodAdapter.handle(AbstractHandlerMethodAdapter.java:87)
	at org.springframework.web.servlet.DispatcherServlet.doDispatch(DispatcherServlet.java:1089)
	at org.springframework.web.servlet.DispatcherServlet.doService(DispatcherServlet.java:979)
	at org.springframework.web.servlet.FrameworkServlet.processRequest(FrameworkServlet.java:1014)
	at org.springframework.web.servlet.FrameworkServlet.doPost(FrameworkServlet.java:914)
	at jakarta.servlet.http.HttpServlet.service(HttpServlet.java:590)
	at org.springframework.web.servlet.FrameworkServlet.service(FrameworkServlet.java:885)
	at jakarta.servlet.http.HttpServlet.service(HttpServlet.java:658)
	at org.apache.catalina.core.ApplicationFilterChain.internalDoFilter(ApplicationFilterChain.java:195)
	at org.apache.catalina.core.ApplicationFilterChain.doFilter(ApplicationFilterChain.java:140)
	at org.apache.tomcat.websocket.server.WsFilter.doFilter(WsFilter.java:51)
	at org.apache.catalina.core.ApplicationFilterChain.internalDoFilter(ApplicationFilterChain.java:164)
	at org.apache.catalina.core.ApplicationFilterChain.doFilter(ApplicationFilterChain.java:140)
	at org.springframework.web.filter.RequestContextFilter.doFilterInternal(RequestContextFilter.java:100)
	at org.springframework.web.filter.OncePerRequestFilter.doFilter(OncePerRequestFilter.java:116)
	at org.apache.catalina.core.ApplicationFilterChain.internalDoFilter(ApplicationFilterChain.java:164)
	at org.apache.catalina.core.ApplicationFilterChain.doFilter(ApplicationFilterChain.java:140)
	at org.springframework.web.filter.FormContentFilter.doFilterInternal(FormContentFilter.java:93)
	at org.springframework.web.filter.OncePerRequestFilter.doFilter(OncePerRequestFilter.java:116)
	at org.apache.catalina.core.ApplicationFilterChain.internalDoFilter(ApplicationFilterChain.java:164)
	at org.apache.catalina.core.ApplicationFilterChain.doFilter(ApplicationFilterChain.java:140)
	at org.springframework.web.filter.ServerHttpObservationFilter.doFilterInternal(ServerHttpObservationFilter.java:110)
	at org.springframework.web.filter.OncePerRequestFilter.doFilter(OncePerRequestFilter.java:116)
	at org.apache.catalina.core.ApplicationFilterChain.internalDoFilter(ApplicationFilterChain.java:164)
	at org.apache.catalina.core.ApplicationFilterChain.doFilter(ApplicationFilterChain.java:140)
	at org.springframework.web.filter.CharacterEncodingFilter.doFilterInternal(CharacterEncodingFilter.java:201)
	at org.springframework.web.filter.OncePerRequestFilter.doFilter(OncePerRequestFilter.java:116)
	at org.apache.catalina.core.ApplicationFilterChain.internalDoFilter(ApplicationFilterChain.java:164)
	at org.apache.catalina.core.ApplicationFilterChain.doFilter(ApplicationFilterChain.java:140)
	at org.apache.catalina.core.StandardWrapperValve.invoke(StandardWrapperValve.java:167)
	at org.apache.catalina.core.StandardContextValve.invoke(StandardContextValve.java:90)
	at org.apache.catalina.authenticator.AuthenticatorBase.invoke(AuthenticatorBase.java:483)
	at org.apache.catalina.core.StandardHostValve.invoke(StandardHostValve.java:116)
	at org.apache.catalina.valves.ErrorReportValve.invoke(ErrorReportValve.java:93)
	at org.apache.catalina.core.StandardEngineValve.invoke(StandardEngineValve.java:74)
	at org.apache.catalina.connector.CoyoteAdapter.service(CoyoteAdapter.java:344)
	at org.apache.coyote.http11.Http11Processor.service(Http11Processor.java:398)
	at org.apache.coyote.AbstractProcessorLight.process(AbstractProcessorLight.java:63)
	at org.apache.coyote.AbstractProtocol$ConnectionHandler.process(AbstractProtocol.java:903)
	at org.apache.tomcat.util.net.NioEndpoint$SocketProcessor.doRun(NioEndpoint.java:1769)
	at org.apache.tomcat.util.net.SocketProcessorBase.run(SocketProcessorBase.java:52)
	at org.apache.tomcat.util.threads.ThreadPoolExecutor.runWorker(ThreadPoolExecutor.java:1189)
	at org.apache.tomcat.util.threads.ThreadPoolExecutor$Worker.run(ThreadPoolExecutor.java:658)
	at org.apache.tomcat.util.threads.TaskThread$WrappingRunnable.run(TaskThread.java:63)
	at java.base/java.lang.Thread.run(Thread.java:1447)
2025-08-13 02:38:13 [http-nio-8191-exec-4] WARN  o.s.w.s.m.m.a.ExceptionHandlerExceptionResolver - Resolved [org.intics.hermes.exception.HermesException: 400 Bad Request on POST request for "https://intics.elevance.ngrok.dev/alchemy-server/alchemy/api/v2/transaction/create/pipeline/fileUrl/HEALTH_CARE": "{"payload":{},"responseTimeStamp":"2025-08-12T21:08:13.272859Z","errorCode":400,"status":"Fail","errorMsg":"400 Bad Request: Invalid documentSource has been received in the request body."}"]
2025-08-13 02:39:15 [http-nio-8191-exec-6] INFO  o.i.h.controller.InboundController - Completed processing docTypeBasedRedirect for tenantId=1, documentType=HEALTH_CARE
2025-08-13 02:39:15 [http-nio-8191-exec-6] INFO  o.i.hermes.service.InboundService - docTypeRedirect called with tenantId=1, documentType=HEALTH_CARE, healthPlan=PH, channel=test
2025-08-13 02:39:15 [http-nio-8191-exec-6] INFO  o.i.hermes.service.InboundService - Forwarding request to URL: https://intics.elevance.ngrok.dev/alchemy-server/alchemy/api/v2/transaction/create/pipeline/fileUrl/HEALTH_CARE?tenantId=1&channel=test&documentType=HEALTH_CARE
2025-08-13 02:39:15 [http-nio-8191-exec-6] WARN  o.i.hermes.service.InboundService - Failed to parse API error body: {"payload":{},"responseTimeStamp":"2025-08-12T21:09:15.593370Z","errorCode":400,"status":"Fail","errorMsg":"400 Bad Request: Invalid documentSource has been received in the request body."}
com.fasterxml.jackson.databind.exc.InvalidFormatException: Cannot deserialize value of type `java.lang.Integer` from String "Fail": not a valid `java.lang.Integer` value
 at [Source: REDACTED (`StreamReadFeature.INCLUDE_SOURCE_IN_LOCATION` disabled); line: 1, column: 90] (through reference chain: org.intics.hermes.dto.ErrorResponsePayload["status"])
	at com.fasterxml.jackson.databind.exc.InvalidFormatException.from(InvalidFormatException.java:67)
	at com.fasterxml.jackson.databind.DeserializationContext.weirdStringException(DeserializationContext.java:1986)
	at com.fasterxml.jackson.databind.DeserializationContext.handleWeirdStringValue(DeserializationContext.java:1272)
	at com.fasterxml.jackson.databind.deser.std.StdDeserializer._parseInteger(StdDeserializer.java:851)
	at com.fasterxml.jackson.databind.deser.std.StdDeserializer._parseInteger(StdDeserializer.java:830)
	at com.fasterxml.jackson.databind.deser.std.NumberDeserializers$IntegerDeserializer.deserialize(NumberDeserializers.java:531)
	at com.fasterxml.jackson.databind.deser.std.NumberDeserializers$IntegerDeserializer.deserialize(NumberDeserializers.java:506)
	at com.fasterxml.jackson.databind.deser.impl.MethodProperty.deserializeAndSet(MethodProperty.java:129)
	at com.fasterxml.jackson.databind.deser.BeanDeserializer.vanillaDeserialize(BeanDeserializer.java:302)
	at com.fasterxml.jackson.databind.deser.BeanDeserializer.deserialize(BeanDeserializer.java:169)
	at com.fasterxml.jackson.databind.deser.DefaultDeserializationContext.readRootValue(DefaultDeserializationContext.java:342)
	at com.fasterxml.jackson.databind.ObjectMapper._readMapAndClose(ObjectMapper.java:4971)
	at com.fasterxml.jackson.databind.ObjectMapper.readValue(ObjectMapper.java:3887)
	at com.fasterxml.jackson.databind.ObjectMapper.readValue(ObjectMapper.java:3855)
	at org.intics.hermes.service.InboundService.docTypeRedirect(InboundService.java:113)
	at org.intics.hermes.controller.InboundController.docTypeBasedRedirect(InboundController.java:34)
	at java.base/jdk.internal.reflect.DirectMethodHandleAccessor.invoke(DirectMethodHandleAccessor.java:104)
	at java.base/java.lang.reflect.Method.invoke(Method.java:565)
	at org.springframework.web.method.support.InvocableHandlerMethod.doInvoke(InvocableHandlerMethod.java:258)
	at org.springframework.web.method.support.InvocableHandlerMethod.invokeForRequest(InvocableHandlerMethod.java:191)
	at org.springframework.web.servlet.mvc.method.annotation.ServletInvocableHandlerMethod.invokeAndHandle(ServletInvocableHandlerMethod.java:118)
	at org.springframework.web.servlet.mvc.method.annotation.RequestMappingHandlerAdapter.invokeHandlerMethod(RequestMappingHandlerAdapter.java:991)
	at org.springframework.web.servlet.mvc.method.annotation.RequestMappingHandlerAdapter.handleInternal(RequestMappingHandlerAdapter.java:896)
	at org.springframework.web.servlet.mvc.method.AbstractHandlerMethodAdapter.handle(AbstractHandlerMethodAdapter.java:87)
	at org.springframework.web.servlet.DispatcherServlet.doDispatch(DispatcherServlet.java:1089)
	at org.springframework.web.servlet.DispatcherServlet.doService(DispatcherServlet.java:979)
	at org.springframework.web.servlet.FrameworkServlet.processRequest(FrameworkServlet.java:1014)
	at org.springframework.web.servlet.FrameworkServlet.doPost(FrameworkServlet.java:914)
	at jakarta.servlet.http.HttpServlet.service(HttpServlet.java:590)
	at org.springframework.web.servlet.FrameworkServlet.service(FrameworkServlet.java:885)
	at jakarta.servlet.http.HttpServlet.service(HttpServlet.java:658)
	at org.apache.catalina.core.ApplicationFilterChain.internalDoFilter(ApplicationFilterChain.java:195)
	at org.apache.catalina.core.ApplicationFilterChain.doFilter(ApplicationFilterChain.java:140)
	at org.apache.tomcat.websocket.server.WsFilter.doFilter(WsFilter.java:51)
	at org.apache.catalina.core.ApplicationFilterChain.internalDoFilter(ApplicationFilterChain.java:164)
	at org.apache.catalina.core.ApplicationFilterChain.doFilter(ApplicationFilterChain.java:140)
	at org.springframework.web.filter.RequestContextFilter.doFilterInternal(RequestContextFilter.java:100)
	at org.springframework.web.filter.OncePerRequestFilter.doFilter(OncePerRequestFilter.java:116)
	at org.apache.catalina.core.ApplicationFilterChain.internalDoFilter(ApplicationFilterChain.java:164)
	at org.apache.catalina.core.ApplicationFilterChain.doFilter(ApplicationFilterChain.java:140)
	at org.springframework.web.filter.FormContentFilter.doFilterInternal(FormContentFilter.java:93)
	at org.springframework.web.filter.OncePerRequestFilter.doFilter(OncePerRequestFilter.java:116)
	at org.apache.catalina.core.ApplicationFilterChain.internalDoFilter(ApplicationFilterChain.java:164)
	at org.apache.catalina.core.ApplicationFilterChain.doFilter(ApplicationFilterChain.java:140)
	at org.springframework.web.filter.ServerHttpObservationFilter.doFilterInternal(ServerHttpObservationFilter.java:110)
	at org.springframework.web.filter.OncePerRequestFilter.doFilter(OncePerRequestFilter.java:116)
	at org.apache.catalina.core.ApplicationFilterChain.internalDoFilter(ApplicationFilterChain.java:164)
	at org.apache.catalina.core.ApplicationFilterChain.doFilter(ApplicationFilterChain.java:140)
	at org.springframework.web.filter.CharacterEncodingFilter.doFilterInternal(CharacterEncodingFilter.java:201)
	at org.springframework.web.filter.OncePerRequestFilter.doFilter(OncePerRequestFilter.java:116)
	at org.apache.catalina.core.ApplicationFilterChain.internalDoFilter(ApplicationFilterChain.java:164)
	at org.apache.catalina.core.ApplicationFilterChain.doFilter(ApplicationFilterChain.java:140)
	at org.apache.catalina.core.StandardWrapperValve.invoke(StandardWrapperValve.java:167)
	at org.apache.catalina.core.StandardContextValve.invoke(StandardContextValve.java:90)
	at org.apache.catalina.authenticator.AuthenticatorBase.invoke(AuthenticatorBase.java:483)
	at org.apache.catalina.core.StandardHostValve.invoke(StandardHostValve.java:116)
	at org.apache.catalina.valves.ErrorReportValve.invoke(ErrorReportValve.java:93)
	at org.apache.catalina.core.StandardEngineValve.invoke(StandardEngineValve.java:74)
	at org.apache.catalina.connector.CoyoteAdapter.service(CoyoteAdapter.java:344)
	at org.apache.coyote.http11.Http11Processor.service(Http11Processor.java:398)
	at org.apache.coyote.AbstractProcessorLight.process(AbstractProcessorLight.java:63)
	at org.apache.coyote.AbstractProtocol$ConnectionHandler.process(AbstractProtocol.java:903)
	at org.apache.tomcat.util.net.NioEndpoint$SocketProcessor.doRun(NioEndpoint.java:1769)
	at org.apache.tomcat.util.net.SocketProcessorBase.run(SocketProcessorBase.java:52)
	at org.apache.tomcat.util.threads.ThreadPoolExecutor.runWorker(ThreadPoolExecutor.java:1189)
	at org.apache.tomcat.util.threads.ThreadPoolExecutor$Worker.run(ThreadPoolExecutor.java:658)
	at org.apache.tomcat.util.threads.TaskThread$WrappingRunnable.run(TaskThread.java:63)
	at java.base/java.lang.Thread.run(Thread.java:1447)
2025-08-13 02:39:15 [http-nio-8191-exec-6] ERROR o.i.h.e.GlobalExceptionHandler - 400 Bad Request on POST request for "https://intics.elevance.ngrok.dev/alchemy-server/alchemy/api/v2/transaction/create/pipeline/fileUrl/HEALTH_CARE": "{"payload":{},"responseTimeStamp":"2025-08-12T21:09:15.593370Z","errorCode":400,"status":"Fail","errorMsg":"400 Bad Request: Invalid documentSource has been received in the request body."}"
org.intics.hermes.exception.HermesException: 400 Bad Request on POST request for "https://intics.elevance.ngrok.dev/alchemy-server/alchemy/api/v2/transaction/create/pipeline/fileUrl/HEALTH_CARE": "{"payload":{},"responseTimeStamp":"2025-08-12T21:09:15.593370Z","errorCode":400,"status":"Fail","errorMsg":"400 Bad Request: Invalid documentSource has been received in the request body."}"
	at org.intics.hermes.service.InboundService.docTypeRedirect(InboundService.java:123)
	at org.intics.hermes.controller.InboundController.docTypeBasedRedirect(InboundController.java:34)
	at java.base/jdk.internal.reflect.DirectMethodHandleAccessor.invoke(DirectMethodHandleAccessor.java:104)
	at java.base/java.lang.reflect.Method.invoke(Method.java:565)
	at org.springframework.web.method.support.InvocableHandlerMethod.doInvoke(InvocableHandlerMethod.java:258)
	at org.springframework.web.method.support.InvocableHandlerMethod.invokeForRequest(InvocableHandlerMethod.java:191)
	at org.springframework.web.servlet.mvc.method.annotation.ServletInvocableHandlerMethod.invokeAndHandle(ServletInvocableHandlerMethod.java:118)
	at org.springframework.web.servlet.mvc.method.annotation.RequestMappingHandlerAdapter.invokeHandlerMethod(RequestMappingHandlerAdapter.java:991)
	at org.springframework.web.servlet.mvc.method.annotation.RequestMappingHandlerAdapter.handleInternal(RequestMappingHandlerAdapter.java:896)
	at org.springframework.web.servlet.mvc.method.AbstractHandlerMethodAdapter.handle(AbstractHandlerMethodAdapter.java:87)
	at org.springframework.web.servlet.DispatcherServlet.doDispatch(DispatcherServlet.java:1089)
	at org.springframework.web.servlet.DispatcherServlet.doService(DispatcherServlet.java:979)
	at org.springframework.web.servlet.FrameworkServlet.processRequest(FrameworkServlet.java:1014)
	at org.springframework.web.servlet.FrameworkServlet.doPost(FrameworkServlet.java:914)
	at jakarta.servlet.http.HttpServlet.service(HttpServlet.java:590)
	at org.springframework.web.servlet.FrameworkServlet.service(FrameworkServlet.java:885)
	at jakarta.servlet.http.HttpServlet.service(HttpServlet.java:658)
	at org.apache.catalina.core.ApplicationFilterChain.internalDoFilter(ApplicationFilterChain.java:195)
	at org.apache.catalina.core.ApplicationFilterChain.doFilter(ApplicationFilterChain.java:140)
	at org.apache.tomcat.websocket.server.WsFilter.doFilter(WsFilter.java:51)
	at org.apache.catalina.core.ApplicationFilterChain.internalDoFilter(ApplicationFilterChain.java:164)
	at org.apache.catalina.core.ApplicationFilterChain.doFilter(ApplicationFilterChain.java:140)
	at org.springframework.web.filter.RequestContextFilter.doFilterInternal(RequestContextFilter.java:100)
	at org.springframework.web.filter.OncePerRequestFilter.doFilter(OncePerRequestFilter.java:116)
	at org.apache.catalina.core.ApplicationFilterChain.internalDoFilter(ApplicationFilterChain.java:164)
	at org.apache.catalina.core.ApplicationFilterChain.doFilter(ApplicationFilterChain.java:140)
	at org.springframework.web.filter.FormContentFilter.doFilterInternal(FormContentFilter.java:93)
	at org.springframework.web.filter.OncePerRequestFilter.doFilter(OncePerRequestFilter.java:116)
	at org.apache.catalina.core.ApplicationFilterChain.internalDoFilter(ApplicationFilterChain.java:164)
	at org.apache.catalina.core.ApplicationFilterChain.doFilter(ApplicationFilterChain.java:140)
	at org.springframework.web.filter.ServerHttpObservationFilter.doFilterInternal(ServerHttpObservationFilter.java:110)
	at org.springframework.web.filter.OncePerRequestFilter.doFilter(OncePerRequestFilter.java:116)
	at org.apache.catalina.core.ApplicationFilterChain.internalDoFilter(ApplicationFilterChain.java:164)
	at org.apache.catalina.core.ApplicationFilterChain.doFilter(ApplicationFilterChain.java:140)
	at org.springframework.web.filter.CharacterEncodingFilter.doFilterInternal(CharacterEncodingFilter.java:201)
	at org.springframework.web.filter.OncePerRequestFilter.doFilter(OncePerRequestFilter.java:116)
	at org.apache.catalina.core.ApplicationFilterChain.internalDoFilter(ApplicationFilterChain.java:164)
	at org.apache.catalina.core.ApplicationFilterChain.doFilter(ApplicationFilterChain.java:140)
	at org.apache.catalina.core.StandardWrapperValve.invoke(StandardWrapperValve.java:167)
	at org.apache.catalina.core.StandardContextValve.invoke(StandardContextValve.java:90)
	at org.apache.catalina.authenticator.AuthenticatorBase.invoke(AuthenticatorBase.java:483)
	at org.apache.catalina.core.StandardHostValve.invoke(StandardHostValve.java:116)
	at org.apache.catalina.valves.ErrorReportValve.invoke(ErrorReportValve.java:93)
	at org.apache.catalina.core.StandardEngineValve.invoke(StandardEngineValve.java:74)
	at org.apache.catalina.connector.CoyoteAdapter.service(CoyoteAdapter.java:344)
	at org.apache.coyote.http11.Http11Processor.service(Http11Processor.java:398)
	at org.apache.coyote.AbstractProcessorLight.process(AbstractProcessorLight.java:63)
	at org.apache.coyote.AbstractProtocol$ConnectionHandler.process(AbstractProtocol.java:903)
	at org.apache.tomcat.util.net.NioEndpoint$SocketProcessor.doRun(NioEndpoint.java:1769)
	at org.apache.tomcat.util.net.SocketProcessorBase.run(SocketProcessorBase.java:52)
	at org.apache.tomcat.util.threads.ThreadPoolExecutor.runWorker(ThreadPoolExecutor.java:1189)
	at org.apache.tomcat.util.threads.ThreadPoolExecutor$Worker.run(ThreadPoolExecutor.java:658)
	at org.apache.tomcat.util.threads.TaskThread$WrappingRunnable.run(TaskThread.java:63)
	at java.base/java.lang.Thread.run(Thread.java:1447)
2025-08-13 02:39:15 [http-nio-8191-exec-6] WARN  o.s.w.s.m.m.a.ExceptionHandlerExceptionResolver - Resolved [org.intics.hermes.exception.HermesException: 400 Bad Request on POST request for "https://intics.elevance.ngrok.dev/alchemy-server/alchemy/api/v2/transaction/create/pipeline/fileUrl/HEALTH_CARE": "{"payload":{},"responseTimeStamp":"2025-08-12T21:09:15.593370Z","errorCode":400,"status":"Fail","errorMsg":"400 Bad Request: Invalid documentSource has been received in the request body."}"]
2025-08-13 02:40:10 [SpringApplicationShutdownHook] INFO  o.s.b.w.e.tomcat.GracefulShutdown - Commencing graceful shutdown. Waiting for active requests to complete
2025-08-13 02:40:10 [tomcat-shutdown] INFO  o.s.b.w.e.tomcat.GracefulShutdown - Graceful shutdown complete
2025-08-13 02:40:57 [background-preinit] INFO  o.h.validator.internal.util.Version - HV000001: Hibernate Validator 8.0.2.Final
2025-08-13 02:40:57 [restartedMain] INFO  org.intics.hermes.HermesApplication - Starting HermesApplication using Java 24.0.1 with PID 21017 (/home/roobadharani.deva@zucisystems.com/build/hermes/target/classes started by roobadharani.deva@zucisystems.com in /home/roobadharani.deva@zucisystems.com/build/hermes)
2025-08-13 02:40:57 [restartedMain] INFO  org.intics.hermes.HermesApplication - No active profile set, falling back to 1 default profile: "default"
2025-08-13 02:40:57 [restartedMain] INFO  o.s.b.d.e.DevToolsPropertyDefaultsPostProcessor - Devtools property defaults active! Set 'spring.devtools.add-properties' to 'false' to disable
2025-08-13 02:40:57 [restartedMain] INFO  o.s.b.d.e.DevToolsPropertyDefaultsPostProcessor - For additional web related logging consider setting the 'logging.level.web' property to 'DEBUG'
2025-08-13 02:40:58 [restartedMain] INFO  o.s.b.w.e.tomcat.TomcatWebServer - Tomcat initialized with port 8191 (http)
2025-08-13 02:40:58 [restartedMain] INFO  o.a.coyote.http11.Http11NioProtocol - Initializing ProtocolHandler ["http-nio-8191"]
2025-08-13 02:40:58 [restartedMain] INFO  o.a.catalina.core.StandardService - Starting service [Tomcat]
2025-08-13 02:40:58 [restartedMain] INFO  o.a.catalina.core.StandardEngine - Starting Servlet engine: [Apache Tomcat/10.1.43]
2025-08-13 02:40:58 [restartedMain] INFO  o.a.c.c.C.[.[localhost].[/hermes] - Initializing Spring embedded WebApplicationContext
2025-08-13 02:40:58 [restartedMain] INFO  o.s.b.w.s.c.ServletWebServerApplicationContext - Root WebApplicationContext: initialization completed in 1258 ms
2025-08-13 02:40:59 [restartedMain] INFO  o.s.b.d.a.OptionalLiveReloadServer - LiveReload server is running on port 35729
2025-08-13 02:40:59 [restartedMain] INFO  o.s.b.a.e.web.EndpointLinksResolver - Exposing 1 endpoint beneath base path '/actuator'
2025-08-13 02:40:59 [restartedMain] INFO  o.a.coyote.http11.Http11NioProtocol - Starting ProtocolHandler ["http-nio-8191"]
2025-08-13 02:40:59 [restartedMain] INFO  o.s.b.w.e.tomcat.TomcatWebServer - Tomcat started on port 8191 (http) with context path '/hermes'
2025-08-13 02:40:59 [restartedMain] INFO  org.intics.hermes.HermesApplication - Started HermesApplication in 2.509 seconds (process running for 3.135)
2025-08-13 02:42:01 [http-nio-8191-exec-2] INFO  o.a.c.c.C.[.[localhost].[/hermes] - Initializing Spring DispatcherServlet 'dispatcherServlet'
2025-08-13 02:42:01 [http-nio-8191-exec-2] INFO  o.s.web.servlet.DispatcherServlet - Initializing Servlet 'dispatcherServlet'
2025-08-13 02:42:01 [http-nio-8191-exec-2] INFO  o.s.web.servlet.DispatcherServlet - Completed initialization in 2 ms
2025-08-13 02:42:01 [http-nio-8191-exec-2] INFO  o.i.h.controller.InboundController - Completed processing docTypeBasedRedirect for tenantId=1, documentType=HEALTH_CARE
2025-08-13 02:42:01 [http-nio-8191-exec-2] INFO  o.i.hermes.service.InboundService - docTypeRedirect called with tenantId=1, documentType=HEALTH_CARE, healthPlan=PH, channel=test
2025-08-13 02:42:01 [http-nio-8191-exec-2] INFO  o.i.hermes.service.InboundService - Forwarding request to URL: https://intics.elevance.ngrok.dev/alchemy-server/alchemy/api/v2/transaction/create/pipeline/fileUrl/HEALTH_CARE?tenantId=1&channel=test&documentType=HEALTH_CARE
2025-08-13 02:42:02 [http-nio-8191-exec-2] ERROR o.i.h.e.GlobalExceptionHandler - 400 Bad Request on POST request for "https://intics.elevance.ngrok.dev/alchemy-server/alchemy/api/v2/transaction/create/pipeline/fileUrl/HEALTH_CARE": "{"payload":{},"responseTimeStamp":"2025-08-12T21:12:02.467123Z","errorCode":400,"status":"Fail","errorMsg":"400 Bad Request: Invalid documentSource has been received in the request body."}"
org.intics.hermes.exception.HermesException: 400 Bad Request on POST request for "https://intics.elevance.ngrok.dev/alchemy-server/alchemy/api/v2/transaction/create/pipeline/fileUrl/HEALTH_CARE": "{"payload":{},"responseTimeStamp":"2025-08-12T21:12:02.467123Z","errorCode":400,"status":"Fail","errorMsg":"400 Bad Request: Invalid documentSource has been received in the request body."}"
	at org.intics.hermes.service.InboundService.docTypeRedirect(InboundService.java:110)
	at org.intics.hermes.controller.InboundController.docTypeBasedRedirect(InboundController.java:32)
	at java.base/jdk.internal.reflect.DirectMethodHandleAccessor.invoke(DirectMethodHandleAccessor.java:104)
	at java.base/java.lang.reflect.Method.invoke(Method.java:565)
	at org.springframework.web.method.support.InvocableHandlerMethod.doInvoke(InvocableHandlerMethod.java:258)
	at org.springframework.web.method.support.InvocableHandlerMethod.invokeForRequest(InvocableHandlerMethod.java:191)
	at org.springframework.web.servlet.mvc.method.annotation.ServletInvocableHandlerMethod.invokeAndHandle(ServletInvocableHandlerMethod.java:118)
	at org.springframework.web.servlet.mvc.method.annotation.RequestMappingHandlerAdapter.invokeHandlerMethod(RequestMappingHandlerAdapter.java:991)
	at org.springframework.web.servlet.mvc.method.annotation.RequestMappingHandlerAdapter.handleInternal(RequestMappingHandlerAdapter.java:896)
	at org.springframework.web.servlet.mvc.method.AbstractHandlerMethodAdapter.handle(AbstractHandlerMethodAdapter.java:87)
	at org.springframework.web.servlet.DispatcherServlet.doDispatch(DispatcherServlet.java:1089)
	at org.springframework.web.servlet.DispatcherServlet.doService(DispatcherServlet.java:979)
	at org.springframework.web.servlet.FrameworkServlet.processRequest(FrameworkServlet.java:1014)
	at org.springframework.web.servlet.FrameworkServlet.doPost(FrameworkServlet.java:914)
	at jakarta.servlet.http.HttpServlet.service(HttpServlet.java:590)
	at org.springframework.web.servlet.FrameworkServlet.service(FrameworkServlet.java:885)
	at jakarta.servlet.http.HttpServlet.service(HttpServlet.java:658)
	at org.apache.catalina.core.ApplicationFilterChain.internalDoFilter(ApplicationFilterChain.java:195)
	at org.apache.catalina.core.ApplicationFilterChain.doFilter(ApplicationFilterChain.java:140)
	at org.apache.tomcat.websocket.server.WsFilter.doFilter(WsFilter.java:51)
	at org.apache.catalina.core.ApplicationFilterChain.internalDoFilter(ApplicationFilterChain.java:164)
	at org.apache.catalina.core.ApplicationFilterChain.doFilter(ApplicationFilterChain.java:140)
	at org.springframework.web.filter.RequestContextFilter.doFilterInternal(RequestContextFilter.java:100)
	at org.springframework.web.filter.OncePerRequestFilter.doFilter(OncePerRequestFilter.java:116)
	at org.apache.catalina.core.ApplicationFilterChain.internalDoFilter(ApplicationFilterChain.java:164)
	at org.apache.catalina.core.ApplicationFilterChain.doFilter(ApplicationFilterChain.java:140)
	at org.springframework.web.filter.FormContentFilter.doFilterInternal(FormContentFilter.java:93)
	at org.springframework.web.filter.OncePerRequestFilter.doFilter(OncePerRequestFilter.java:116)
	at org.apache.catalina.core.ApplicationFilterChain.internalDoFilter(ApplicationFilterChain.java:164)
	at org.apache.catalina.core.ApplicationFilterChain.doFilter(ApplicationFilterChain.java:140)
	at org.springframework.web.filter.ServerHttpObservationFilter.doFilterInternal(ServerHttpObservationFilter.java:110)
	at org.springframework.web.filter.OncePerRequestFilter.doFilter(OncePerRequestFilter.java:116)
	at org.apache.catalina.core.ApplicationFilterChain.internalDoFilter(ApplicationFilterChain.java:164)
	at org.apache.catalina.core.ApplicationFilterChain.doFilter(ApplicationFilterChain.java:140)
	at org.springframework.web.filter.CharacterEncodingFilter.doFilterInternal(CharacterEncodingFilter.java:201)
	at org.springframework.web.filter.OncePerRequestFilter.doFilter(OncePerRequestFilter.java:116)
	at org.apache.catalina.core.ApplicationFilterChain.internalDoFilter(ApplicationFilterChain.java:164)
	at org.apache.catalina.core.ApplicationFilterChain.doFilter(ApplicationFilterChain.java:140)
	at org.apache.catalina.core.StandardWrapperValve.invoke(StandardWrapperValve.java:167)
	at org.apache.catalina.core.StandardContextValve.invoke(StandardContextValve.java:90)
	at org.apache.catalina.authenticator.AuthenticatorBase.invoke(AuthenticatorBase.java:483)
	at org.apache.catalina.core.StandardHostValve.invoke(StandardHostValve.java:116)
	at org.apache.catalina.valves.ErrorReportValve.invoke(ErrorReportValve.java:93)
	at org.apache.catalina.core.StandardEngineValve.invoke(StandardEngineValve.java:74)
	at org.apache.catalina.connector.CoyoteAdapter.service(CoyoteAdapter.java:344)
	at org.apache.coyote.http11.Http11Processor.service(Http11Processor.java:398)
	at org.apache.coyote.AbstractProcessorLight.process(AbstractProcessorLight.java:63)
	at org.apache.coyote.AbstractProtocol$ConnectionHandler.process(AbstractProtocol.java:903)
	at org.apache.tomcat.util.net.NioEndpoint$SocketProcessor.doRun(NioEndpoint.java:1769)
	at org.apache.tomcat.util.net.SocketProcessorBase.run(SocketProcessorBase.java:52)
	at org.apache.tomcat.util.threads.ThreadPoolExecutor.runWorker(ThreadPoolExecutor.java:1189)
	at org.apache.tomcat.util.threads.ThreadPoolExecutor$Worker.run(ThreadPoolExecutor.java:658)
	at org.apache.tomcat.util.threads.TaskThread$WrappingRunnable.run(TaskThread.java:63)
	at java.base/java.lang.Thread.run(Thread.java:1447)
2025-08-13 02:42:02 [http-nio-8191-exec-2] WARN  o.s.w.s.m.m.a.ExceptionHandlerExceptionResolver - Resolved [org.intics.hermes.exception.HermesException: 400 Bad Request on POST request for "https://intics.elevance.ngrok.dev/alchemy-server/alchemy/api/v2/transaction/create/pipeline/fileUrl/HEALTH_CARE": "{"payload":{},"responseTimeStamp":"2025-08-12T21:12:02.467123Z","errorCode":400,"status":"Fail","errorMsg":"400 Bad Request: Invalid documentSource has been received in the request body."}"]
2025-08-13 02:48:25 [SpringApplicationShutdownHook] INFO  o.s.b.w.e.tomcat.GracefulShutdown - Commencing graceful shutdown. Waiting for active requests to complete
2025-08-13 02:48:25 [tomcat-shutdown] INFO  o.s.b.w.e.tomcat.GracefulShutdown - Graceful shutdown complete
2025-08-13 02:48:28 [background-preinit] INFO  o.h.validator.internal.util.Version - HV000001: Hibernate Validator 8.0.2.Final
2025-08-13 02:48:28 [restartedMain] INFO  org.intics.hermes.HermesApplication - Starting HermesApplication using Java 24.0.1 with PID 21907 (/home/roobadharani.deva@zucisystems.com/build/hermes/target/classes started by roobadharani.deva@zucisystems.com in /home/roobadharani.deva@zucisystems.com/build/hermes)
2025-08-13 02:48:28 [restartedMain] INFO  org.intics.hermes.HermesApplication - No active profile set, falling back to 1 default profile: "default"
2025-08-13 02:48:28 [restartedMain] INFO  o.s.b.d.e.DevToolsPropertyDefaultsPostProcessor - Devtools property defaults active! Set 'spring.devtools.add-properties' to 'false' to disable
2025-08-13 02:48:28 [restartedMain] INFO  o.s.b.d.e.DevToolsPropertyDefaultsPostProcessor - For additional web related logging consider setting the 'logging.level.web' property to 'DEBUG'
2025-08-13 02:48:29 [restartedMain] INFO  o.s.b.w.e.tomcat.TomcatWebServer - Tomcat initialized with port 8191 (http)
2025-08-13 02:48:29 [restartedMain] INFO  o.a.coyote.http11.Http11NioProtocol - Initializing ProtocolHandler ["http-nio-8191"]
2025-08-13 02:48:29 [restartedMain] INFO  o.a.catalina.core.StandardService - Starting service [Tomcat]
2025-08-13 02:48:29 [restartedMain] INFO  o.a.catalina.core.StandardEngine - Starting Servlet engine: [Apache Tomcat/10.1.43]
2025-08-13 02:48:29 [restartedMain] INFO  o.a.c.c.C.[.[localhost].[/hermes] - Initializing Spring embedded WebApplicationContext
2025-08-13 02:48:29 [restartedMain] INFO  o.s.b.w.s.c.ServletWebServerApplicationContext - Root WebApplicationContext: initialization completed in 1203 ms
2025-08-13 02:48:30 [restartedMain] INFO  o.s.b.d.a.OptionalLiveReloadServer - LiveReload server is running on port 35729
2025-08-13 02:48:30 [restartedMain] INFO  o.s.b.a.e.web.EndpointLinksResolver - Exposing 1 endpoint beneath base path '/actuator'
2025-08-13 02:48:30 [restartedMain] INFO  o.a.coyote.http11.Http11NioProtocol - Starting ProtocolHandler ["http-nio-8191"]
2025-08-13 02:48:30 [restartedMain] INFO  o.s.b.w.e.tomcat.TomcatWebServer - Tomcat started on port 8191 (http) with context path '/hermes'
2025-08-13 02:48:30 [restartedMain] INFO  org.intics.hermes.HermesApplication - Started HermesApplication in 2.428 seconds (process running for 3.057)
2025-08-13 02:48:35 [http-nio-8191-exec-3] INFO  o.a.c.c.C.[.[localhost].[/hermes] - Initializing Spring DispatcherServlet 'dispatcherServlet'
2025-08-13 02:48:35 [http-nio-8191-exec-3] INFO  o.s.web.servlet.DispatcherServlet - Initializing Servlet 'dispatcherServlet'
2025-08-13 02:48:35 [http-nio-8191-exec-3] INFO  o.s.web.servlet.DispatcherServlet - Completed initialization in 0 ms
2025-08-13 02:48:35 [http-nio-8191-exec-3] INFO  o.i.h.controller.InboundController - Completed processing docTypeBasedRedirect for tenantId=1, documentType=HEALTH_CARE
2025-08-13 02:48:35 [http-nio-8191-exec-3] INFO  o.i.hermes.service.InboundService - docTypeRedirect called with tenantId=1, documentType=HEALTH_CARE, healthPlan=PH, channel=test
2025-08-13 02:48:35 [http-nio-8191-exec-3] INFO  o.i.hermes.service.InboundService - Forwarding request to URL: https://intics.elevance.ngrok.dev/alchemy-server/alchemy/api/v2/transaction/create/pipeline/fileUrl/HEALTH_CARE?tenantId=1&channel=test&documentType=HEALTH_CARE
2025-08-13 02:48:36 [http-nio-8191-exec-3] ERROR o.i.h.e.GlobalExceptionHandler - 400 Bad Request on POST request for "https://intics.elevance.ngrok.dev/alchemy-server/alchemy/api/v2/transaction/create/pipeline/fileUrl/HEALTH_CARE": "{"payload":{},"responseTimeStamp":"2025-08-12T21:18:36.417760Z","errorCode":400,"status":"Fail","errorMsg":"400 Bad Request: Invalid documentSource has been received in the request body."}"
org.intics.hermes.exception.HermesException: 400 Bad Request on POST request for "https://intics.elevance.ngrok.dev/alchemy-server/alchemy/api/v2/transaction/create/pipeline/fileUrl/HEALTH_CARE": "{"payload":{},"responseTimeStamp":"2025-08-12T21:18:36.417760Z","errorCode":400,"status":"Fail","errorMsg":"400 Bad Request: Invalid documentSource has been received in the request body."}"
	at org.intics.hermes.service.InboundService.docTypeRedirect(InboundService.java:110)
	at org.intics.hermes.controller.InboundController.docTypeBasedRedirect(InboundController.java:32)
	at java.base/jdk.internal.reflect.DirectMethodHandleAccessor.invoke(DirectMethodHandleAccessor.java:104)
	at java.base/java.lang.reflect.Method.invoke(Method.java:565)
	at org.springframework.web.method.support.InvocableHandlerMethod.doInvoke(InvocableHandlerMethod.java:258)
	at org.springframework.web.method.support.InvocableHandlerMethod.invokeForRequest(InvocableHandlerMethod.java:191)
	at org.springframework.web.servlet.mvc.method.annotation.ServletInvocableHandlerMethod.invokeAndHandle(ServletInvocableHandlerMethod.java:118)
	at org.springframework.web.servlet.mvc.method.annotation.RequestMappingHandlerAdapter.invokeHandlerMethod(RequestMappingHandlerAdapter.java:991)
	at org.springframework.web.servlet.mvc.method.annotation.RequestMappingHandlerAdapter.handleInternal(RequestMappingHandlerAdapter.java:896)
	at org.springframework.web.servlet.mvc.method.AbstractHandlerMethodAdapter.handle(AbstractHandlerMethodAdapter.java:87)
	at org.springframework.web.servlet.DispatcherServlet.doDispatch(DispatcherServlet.java:1089)
	at org.springframework.web.servlet.DispatcherServlet.doService(DispatcherServlet.java:979)
	at org.springframework.web.servlet.FrameworkServlet.processRequest(FrameworkServlet.java:1014)
	at org.springframework.web.servlet.FrameworkServlet.doPost(FrameworkServlet.java:914)
	at jakarta.servlet.http.HttpServlet.service(HttpServlet.java:590)
	at org.springframework.web.servlet.FrameworkServlet.service(FrameworkServlet.java:885)
	at jakarta.servlet.http.HttpServlet.service(HttpServlet.java:658)
	at org.apache.catalina.core.ApplicationFilterChain.internalDoFilter(ApplicationFilterChain.java:195)
	at org.apache.catalina.core.ApplicationFilterChain.doFilter(ApplicationFilterChain.java:140)
	at org.apache.tomcat.websocket.server.WsFilter.doFilter(WsFilter.java:51)
	at org.apache.catalina.core.ApplicationFilterChain.internalDoFilter(ApplicationFilterChain.java:164)
	at org.apache.catalina.core.ApplicationFilterChain.doFilter(ApplicationFilterChain.java:140)
	at org.springframework.web.filter.RequestContextFilter.doFilterInternal(RequestContextFilter.java:100)
	at org.springframework.web.filter.OncePerRequestFilter.doFilter(OncePerRequestFilter.java:116)
	at org.apache.catalina.core.ApplicationFilterChain.internalDoFilter(ApplicationFilterChain.java:164)
	at org.apache.catalina.core.ApplicationFilterChain.doFilter(ApplicationFilterChain.java:140)
	at org.springframework.web.filter.FormContentFilter.doFilterInternal(FormContentFilter.java:93)
	at org.springframework.web.filter.OncePerRequestFilter.doFilter(OncePerRequestFilter.java:116)
	at org.apache.catalina.core.ApplicationFilterChain.internalDoFilter(ApplicationFilterChain.java:164)
	at org.apache.catalina.core.ApplicationFilterChain.doFilter(ApplicationFilterChain.java:140)
	at org.springframework.web.filter.ServerHttpObservationFilter.doFilterInternal(ServerHttpObservationFilter.java:110)
	at org.springframework.web.filter.OncePerRequestFilter.doFilter(OncePerRequestFilter.java:116)
	at org.apache.catalina.core.ApplicationFilterChain.internalDoFilter(ApplicationFilterChain.java:164)
	at org.apache.catalina.core.ApplicationFilterChain.doFilter(ApplicationFilterChain.java:140)
	at org.springframework.web.filter.CharacterEncodingFilter.doFilterInternal(CharacterEncodingFilter.java:201)
	at org.springframework.web.filter.OncePerRequestFilter.doFilter(OncePerRequestFilter.java:116)
	at org.apache.catalina.core.ApplicationFilterChain.internalDoFilter(ApplicationFilterChain.java:164)
	at org.apache.catalina.core.ApplicationFilterChain.doFilter(ApplicationFilterChain.java:140)
	at org.apache.catalina.core.StandardWrapperValve.invoke(StandardWrapperValve.java:167)
	at org.apache.catalina.core.StandardContextValve.invoke(StandardContextValve.java:90)
	at org.apache.catalina.authenticator.AuthenticatorBase.invoke(AuthenticatorBase.java:483)
	at org.apache.catalina.core.StandardHostValve.invoke(StandardHostValve.java:116)
	at org.apache.catalina.valves.ErrorReportValve.invoke(ErrorReportValve.java:93)
	at org.apache.catalina.core.StandardEngineValve.invoke(StandardEngineValve.java:74)
	at org.apache.catalina.connector.CoyoteAdapter.service(CoyoteAdapter.java:344)
	at org.apache.coyote.http11.Http11Processor.service(Http11Processor.java:398)
	at org.apache.coyote.AbstractProcessorLight.process(AbstractProcessorLight.java:63)
	at org.apache.coyote.AbstractProtocol$ConnectionHandler.process(AbstractProtocol.java:903)
	at org.apache.tomcat.util.net.NioEndpoint$SocketProcessor.doRun(NioEndpoint.java:1769)
	at org.apache.tomcat.util.net.SocketProcessorBase.run(SocketProcessorBase.java:52)
	at org.apache.tomcat.util.threads.ThreadPoolExecutor.runWorker(ThreadPoolExecutor.java:1189)
	at org.apache.tomcat.util.threads.ThreadPoolExecutor$Worker.run(ThreadPoolExecutor.java:658)
	at org.apache.tomcat.util.threads.TaskThread$WrappingRunnable.run(TaskThread.java:63)
	at java.base/java.lang.Thread.run(Thread.java:1447)
2025-08-13 02:48:36 [http-nio-8191-exec-3] WARN  o.s.w.s.m.m.a.ExceptionHandlerExceptionResolver - Resolved [org.intics.hermes.exception.HermesException: 400 Bad Request on POST request for "https://intics.elevance.ngrok.dev/alchemy-server/alchemy/api/v2/transaction/create/pipeline/fileUrl/HEALTH_CARE": "{"payload":{},"responseTimeStamp":"2025-08-12T21:18:36.417760Z","errorCode":400,"status":"Fail","errorMsg":"400 Bad Request: Invalid documentSource has been received in the request body."}"]
2025-08-13 02:48:49 [http-nio-8191-exec-4] WARN  o.s.w.s.m.s.DefaultHandlerExceptionResolver - Resolved [org.springframework.web.bind.MissingRequestHeaderException: Required request header 'instanceType' for method parameter type String is not present]
2025-08-13 02:50:23 [SpringApplicationShutdownHook] INFO  o.s.b.w.e.tomcat.GracefulShutdown - Commencing graceful shutdown. Waiting for active requests to complete
2025-08-13 02:50:23 [tomcat-shutdown] INFO  o.s.b.w.e.tomcat.GracefulShutdown - Graceful shutdown complete
2025-08-13 02:50:26 [background-preinit] INFO  o.h.validator.internal.util.Version - HV000001: Hibernate Validator 8.0.2.Final
2025-08-13 02:50:26 [restartedMain] INFO  org.intics.hermes.HermesApplication - Starting HermesApplication using Java 24.0.1 with PID 22095 (/home/roobadharani.deva@zucisystems.com/build/hermes/target/classes started by roobadharani.deva@zucisystems.com in /home/roobadharani.deva@zucisystems.com/build/hermes)
2025-08-13 02:50:26 [restartedMain] INFO  org.intics.hermes.HermesApplication - No active profile set, falling back to 1 default profile: "default"
2025-08-13 02:50:26 [restartedMain] INFO  o.s.b.d.e.DevToolsPropertyDefaultsPostProcessor - Devtools property defaults active! Set 'spring.devtools.add-properties' to 'false' to disable
2025-08-13 02:50:26 [restartedMain] INFO  o.s.b.d.e.DevToolsPropertyDefaultsPostProcessor - For additional web related logging consider setting the 'logging.level.web' property to 'DEBUG'
2025-08-13 02:50:27 [restartedMain] INFO  o.s.b.w.e.tomcat.TomcatWebServer - Tomcat initialized with port 8191 (http)
2025-08-13 02:50:27 [restartedMain] INFO  o.a.coyote.http11.Http11NioProtocol - Initializing ProtocolHandler ["http-nio-8191"]
2025-08-13 02:50:27 [restartedMain] INFO  o.a.catalina.core.StandardService - Starting service [Tomcat]
2025-08-13 02:50:27 [restartedMain] INFO  o.a.catalina.core.StandardEngine - Starting Servlet engine: [Apache Tomcat/10.1.43]
2025-08-13 02:50:27 [restartedMain] INFO  o.a.c.c.C.[.[localhost].[/hermes] - Initializing Spring embedded WebApplicationContext
2025-08-13 02:50:27 [restartedMain] INFO  o.s.b.w.s.c.ServletWebServerApplicationContext - Root WebApplicationContext: initialization completed in 1282 ms
2025-08-13 02:50:28 [restartedMain] INFO  o.s.b.d.a.OptionalLiveReloadServer - LiveReload server is running on port 35729
2025-08-13 02:50:28 [restartedMain] INFO  o.s.b.a.e.web.EndpointLinksResolver - Exposing 1 endpoint beneath base path '/actuator'
2025-08-13 02:50:28 [restartedMain] INFO  o.a.coyote.http11.Http11NioProtocol - Starting ProtocolHandler ["http-nio-8191"]
2025-08-13 02:50:28 [restartedMain] INFO  o.s.b.w.e.tomcat.TomcatWebServer - Tomcat started on port 8191 (http) with context path '/hermes'
2025-08-13 02:50:28 [restartedMain] INFO  org.intics.hermes.HermesApplication - Started HermesApplication in 2.497 seconds (process running for 3.111)
2025-08-13 02:50:41 [http-nio-8191-exec-1] INFO  o.a.c.c.C.[.[localhost].[/hermes] - Initializing Spring DispatcherServlet 'dispatcherServlet'
2025-08-13 02:50:41 [http-nio-8191-exec-1] INFO  o.s.web.servlet.DispatcherServlet - Initializing Servlet 'dispatcherServlet'
2025-08-13 02:50:41 [http-nio-8191-exec-1] INFO  o.s.web.servlet.DispatcherServlet - Completed initialization in 1 ms
2025-08-13 02:50:41 [http-nio-8191-exec-1] INFO  o.i.h.controller.InboundController - Completed processing docTypeBasedRedirect for tenantId=1, documentType=HEALTH_CARE
2025-08-13 02:50:41 [http-nio-8191-exec-1] INFO  o.i.hermes.service.InboundService - docTypeRedirect called with tenantId=1, documentType=HEALTH_CARE, healthPlan=PH, channel=test
2025-08-13 02:50:41 [http-nio-8191-exec-1] INFO  o.i.hermes.service.InboundService - Forwarding request to URL: https://intics.elevance.ngrok.dev/alchemy-server/alchemy/api/v2/transaction/create/pipeline/fileUrl/HEALTH_CARE?tenantId=1&channel=test&documentType=HEALTH_CARE
2025-08-13 02:50:42 [http-nio-8191-exec-1] ERROR o.i.h.e.GlobalExceptionHandler - 400 Bad Request on POST request for "https://intics.elevance.ngrok.dev/alchemy-server/alchemy/api/v2/transaction/create/pipeline/fileUrl/HEALTH_CARE": "{"payload":{},"responseTimeStamp":"2025-08-12T21:20:42.450529Z","errorCode":400,"status":"Fail","errorMsg":"400 Bad Request: Invalid documentSource has been received in the request body."}"
org.intics.hermes.exception.HermesException: 400 Bad Request on POST request for "https://intics.elevance.ngrok.dev/alchemy-server/alchemy/api/v2/transaction/create/pipeline/fileUrl/HEALTH_CARE": "{"payload":{},"responseTimeStamp":"2025-08-12T21:20:42.450529Z","errorCode":400,"status":"Fail","errorMsg":"400 Bad Request: Invalid documentSource has been received in the request body."}"
	at org.intics.hermes.service.InboundService.docTypeRedirect(InboundService.java:110)
	at org.intics.hermes.controller.InboundController.docTypeBasedRedirect(InboundController.java:32)
	at java.base/jdk.internal.reflect.DirectMethodHandleAccessor.invoke(DirectMethodHandleAccessor.java:104)
	at java.base/java.lang.reflect.Method.invoke(Method.java:565)
	at org.springframework.web.method.support.InvocableHandlerMethod.doInvoke(InvocableHandlerMethod.java:258)
	at org.springframework.web.method.support.InvocableHandlerMethod.invokeForRequest(InvocableHandlerMethod.java:191)
	at org.springframework.web.servlet.mvc.method.annotation.ServletInvocableHandlerMethod.invokeAndHandle(ServletInvocableHandlerMethod.java:118)
	at org.springframework.web.servlet.mvc.method.annotation.RequestMappingHandlerAdapter.invokeHandlerMethod(RequestMappingHandlerAdapter.java:991)
	at org.springframework.web.servlet.mvc.method.annotation.RequestMappingHandlerAdapter.handleInternal(RequestMappingHandlerAdapter.java:896)
	at org.springframework.web.servlet.mvc.method.AbstractHandlerMethodAdapter.handle(AbstractHandlerMethodAdapter.java:87)
	at org.springframework.web.servlet.DispatcherServlet.doDispatch(DispatcherServlet.java:1089)
	at org.springframework.web.servlet.DispatcherServlet.doService(DispatcherServlet.java:979)
	at org.springframework.web.servlet.FrameworkServlet.processRequest(FrameworkServlet.java:1014)
	at org.springframework.web.servlet.FrameworkServlet.doPost(FrameworkServlet.java:914)
	at jakarta.servlet.http.HttpServlet.service(HttpServlet.java:590)
	at org.springframework.web.servlet.FrameworkServlet.service(FrameworkServlet.java:885)
	at jakarta.servlet.http.HttpServlet.service(HttpServlet.java:658)
	at org.apache.catalina.core.ApplicationFilterChain.internalDoFilter(ApplicationFilterChain.java:195)
	at org.apache.catalina.core.ApplicationFilterChain.doFilter(ApplicationFilterChain.java:140)
	at org.apache.tomcat.websocket.server.WsFilter.doFilter(WsFilter.java:51)
	at org.apache.catalina.core.ApplicationFilterChain.internalDoFilter(ApplicationFilterChain.java:164)
	at org.apache.catalina.core.ApplicationFilterChain.doFilter(ApplicationFilterChain.java:140)
	at org.springframework.web.filter.RequestContextFilter.doFilterInternal(RequestContextFilter.java:100)
	at org.springframework.web.filter.OncePerRequestFilter.doFilter(OncePerRequestFilter.java:116)
	at org.apache.catalina.core.ApplicationFilterChain.internalDoFilter(ApplicationFilterChain.java:164)
	at org.apache.catalina.core.ApplicationFilterChain.doFilter(ApplicationFilterChain.java:140)
	at org.springframework.web.filter.FormContentFilter.doFilterInternal(FormContentFilter.java:93)
	at org.springframework.web.filter.OncePerRequestFilter.doFilter(OncePerRequestFilter.java:116)
	at org.apache.catalina.core.ApplicationFilterChain.internalDoFilter(ApplicationFilterChain.java:164)
	at org.apache.catalina.core.ApplicationFilterChain.doFilter(ApplicationFilterChain.java:140)
	at org.springframework.web.filter.ServerHttpObservationFilter.doFilterInternal(ServerHttpObservationFilter.java:110)
	at org.springframework.web.filter.OncePerRequestFilter.doFilter(OncePerRequestFilter.java:116)
	at org.apache.catalina.core.ApplicationFilterChain.internalDoFilter(ApplicationFilterChain.java:164)
	at org.apache.catalina.core.ApplicationFilterChain.doFilter(ApplicationFilterChain.java:140)
	at org.springframework.web.filter.CharacterEncodingFilter.doFilterInternal(CharacterEncodingFilter.java:201)
	at org.springframework.web.filter.OncePerRequestFilter.doFilter(OncePerRequestFilter.java:116)
	at org.apache.catalina.core.ApplicationFilterChain.internalDoFilter(ApplicationFilterChain.java:164)
	at org.apache.catalina.core.ApplicationFilterChain.doFilter(ApplicationFilterChain.java:140)
	at org.apache.catalina.core.StandardWrapperValve.invoke(StandardWrapperValve.java:167)
	at org.apache.catalina.core.StandardContextValve.invoke(StandardContextValve.java:90)
	at org.apache.catalina.authenticator.AuthenticatorBase.invoke(AuthenticatorBase.java:483)
	at org.apache.catalina.core.StandardHostValve.invoke(StandardHostValve.java:116)
	at org.apache.catalina.valves.ErrorReportValve.invoke(ErrorReportValve.java:93)
	at org.apache.catalina.core.StandardEngineValve.invoke(StandardEngineValve.java:74)
	at org.apache.catalina.connector.CoyoteAdapter.service(CoyoteAdapter.java:344)
	at org.apache.coyote.http11.Http11Processor.service(Http11Processor.java:398)
	at org.apache.coyote.AbstractProcessorLight.process(AbstractProcessorLight.java:63)
	at org.apache.coyote.AbstractProtocol$ConnectionHandler.process(AbstractProtocol.java:903)
	at org.apache.tomcat.util.net.NioEndpoint$SocketProcessor.doRun(NioEndpoint.java:1769)
	at org.apache.tomcat.util.net.SocketProcessorBase.run(SocketProcessorBase.java:52)
	at org.apache.tomcat.util.threads.ThreadPoolExecutor.runWorker(ThreadPoolExecutor.java:1189)
	at org.apache.tomcat.util.threads.ThreadPoolExecutor$Worker.run(ThreadPoolExecutor.java:658)
	at org.apache.tomcat.util.threads.TaskThread$WrappingRunnable.run(TaskThread.java:63)
	at java.base/java.lang.Thread.run(Thread.java:1447)
2025-08-13 02:50:42 [http-nio-8191-exec-1] WARN  o.s.w.s.m.m.a.ExceptionHandlerExceptionResolver - Resolved [org.intics.hermes.exception.HermesException: 400 Bad Request on POST request for "https://intics.elevance.ngrok.dev/alchemy-server/alchemy/api/v2/transaction/create/pipeline/fileUrl/HEALTH_CARE": "{"payload":{},"responseTimeStamp":"2025-08-12T21:20:42.450529Z","errorCode":400,"status":"Fail","errorMsg":"400 Bad Request: Invalid documentSource has been received in the request body."}"]
2025-08-13 02:50:56 [http-nio-8191-exec-3] INFO  o.i.h.controller.InboundController - Completed processing docTypeBasedRedirect for tenantId=1, documentType=HEALTH_CARE
2025-08-13 02:50:56 [http-nio-8191-exec-3] INFO  o.i.hermes.service.InboundService - docTypeRedirect called with tenantId=1, documentType=HEALTH_CARE, healthPlan=PH, channel=test
2025-08-13 02:50:56 [http-nio-8191-exec-3] INFO  o.i.hermes.service.InboundService - Forwarding request to URL: https://intics.elevance.ngrok.dev/alchemy-server/alchemy/api/v2/transaction/create/pipeline/fileUrl/HEALTH_CARE?tenantId=1&channel=test&documentType=HEALTH_CARE
2025-08-13 02:50:57 [http-nio-8191-exec-3] INFO  o.i.hermes.service.InboundService - Response body received {"requestTxnId":"SI-123","status":"REQUEST_RECEIVED","transactionId":"ITX-839"}
2025-08-13 02:50:57 [http-nio-8191-exec-3] INFO  o.i.hermes.service.InboundService - Response received with status code: 200 OK
2025-08-13 02:51:08 [http-nio-8191-exec-5] INFO  o.i.h.c.InboundShadowController - Completed processing docTypeBasedRedirect for tenantId=1, documentType=HEALTH_CARE
2025-08-13 02:51:08 [http-nio-8191-exec-5] INFO  o.i.hermes.service.InboundService - docTypeRedirect called with tenantId=1, documentType=HEALTH_CARE, healthPlan=PH, channel=test
2025-08-13 02:51:08 [http-nio-8191-exec-5] INFO  o.i.hermes.service.InboundService - Forwarding request to URL: https://intics.elevance.ngrok.dev/alchemy-server/alchemy/api/v2/transaction/create/pipeline/shadow/fileUrl/HEALTH_CARE?tenantId=1&channel=test&documentType=HEALTH_CARE
2025-08-13 02:51:08 [http-nio-8191-exec-5] ERROR o.i.h.e.GlobalExceptionHandler - 400 Bad Request on POST request for "https://intics.elevance.ngrok.dev/alchemy-server/alchemy/api/v2/transaction/create/pipeline/shadow/fileUrl/HEALTH_CARE": "{"payload":{},"responseTimeStamp":"2025-08-12T21:21:08.453404Z","errorCode":400,"status":"Fail","errorMsg":"400 Bad Request: Invalid documentSource has been received in the request body."}"
org.intics.hermes.exception.HermesException: 400 Bad Request on POST request for "https://intics.elevance.ngrok.dev/alchemy-server/alchemy/api/v2/transaction/create/pipeline/shadow/fileUrl/HEALTH_CARE": "{"payload":{},"responseTimeStamp":"2025-08-12T21:21:08.453404Z","errorCode":400,"status":"Fail","errorMsg":"400 Bad Request: Invalid documentSource has been received in the request body."}"
	at org.intics.hermes.service.InboundShadowService.docTypeRedirect(InboundShadowService.java:110)
	at org.intics.hermes.controller.InboundShadowController.docTypeBasedRedirect(InboundShadowController.java:33)
	at java.base/jdk.internal.reflect.DirectMethodHandleAccessor.invoke(DirectMethodHandleAccessor.java:104)
	at java.base/java.lang.reflect.Method.invoke(Method.java:565)
	at org.springframework.web.method.support.InvocableHandlerMethod.doInvoke(InvocableHandlerMethod.java:258)
	at org.springframework.web.method.support.InvocableHandlerMethod.invokeForRequest(InvocableHandlerMethod.java:191)
	at org.springframework.web.servlet.mvc.method.annotation.ServletInvocableHandlerMethod.invokeAndHandle(ServletInvocableHandlerMethod.java:118)
	at org.springframework.web.servlet.mvc.method.annotation.RequestMappingHandlerAdapter.invokeHandlerMethod(RequestMappingHandlerAdapter.java:991)
	at org.springframework.web.servlet.mvc.method.annotation.RequestMappingHandlerAdapter.handleInternal(RequestMappingHandlerAdapter.java:896)
	at org.springframework.web.servlet.mvc.method.AbstractHandlerMethodAdapter.handle(AbstractHandlerMethodAdapter.java:87)
	at org.springframework.web.servlet.DispatcherServlet.doDispatch(DispatcherServlet.java:1089)
	at org.springframework.web.servlet.DispatcherServlet.doService(DispatcherServlet.java:979)
	at org.springframework.web.servlet.FrameworkServlet.processRequest(FrameworkServlet.java:1014)
	at org.springframework.web.servlet.FrameworkServlet.doPost(FrameworkServlet.java:914)
	at jakarta.servlet.http.HttpServlet.service(HttpServlet.java:590)
	at org.springframework.web.servlet.FrameworkServlet.service(FrameworkServlet.java:885)
	at jakarta.servlet.http.HttpServlet.service(HttpServlet.java:658)
	at org.apache.catalina.core.ApplicationFilterChain.internalDoFilter(ApplicationFilterChain.java:195)
	at org.apache.catalina.core.ApplicationFilterChain.doFilter(ApplicationFilterChain.java:140)
	at org.apache.tomcat.websocket.server.WsFilter.doFilter(WsFilter.java:51)
	at org.apache.catalina.core.ApplicationFilterChain.internalDoFilter(ApplicationFilterChain.java:164)
	at org.apache.catalina.core.ApplicationFilterChain.doFilter(ApplicationFilterChain.java:140)
	at org.springframework.web.filter.RequestContextFilter.doFilterInternal(RequestContextFilter.java:100)
	at org.springframework.web.filter.OncePerRequestFilter.doFilter(OncePerRequestFilter.java:116)
	at org.apache.catalina.core.ApplicationFilterChain.internalDoFilter(ApplicationFilterChain.java:164)
	at org.apache.catalina.core.ApplicationFilterChain.doFilter(ApplicationFilterChain.java:140)
	at org.springframework.web.filter.FormContentFilter.doFilterInternal(FormContentFilter.java:93)
	at org.springframework.web.filter.OncePerRequestFilter.doFilter(OncePerRequestFilter.java:116)
	at org.apache.catalina.core.ApplicationFilterChain.internalDoFilter(ApplicationFilterChain.java:164)
	at org.apache.catalina.core.ApplicationFilterChain.doFilter(ApplicationFilterChain.java:140)
	at org.springframework.web.filter.ServerHttpObservationFilter.doFilterInternal(ServerHttpObservationFilter.java:110)
	at org.springframework.web.filter.OncePerRequestFilter.doFilter(OncePerRequestFilter.java:116)
	at org.apache.catalina.core.ApplicationFilterChain.internalDoFilter(ApplicationFilterChain.java:164)
	at org.apache.catalina.core.ApplicationFilterChain.doFilter(ApplicationFilterChain.java:140)
	at org.springframework.web.filter.CharacterEncodingFilter.doFilterInternal(CharacterEncodingFilter.java:201)
	at org.springframework.web.filter.OncePerRequestFilter.doFilter(OncePerRequestFilter.java:116)
	at org.apache.catalina.core.ApplicationFilterChain.internalDoFilter(ApplicationFilterChain.java:164)
	at org.apache.catalina.core.ApplicationFilterChain.doFilter(ApplicationFilterChain.java:140)
	at org.apache.catalina.core.StandardWrapperValve.invoke(StandardWrapperValve.java:167)
	at org.apache.catalina.core.StandardContextValve.invoke(StandardContextValve.java:90)
	at org.apache.catalina.authenticator.AuthenticatorBase.invoke(AuthenticatorBase.java:483)
	at org.apache.catalina.core.StandardHostValve.invoke(StandardHostValve.java:116)
	at org.apache.catalina.valves.ErrorReportValve.invoke(ErrorReportValve.java:93)
	at org.apache.catalina.core.StandardEngineValve.invoke(StandardEngineValve.java:74)
	at org.apache.catalina.connector.CoyoteAdapter.service(CoyoteAdapter.java:344)
	at org.apache.coyote.http11.Http11Processor.service(Http11Processor.java:398)
	at org.apache.coyote.AbstractProcessorLight.process(AbstractProcessorLight.java:63)
	at org.apache.coyote.AbstractProtocol$ConnectionHandler.process(AbstractProtocol.java:903)
	at org.apache.tomcat.util.net.NioEndpoint$SocketProcessor.doRun(NioEndpoint.java:1769)
	at org.apache.tomcat.util.net.SocketProcessorBase.run(SocketProcessorBase.java:52)
	at org.apache.tomcat.util.threads.ThreadPoolExecutor.runWorker(ThreadPoolExecutor.java:1189)
	at org.apache.tomcat.util.threads.ThreadPoolExecutor$Worker.run(ThreadPoolExecutor.java:658)
	at org.apache.tomcat.util.threads.TaskThread$WrappingRunnable.run(TaskThread.java:63)
	at java.base/java.lang.Thread.run(Thread.java:1447)
2025-08-13 02:51:08 [http-nio-8191-exec-5] WARN  o.s.w.s.m.m.a.ExceptionHandlerExceptionResolver - Resolved [org.intics.hermes.exception.HermesException: 400 Bad Request on POST request for "https://intics.elevance.ngrok.dev/alchemy-server/alchemy/api/v2/transaction/create/pipeline/shadow/fileUrl/HEALTH_CARE": "{"payload":{},"responseTimeStamp":"2025-08-12T21:21:08.453404Z","errorCode":400,"status":"Fail","errorMsg":"400 Bad Request: Invalid documentSource has been received in the request body."}"]
2025-08-13 02:51:15 [http-nio-8191-exec-7] INFO  o.i.h.c.InboundShadowController - Completed processing docTypeBasedRedirect for tenantId=1, documentType=HEALTH_CARE
2025-08-13 02:51:15 [http-nio-8191-exec-7] INFO  o.i.hermes.service.InboundService - docTypeRedirect called with tenantId=1, documentType=HEALTH_CARE, healthPlan=PH, channel=test
2025-08-13 02:51:15 [http-nio-8191-exec-7] INFO  o.i.hermes.service.InboundService - Forwarding request to URL: https://intics.elevance.ngrok.dev/alchemy-server/alchemy/api/v2/transaction/create/pipeline/shadow/fileUrl/HEALTH_CARE?tenantId=1&channel=test&documentType=HEALTH_CARE
2025-08-13 02:51:17 [http-nio-8191-exec-7] INFO  o.i.hermes.service.InboundService - Response body received {"requestTxnId":"SI-123","status":"REQUEST_RECEIVED","transactionId":"ITX-840"}
2025-08-13 02:51:17 [http-nio-8191-exec-7] INFO  o.i.hermes.service.InboundService - Response received with status code: 200 OK
2025-08-13 02:52:00 [http-nio-8191-exec-8] INFO  o.i.hermes.controller.AuthController - Login response success for username
2025-08-13 02:52:00 [http-nio-8191-exec-8] INFO  o.intics.hermes.service.AuthService - loginRedirect called with loginSource=PH, username=SmartIntake
2025-08-13 02:52:00 [http-nio-8191-exec-8] INFO  o.intics.hermes.service.AuthService - Forwarding login request to: https://intics.elevance.ngrok.dev/alchemy-server/alchemy/api/v2/auth/login
2025-08-13 02:52:10 [SpringApplicationShutdownHook] INFO  o.s.b.w.e.tomcat.GracefulShutdown - Commencing graceful shutdown. Waiting for active requests to complete
2025-08-13 02:52:10 [tomcat-shutdown] INFO  o.s.b.w.e.tomcat.GracefulShutdown - Graceful shutdown complete
2025-08-13 02:52:15 [background-preinit] INFO  o.h.validator.internal.util.Version - HV000001: Hibernate Validator 8.0.2.Final
2025-08-13 02:52:15 [restartedMain] INFO  org.intics.hermes.HermesApplication - Starting HermesApplication using Java 24.0.1 with PID 22302 (/home/roobadharani.deva@zucisystems.com/build/hermes/target/classes started by roobadharani.deva@zucisystems.com in /home/roobadharani.deva@zucisystems.com/build/hermes)
2025-08-13 02:52:15 [restartedMain] INFO  org.intics.hermes.HermesApplication - No active profile set, falling back to 1 default profile: "default"
2025-08-13 02:52:16 [restartedMain] INFO  o.s.b.d.e.DevToolsPropertyDefaultsPostProcessor - Devtools property defaults active! Set 'spring.devtools.add-properties' to 'false' to disable
2025-08-13 02:52:16 [restartedMain] INFO  o.s.b.d.e.DevToolsPropertyDefaultsPostProcessor - For additional web related logging consider setting the 'logging.level.web' property to 'DEBUG'
2025-08-13 02:52:18 [restartedMain] INFO  o.s.b.w.e.tomcat.TomcatWebServer - Tomcat initialized with port 8191 (http)
2025-08-13 02:52:19 [restartedMain] INFO  o.a.coyote.http11.Http11NioProtocol - Initializing ProtocolHandler ["http-nio-8191"]
2025-08-13 02:52:19 [restartedMain] INFO  o.a.catalina.core.StandardService - Starting service [Tomcat]
2025-08-13 02:52:19 [restartedMain] INFO  o.a.catalina.core.StandardEngine - Starting Servlet engine: [Apache Tomcat/10.1.43]
2025-08-13 02:52:19 [restartedMain] INFO  o.a.c.c.C.[.[localhost].[/hermes] - Initializing Spring embedded WebApplicationContext
2025-08-13 02:52:19 [restartedMain] INFO  o.s.b.w.s.c.ServletWebServerApplicationContext - Root WebApplicationContext: initialization completed in 3058 ms
2025-08-13 02:52:20 [restartedMain] INFO  o.s.b.d.a.OptionalLiveReloadServer - LiveReload server is running on port 35729
2025-08-13 02:52:20 [restartedMain] INFO  o.s.b.a.e.web.EndpointLinksResolver - Exposing 1 endpoint beneath base path '/actuator'
2025-08-13 02:52:20 [restartedMain] INFO  o.a.coyote.http11.Http11NioProtocol - Starting ProtocolHandler ["http-nio-8191"]
2025-08-13 02:52:20 [restartedMain] INFO  o.s.b.w.e.tomcat.TomcatWebServer - Tomcat started on port 8191 (http) with context path '/hermes'
2025-08-13 02:52:20 [restartedMain] INFO  org.intics.hermes.HermesApplication - Started HermesApplication in 5.694 seconds (process running for 7.057)
2025-08-13 02:53:03 [SpringApplicationShutdownHook] INFO  o.s.b.w.e.tomcat.GracefulShutdown - Commencing graceful shutdown. Waiting for active requests to complete
2025-08-13 02:53:03 [tomcat-shutdown] INFO  o.s.b.w.e.tomcat.GracefulShutdown - Graceful shutdown complete
2025-08-13 02:53:07 [background-preinit] INFO  o.h.validator.internal.util.Version - HV000001: Hibernate Validator 8.0.2.Final
2025-08-13 02:53:07 [restartedMain] INFO  org.intics.hermes.HermesApplication - Starting HermesApplication using Java 24.0.1 with PID 22429 (/home/roobadharani.deva@zucisystems.com/build/hermes/target/classes started by roobadharani.deva@zucisystems.com in /home/roobadharani.deva@zucisystems.com/build/hermes)
2025-08-13 02:53:07 [restartedMain] INFO  org.intics.hermes.HermesApplication - No active profile set, falling back to 1 default profile: "default"
2025-08-13 02:53:07 [restartedMain] INFO  o.s.b.d.e.DevToolsPropertyDefaultsPostProcessor - Devtools property defaults active! Set 'spring.devtools.add-properties' to 'false' to disable
2025-08-13 02:53:07 [restartedMain] INFO  o.s.b.d.e.DevToolsPropertyDefaultsPostProcessor - For additional web related logging consider setting the 'logging.level.web' property to 'DEBUG'
2025-08-13 02:53:09 [restartedMain] INFO  o.s.b.w.e.tomcat.TomcatWebServer - Tomcat initialized with port 8191 (http)
2025-08-13 02:53:09 [restartedMain] INFO  o.a.coyote.http11.Http11NioProtocol - Initializing ProtocolHandler ["http-nio-8191"]
2025-08-13 02:53:10 [restartedMain] INFO  o.a.catalina.core.StandardService - Starting service [Tomcat]
2025-08-13 02:53:10 [restartedMain] INFO  o.a.catalina.core.StandardEngine - Starting Servlet engine: [Apache Tomcat/10.1.43]
2025-08-13 02:53:10 [restartedMain] INFO  o.a.c.c.C.[.[localhost].[/hermes] - Initializing Spring embedded WebApplicationContext
2025-08-13 02:53:10 [restartedMain] INFO  o.s.b.w.s.c.ServletWebServerApplicationContext - Root WebApplicationContext: initialization completed in 2717 ms
2025-08-13 02:53:11 [restartedMain] INFO  o.s.b.d.a.OptionalLiveReloadServer - LiveReload server is running on port 35729
2025-08-13 02:53:11 [restartedMain] INFO  o.s.b.a.e.web.EndpointLinksResolver - Exposing 1 endpoint beneath base path '/actuator'
2025-08-13 02:53:11 [restartedMain] INFO  o.a.coyote.http11.Http11NioProtocol - Starting ProtocolHandler ["http-nio-8191"]
2025-08-13 02:53:11 [restartedMain] INFO  o.s.b.w.e.tomcat.TomcatWebServer - Tomcat started on port 8191 (http) with context path '/hermes'
2025-08-13 02:53:11 [restartedMain] INFO  org.intics.hermes.HermesApplication - Started HermesApplication in 5.432 seconds (process running for 6.796)
2025-08-13 03:00:09 [http-nio-8191-exec-2] INFO  o.a.c.c.C.[.[localhost].[/hermes] - Initializing Spring DispatcherServlet 'dispatcherServlet'
2025-08-13 03:00:09 [http-nio-8191-exec-2] INFO  o.s.web.servlet.DispatcherServlet - Initializing Servlet 'dispatcherServlet'
2025-08-13 03:00:09 [http-nio-8191-exec-2] INFO  o.s.web.servlet.DispatcherServlet - Completed initialization in 1 ms
2025-08-13 03:00:09 [http-nio-8191-exec-2] INFO  o.i.hermes.controller.AuthController - Login response success for username
2025-08-13 03:00:09 [http-nio-8191-exec-2] INFO  o.intics.hermes.service.AuthService - loginRedirect called with loginSource=PH, username=SmartIntake
2025-08-13 03:00:09 [http-nio-8191-exec-2] INFO  o.intics.hermes.service.AuthService - Forwarding login request to: https://intics.elevance.ngrok.dev/alchemy-server/alchemy/api/v2/auth/login
2025-08-13 03:00:28 [http-nio-8191-exec-3] INFO  o.i.hermes.controller.AuthController - Login response success for username
2025-08-13 03:00:28 [http-nio-8191-exec-3] INFO  o.intics.hermes.service.AuthService - loginRedirect called with loginSource=PH, username=Smartntake
2025-08-13 03:00:28 [http-nio-8191-exec-3] INFO  o.intics.hermes.service.AuthService - Forwarding login request to: https://intics.elevance.ngrok.dev/alchemy-server/alchemy/api/v2/auth/login
2025-08-13 03:00:28 [http-nio-8191-exec-3] ERROR o.intics.hermes.service.AuthService - error from alchemy 400 Bad Request on POST request for "https://intics.elevance.ngrok.dev/alchemy-server/alchemy/api/v2/auth/login": "{"status":"Fail","errorCode":404,"errorMsg":"User Smartntake is not found in authStore","responseTimeStamp":"2025-08-13T03:00:28","payload":400}"
2025-08-13 03:00:28 [http-nio-8191-exec-3] ERROR o.i.h.e.GlobalExceptionHandler - 400 Bad Request on POST request for "https://intics.elevance.ngrok.dev/alchemy-server/alchemy/api/v2/auth/login": "{"status":"Fail","errorCode":404,"errorMsg":"User Smartntake is not found in authStore","responseTimeStamp":"2025-08-13T03:00:28","payload":{}}"
org.intics.hermes.exception.HermesException: 400 Bad Request on POST request for "https://intics.elevance.ngrok.dev/alchemy-server/alchemy/api/v2/auth/login": "{"status":"Fail","errorCode":404,"errorMsg":"User Smartntake is not found in authStore","responseTimeStamp":"2025-08-13T03:00:28","payload":{}}"
	at org.intics.hermes.service.AuthService.loginRedirect(AuthService.java:83)
	at org.intics.hermes.controller.AuthController.loginRedirect(AuthController.java:28)
	at java.base/jdk.internal.reflect.DirectMethodHandleAccessor.invoke(DirectMethodHandleAccessor.java:104)
	at java.base/java.lang.reflect.Method.invoke(Method.java:565)
	at org.springframework.web.method.support.InvocableHandlerMethod.doInvoke(InvocableHandlerMethod.java:258)
	at org.springframework.web.method.support.InvocableHandlerMethod.invokeForRequest(InvocableHandlerMethod.java:191)
	at org.springframework.web.servlet.mvc.method.annotation.ServletInvocableHandlerMethod.invokeAndHandle(ServletInvocableHandlerMethod.java:118)
	at org.springframework.web.servlet.mvc.method.annotation.RequestMappingHandlerAdapter.invokeHandlerMethod(RequestMappingHandlerAdapter.java:991)
	at org.springframework.web.servlet.mvc.method.annotation.RequestMappingHandlerAdapter.handleInternal(RequestMappingHandlerAdapter.java:896)
	at org.springframework.web.servlet.mvc.method.AbstractHandlerMethodAdapter.handle(AbstractHandlerMethodAdapter.java:87)
	at org.springframework.web.servlet.DispatcherServlet.doDispatch(DispatcherServlet.java:1089)
	at org.springframework.web.servlet.DispatcherServlet.doService(DispatcherServlet.java:979)
	at org.springframework.web.servlet.FrameworkServlet.processRequest(FrameworkServlet.java:1014)
	at org.springframework.web.servlet.FrameworkServlet.doPost(FrameworkServlet.java:914)
	at jakarta.servlet.http.HttpServlet.service(HttpServlet.java:590)
	at org.springframework.web.servlet.FrameworkServlet.service(FrameworkServlet.java:885)
	at jakarta.servlet.http.HttpServlet.service(HttpServlet.java:658)
	at org.apache.catalina.core.ApplicationFilterChain.internalDoFilter(ApplicationFilterChain.java:195)
	at org.apache.catalina.core.ApplicationFilterChain.doFilter(ApplicationFilterChain.java:140)
	at org.apache.tomcat.websocket.server.WsFilter.doFilter(WsFilter.java:51)
	at org.apache.catalina.core.ApplicationFilterChain.internalDoFilter(ApplicationFilterChain.java:164)
	at org.apache.catalina.core.ApplicationFilterChain.doFilter(ApplicationFilterChain.java:140)
	at org.springframework.web.filter.RequestContextFilter.doFilterInternal(RequestContextFilter.java:100)
	at org.springframework.web.filter.OncePerRequestFilter.doFilter(OncePerRequestFilter.java:116)
	at org.apache.catalina.core.ApplicationFilterChain.internalDoFilter(ApplicationFilterChain.java:164)
	at org.apache.catalina.core.ApplicationFilterChain.doFilter(ApplicationFilterChain.java:140)
	at org.springframework.web.filter.FormContentFilter.doFilterInternal(FormContentFilter.java:93)
	at org.springframework.web.filter.OncePerRequestFilter.doFilter(OncePerRequestFilter.java:116)
	at org.apache.catalina.core.ApplicationFilterChain.internalDoFilter(ApplicationFilterChain.java:164)
	at org.apache.catalina.core.ApplicationFilterChain.doFilter(ApplicationFilterChain.java:140)
	at org.springframework.web.filter.ServerHttpObservationFilter.doFilterInternal(ServerHttpObservationFilter.java:110)
	at org.springframework.web.filter.OncePerRequestFilter.doFilter(OncePerRequestFilter.java:116)
	at org.apache.catalina.core.ApplicationFilterChain.internalDoFilter(ApplicationFilterChain.java:164)
	at org.apache.catalina.core.ApplicationFilterChain.doFilter(ApplicationFilterChain.java:140)
	at org.springframework.web.filter.CharacterEncodingFilter.doFilterInternal(CharacterEncodingFilter.java:201)
	at org.springframework.web.filter.OncePerRequestFilter.doFilter(OncePerRequestFilter.java:116)
	at org.apache.catalina.core.ApplicationFilterChain.internalDoFilter(ApplicationFilterChain.java:164)
	at org.apache.catalina.core.ApplicationFilterChain.doFilter(ApplicationFilterChain.java:140)
	at org.apache.catalina.core.StandardWrapperValve.invoke(StandardWrapperValve.java:167)
	at org.apache.catalina.core.StandardContextValve.invoke(StandardContextValve.java:90)
	at org.apache.catalina.authenticator.AuthenticatorBase.invoke(AuthenticatorBase.java:483)
	at org.apache.catalina.core.StandardHostValve.invoke(StandardHostValve.java:116)
	at org.apache.catalina.valves.ErrorReportValve.invoke(ErrorReportValve.java:93)
	at org.apache.catalina.core.StandardEngineValve.invoke(StandardEngineValve.java:74)
	at org.apache.catalina.connector.CoyoteAdapter.service(CoyoteAdapter.java:344)
	at org.apache.coyote.http11.Http11Processor.service(Http11Processor.java:398)
	at org.apache.coyote.AbstractProcessorLight.process(AbstractProcessorLight.java:63)
	at org.apache.coyote.AbstractProtocol$ConnectionHandler.process(AbstractProtocol.java:903)
	at org.apache.tomcat.util.net.NioEndpoint$SocketProcessor.doRun(NioEndpoint.java:1769)
	at org.apache.tomcat.util.net.SocketProcessorBase.run(SocketProcessorBase.java:52)
	at org.apache.tomcat.util.threads.ThreadPoolExecutor.runWorker(ThreadPoolExecutor.java:1189)
	at org.apache.tomcat.util.threads.ThreadPoolExecutor$Worker.run(ThreadPoolExecutor.java:658)
	at org.apache.tomcat.util.threads.TaskThread$WrappingRunnable.run(TaskThread.java:63)
	at java.base/java.lang.Thread.run(Thread.java:1447)
2025-08-13 03:00:29 [http-nio-8191-exec-3] WARN  o.s.w.s.m.m.a.ExceptionHandlerExceptionResolver - Resolved [org.intics.hermes.exception.HermesException: 400 Bad Request on POST request for "https://intics.elevance.ngrok.dev/alchemy-server/alchemy/api/v2/auth/login": "{"status":"Fail","errorCode":404,"errorMsg":"User Smartntake is not found in authStore","responseTimeStamp":"2025-08-13T03:00:28","payload":{}}"]
2025-08-13 03:00:37 [http-nio-8191-exec-4] WARN  o.s.w.s.m.s.DefaultHandlerExceptionResolver - Resolved [org.springframework.web.bind.MethodArgumentNotValidException: Validation failed for argument [0] in public org.springframework.http.ResponseEntity<org.intics.hermes.dto.ResponseStatusPayload<org.intics.hermes.dto.CurrentUser>> org.intics.hermes.controller.AuthController.loginRedirect(org.intics.hermes.dto.LoginRequest,java.lang.String): [Field error in object 'loginRequest' on field 'username': rejected value [null]; codes [NotEmpty.loginRequest.username,NotEmpty.username,NotEmpty.java.lang.String,NotEmpty]; arguments [org.springframework.context.support.DefaultMessageSourceResolvable: codes [loginRequest.username,username]; arguments []; default message [username]]; default message [must not be empty]] ]
2025-08-13 03:04:42 [http-nio-8191-exec-6] WARN  o.s.w.s.m.s.DefaultHandlerExceptionResolver - Resolved [org.springframework.web.bind.MethodArgumentNotValidException: Validation failed for argument [0] in public org.springframework.http.ResponseEntity<org.intics.hermes.dto.ResponseStatusPayload<org.intics.hermes.dto.CurrentUser>> org.intics.hermes.controller.AuthController.loginRedirect(org.intics.hermes.dto.LoginRequest,java.lang.String): [Field error in object 'loginRequest' on field 'username': rejected value [null]; codes [NotEmpty.loginRequest.username,NotEmpty.username,NotEmpty.java.lang.String,NotEmpty]; arguments [org.springframework.context.support.DefaultMessageSourceResolvable: codes [loginRequest.username,username]; arguments []; default message [username]]; default message [must not be empty]] ]
2025-08-13 03:12:45 [SpringApplicationShutdownHook] INFO  o.s.b.w.e.tomcat.GracefulShutdown - Commencing graceful shutdown. Waiting for active requests to complete
2025-08-13 03:12:45 [tomcat-shutdown] INFO  o.s.b.w.e.tomcat.GracefulShutdown - Graceful shutdown complete
2025-08-13 03:12:48 [background-preinit] INFO  o.h.validator.internal.util.Version - HV000001: Hibernate Validator 8.0.2.Final
2025-08-13 03:12:48 [restartedMain] INFO  org.intics.hermes.HermesApplication - Starting HermesApplication using Java 24.0.1 with PID 23079 (/home/roobadharani.deva@zucisystems.com/build/hermes/target/classes started by roobadharani.deva@zucisystems.com in /home/roobadharani.deva@zucisystems.com/build/hermes)
2025-08-13 03:12:48 [restartedMain] INFO  org.intics.hermes.HermesApplication - No active profile set, falling back to 1 default profile: "default"
2025-08-13 03:12:48 [restartedMain] INFO  o.s.b.d.e.DevToolsPropertyDefaultsPostProcessor - Devtools property defaults active! Set 'spring.devtools.add-properties' to 'false' to disable
2025-08-13 03:12:48 [restartedMain] INFO  o.s.b.d.e.DevToolsPropertyDefaultsPostProcessor - For additional web related logging consider setting the 'logging.level.web' property to 'DEBUG'
2025-08-13 03:12:50 [restartedMain] INFO  o.s.b.w.e.tomcat.TomcatWebServer - Tomcat initialized with port 8191 (http)
2025-08-13 03:12:50 [restartedMain] INFO  o.a.coyote.http11.Http11NioProtocol - Initializing ProtocolHandler ["http-nio-8191"]
2025-08-13 03:12:50 [restartedMain] INFO  o.a.catalina.core.StandardService - Starting service [Tomcat]
2025-08-13 03:12:50 [restartedMain] INFO  o.a.catalina.core.StandardEngine - Starting Servlet engine: [Apache Tomcat/10.1.43]
2025-08-13 03:12:50 [restartedMain] INFO  o.a.c.c.C.[.[localhost].[/hermes] - Initializing Spring embedded WebApplicationContext
2025-08-13 03:12:50 [restartedMain] INFO  o.s.b.w.s.c.ServletWebServerApplicationContext - Root WebApplicationContext: initialization completed in 1071 ms
2025-08-13 03:12:50 [restartedMain] INFO  o.s.b.d.a.OptionalLiveReloadServer - LiveReload server is running on port 35729
2025-08-13 03:12:50 [restartedMain] INFO  o.s.b.a.e.web.EndpointLinksResolver - Exposing 1 endpoint beneath base path '/actuator'
2025-08-13 03:12:50 [restartedMain] INFO  o.a.coyote.http11.Http11NioProtocol - Starting ProtocolHandler ["http-nio-8191"]
2025-08-13 03:12:50 [restartedMain] INFO  o.s.b.w.e.tomcat.TomcatWebServer - Tomcat started on port 8191 (http) with context path '/hermes'
2025-08-13 03:12:50 [restartedMain] INFO  org.intics.hermes.HermesApplication - Started HermesApplication in 2.116 seconds (process running for 2.619)
2025-08-13 03:13:06 [http-nio-8191-exec-1] INFO  o.a.c.c.C.[.[localhost].[/hermes] - Initializing Spring DispatcherServlet 'dispatcherServlet'
2025-08-13 03:13:06 [http-nio-8191-exec-1] INFO  o.s.web.servlet.DispatcherServlet - Initializing Servlet 'dispatcherServlet'
2025-08-13 03:13:06 [http-nio-8191-exec-1] INFO  o.s.web.servlet.DispatcherServlet - Completed initialization in 1 ms
2025-08-13 03:13:06 [http-nio-8191-exec-1] INFO  o.i.h.controller.InboundController - Completed processing docTypeBasedRedirect for tenantId=1, documentType=HEALTH_CARE
2025-08-13 03:13:06 [http-nio-8191-exec-1] INFO  o.i.hermes.service.InboundService - docTypeRedirect called with tenantId=1, documentType=HEALTH_CARE, healthPlan=PH, channel=test
2025-08-13 03:13:06 [http-nio-8191-exec-1] INFO  o.i.hermes.service.InboundService - Forwarding request to URL: https://intics.elevance.ngrok.dev/alchemy-server/alchemy/api/v2/transaction/create/pipeline/fileUrl/HEALTH_CARE?tenantId=1&channel=test&documentType=HEALTH_CARE
2025-08-13 03:13:08 [http-nio-8191-exec-1] INFO  o.i.hermes.service.InboundService - Response body received {"requestTxnId":"SI-123","status":"REQUEST_RECEIVED","transactionId":"ITX-841"}
2025-08-13 03:13:08 [http-nio-8191-exec-1] INFO  o.i.hermes.service.InboundService - Response received with status code: 200 OK
2025-08-13 03:13:21 [http-nio-8191-exec-3] INFO  o.i.h.controller.InboundController - Completed processing docTypeBasedRedirect for tenantId=1, documentType=HEALTH_CARE
2025-08-13 03:13:21 [http-nio-8191-exec-3] INFO  o.i.hermes.service.InboundService - docTypeRedirect called with tenantId=1, documentType=HEALTH_CARE, healthPlan=PH, channel=test
2025-08-13 03:13:21 [http-nio-8191-exec-3] INFO  o.i.hermes.service.InboundService - Forwarding request to URL: https://intics.elevance.ngrok.dev/alchemy-server/alchemy/api/v2/transaction/create/pipeline/fileUrl/HEALTH_CARE?tenantId=1&channel=test&documentType=HEALTH_CARE
2025-08-13 03:13:22 [http-nio-8191-exec-3] INFO  o.i.hermes.service.InboundService - Response body received {"requestTxnId":"SI-123","status":"REQUEST_RECEIVED","transactionId":"ITX-842"}
2025-08-13 03:13:22 [http-nio-8191-exec-3] INFO  o.i.hermes.service.InboundService - Response received with status code: 200 OK
2025-08-13 03:13:24 [http-nio-8191-exec-4] INFO  o.i.h.controller.InboundController - Completed processing docTypeBasedRedirect for tenantId=1, documentType=HEALTH_CARE
2025-08-13 03:13:24 [http-nio-8191-exec-4] INFO  o.i.hermes.service.InboundService - docTypeRedirect called with tenantId=1, documentType=HEALTH_CARE, healthPlan=PH, channel=test
2025-08-13 03:13:24 [http-nio-8191-exec-4] INFO  o.i.hermes.service.InboundService - Forwarding request to URL: https://intics.elevance.ngrok.dev/alchemy-server/alchemy/api/v2/transaction/create/pipeline/fileUrl/HEALTH_CARE?tenantId=1&channel=test&documentType=HEALTH_CARE
2025-08-13 03:13:25 [http-nio-8191-exec-4] ERROR o.i.h.e.GlobalExceptionHandler - 400 Bad Request on POST request for "https://intics.elevance.ngrok.dev/alchemy-server/alchemy/api/v2/transaction/create/pipeline/fileUrl/HEALTH_CARE": "{"payload":{},"responseTimeStamp":"2025-08-12T21:43:24.986648Z","errorCode":400,"status":"Fail","errorMsg":"400 Bad Request: Invalid documentSource has been received in the request body."}"
org.intics.hermes.exception.HermesException: 400 Bad Request on POST request for "https://intics.elevance.ngrok.dev/alchemy-server/alchemy/api/v2/transaction/create/pipeline/fileUrl/HEALTH_CARE": "{"payload":{},"responseTimeStamp":"2025-08-12T21:43:24.986648Z","errorCode":400,"status":"Fail","errorMsg":"400 Bad Request: Invalid documentSource has been received in the request body."}"
	at org.intics.hermes.service.InboundService.docTypeRedirect(InboundService.java:110)
	at org.intics.hermes.controller.InboundController.docTypeBasedRedirect(InboundController.java:32)
	at java.base/jdk.internal.reflect.DirectMethodHandleAccessor.invoke(DirectMethodHandleAccessor.java:104)
	at java.base/java.lang.reflect.Method.invoke(Method.java:565)
	at org.springframework.web.method.support.InvocableHandlerMethod.doInvoke(InvocableHandlerMethod.java:258)
	at org.springframework.web.method.support.InvocableHandlerMethod.invokeForRequest(InvocableHandlerMethod.java:191)
	at org.springframework.web.servlet.mvc.method.annotation.ServletInvocableHandlerMethod.invokeAndHandle(ServletInvocableHandlerMethod.java:118)
	at org.springframework.web.servlet.mvc.method.annotation.RequestMappingHandlerAdapter.invokeHandlerMethod(RequestMappingHandlerAdapter.java:991)
	at org.springframework.web.servlet.mvc.method.annotation.RequestMappingHandlerAdapter.handleInternal(RequestMappingHandlerAdapter.java:896)
	at org.springframework.web.servlet.mvc.method.AbstractHandlerMethodAdapter.handle(AbstractHandlerMethodAdapter.java:87)
	at org.springframework.web.servlet.DispatcherServlet.doDispatch(DispatcherServlet.java:1089)
	at org.springframework.web.servlet.DispatcherServlet.doService(DispatcherServlet.java:979)
	at org.springframework.web.servlet.FrameworkServlet.processRequest(FrameworkServlet.java:1014)
	at org.springframework.web.servlet.FrameworkServlet.doPost(FrameworkServlet.java:914)
	at jakarta.servlet.http.HttpServlet.service(HttpServlet.java:590)
	at org.springframework.web.servlet.FrameworkServlet.service(FrameworkServlet.java:885)
	at jakarta.servlet.http.HttpServlet.service(HttpServlet.java:658)
	at org.apache.catalina.core.ApplicationFilterChain.internalDoFilter(ApplicationFilterChain.java:195)
	at org.apache.catalina.core.ApplicationFilterChain.doFilter(ApplicationFilterChain.java:140)
	at org.apache.tomcat.websocket.server.WsFilter.doFilter(WsFilter.java:51)
	at org.apache.catalina.core.ApplicationFilterChain.internalDoFilter(ApplicationFilterChain.java:164)
	at org.apache.catalina.core.ApplicationFilterChain.doFilter(ApplicationFilterChain.java:140)
	at org.springframework.web.filter.RequestContextFilter.doFilterInternal(RequestContextFilter.java:100)
	at org.springframework.web.filter.OncePerRequestFilter.doFilter(OncePerRequestFilter.java:116)
	at org.apache.catalina.core.ApplicationFilterChain.internalDoFilter(ApplicationFilterChain.java:164)
	at org.apache.catalina.core.ApplicationFilterChain.doFilter(ApplicationFilterChain.java:140)
	at org.springframework.web.filter.FormContentFilter.doFilterInternal(FormContentFilter.java:93)
	at org.springframework.web.filter.OncePerRequestFilter.doFilter(OncePerRequestFilter.java:116)
	at org.apache.catalina.core.ApplicationFilterChain.internalDoFilter(ApplicationFilterChain.java:164)
	at org.apache.catalina.core.ApplicationFilterChain.doFilter(ApplicationFilterChain.java:140)
	at org.springframework.web.filter.ServerHttpObservationFilter.doFilterInternal(ServerHttpObservationFilter.java:110)
	at org.springframework.web.filter.OncePerRequestFilter.doFilter(OncePerRequestFilter.java:116)
	at org.apache.catalina.core.ApplicationFilterChain.internalDoFilter(ApplicationFilterChain.java:164)
	at org.apache.catalina.core.ApplicationFilterChain.doFilter(ApplicationFilterChain.java:140)
	at org.springframework.web.filter.CharacterEncodingFilter.doFilterInternal(CharacterEncodingFilter.java:201)
	at org.springframework.web.filter.OncePerRequestFilter.doFilter(OncePerRequestFilter.java:116)
	at org.apache.catalina.core.ApplicationFilterChain.internalDoFilter(ApplicationFilterChain.java:164)
	at org.apache.catalina.core.ApplicationFilterChain.doFilter(ApplicationFilterChain.java:140)
	at org.apache.catalina.core.StandardWrapperValve.invoke(StandardWrapperValve.java:167)
	at org.apache.catalina.core.StandardContextValve.invoke(StandardContextValve.java:90)
	at org.apache.catalina.authenticator.AuthenticatorBase.invoke(AuthenticatorBase.java:483)
	at org.apache.catalina.core.StandardHostValve.invoke(StandardHostValve.java:116)
	at org.apache.catalina.valves.ErrorReportValve.invoke(ErrorReportValve.java:93)
	at org.apache.catalina.core.StandardEngineValve.invoke(StandardEngineValve.java:74)
	at org.apache.catalina.connector.CoyoteAdapter.service(CoyoteAdapter.java:344)
	at org.apache.coyote.http11.Http11Processor.service(Http11Processor.java:398)
	at org.apache.coyote.AbstractProcessorLight.process(AbstractProcessorLight.java:63)
	at org.apache.coyote.AbstractProtocol$ConnectionHandler.process(AbstractProtocol.java:903)
	at org.apache.tomcat.util.net.NioEndpoint$SocketProcessor.doRun(NioEndpoint.java:1769)
	at org.apache.tomcat.util.net.SocketProcessorBase.run(SocketProcessorBase.java:52)
	at org.apache.tomcat.util.threads.ThreadPoolExecutor.runWorker(ThreadPoolExecutor.java:1189)
	at org.apache.tomcat.util.threads.ThreadPoolExecutor$Worker.run(ThreadPoolExecutor.java:658)
	at org.apache.tomcat.util.threads.TaskThread$WrappingRunnable.run(TaskThread.java:63)
	at java.base/java.lang.Thread.run(Thread.java:1447)
2025-08-13 03:13:25 [http-nio-8191-exec-4] WARN  o.s.w.s.m.m.a.ExceptionHandlerExceptionResolver - Resolved [org.intics.hermes.exception.HermesException: 400 Bad Request on POST request for "https://intics.elevance.ngrok.dev/alchemy-server/alchemy/api/v2/transaction/create/pipeline/fileUrl/HEALTH_CARE": "{"payload":{},"responseTimeStamp":"2025-08-12T21:43:24.986648Z","errorCode":400,"status":"Fail","errorMsg":"400 Bad Request: Invalid documentSource has been received in the request body."}"]
2025-08-13 03:13:39 [http-nio-8191-exec-6] INFO  o.i.h.controller.InboundController - Completed processing docTypeBasedRedirect for tenantId=1, documentType=HEALTH_CARE
2025-08-13 03:13:39 [http-nio-8191-exec-6] INFO  o.i.hermes.service.InboundService - docTypeRedirect called with tenantId=1, documentType=HEALTH_CARE, healthPlan=P, channel=test
2025-08-13 03:13:39 [http-nio-8191-exec-6] ERROR o.i.h.e.GlobalExceptionHandler - Unsupported health plan: P
org.intics.hermes.exception.HermesException: Unsupported health plan: P
	at org.intics.hermes.service.InboundService.docTypeRedirect(InboundService.java:68)
	at org.intics.hermes.controller.InboundController.docTypeBasedRedirect(InboundController.java:32)
	at java.base/jdk.internal.reflect.DirectMethodHandleAccessor.invoke(DirectMethodHandleAccessor.java:104)
	at java.base/java.lang.reflect.Method.invoke(Method.java:565)
	at org.springframework.web.method.support.InvocableHandlerMethod.doInvoke(InvocableHandlerMethod.java:258)
	at org.springframework.web.method.support.InvocableHandlerMethod.invokeForRequest(InvocableHandlerMethod.java:191)
	at org.springframework.web.servlet.mvc.method.annotation.ServletInvocableHandlerMethod.invokeAndHandle(ServletInvocableHandlerMethod.java:118)
	at org.springframework.web.servlet.mvc.method.annotation.RequestMappingHandlerAdapter.invokeHandlerMethod(RequestMappingHandlerAdapter.java:991)
	at org.springframework.web.servlet.mvc.method.annotation.RequestMappingHandlerAdapter.handleInternal(RequestMappingHandlerAdapter.java:896)
	at org.springframework.web.servlet.mvc.method.AbstractHandlerMethodAdapter.handle(AbstractHandlerMethodAdapter.java:87)
	at org.springframework.web.servlet.DispatcherServlet.doDispatch(DispatcherServlet.java:1089)
	at org.springframework.web.servlet.DispatcherServlet.doService(DispatcherServlet.java:979)
	at org.springframework.web.servlet.FrameworkServlet.processRequest(FrameworkServlet.java:1014)
	at org.springframework.web.servlet.FrameworkServlet.doPost(FrameworkServlet.java:914)
	at jakarta.servlet.http.HttpServlet.service(HttpServlet.java:590)
	at org.springframework.web.servlet.FrameworkServlet.service(FrameworkServlet.java:885)
	at jakarta.servlet.http.HttpServlet.service(HttpServlet.java:658)
	at org.apache.catalina.core.ApplicationFilterChain.internalDoFilter(ApplicationFilterChain.java:195)
	at org.apache.catalina.core.ApplicationFilterChain.doFilter(ApplicationFilterChain.java:140)
	at org.apache.tomcat.websocket.server.WsFilter.doFilter(WsFilter.java:51)
	at org.apache.catalina.core.ApplicationFilterChain.internalDoFilter(ApplicationFilterChain.java:164)
	at org.apache.catalina.core.ApplicationFilterChain.doFilter(ApplicationFilterChain.java:140)
	at org.springframework.web.filter.RequestContextFilter.doFilterInternal(RequestContextFilter.java:100)
	at org.springframework.web.filter.OncePerRequestFilter.doFilter(OncePerRequestFilter.java:116)
	at org.apache.catalina.core.ApplicationFilterChain.internalDoFilter(ApplicationFilterChain.java:164)
	at org.apache.catalina.core.ApplicationFilterChain.doFilter(ApplicationFilterChain.java:140)
	at org.springframework.web.filter.FormContentFilter.doFilterInternal(FormContentFilter.java:93)
	at org.springframework.web.filter.OncePerRequestFilter.doFilter(OncePerRequestFilter.java:116)
	at org.apache.catalina.core.ApplicationFilterChain.internalDoFilter(ApplicationFilterChain.java:164)
	at org.apache.catalina.core.ApplicationFilterChain.doFilter(ApplicationFilterChain.java:140)
	at org.springframework.web.filter.ServerHttpObservationFilter.doFilterInternal(ServerHttpObservationFilter.java:110)
	at org.springframework.web.filter.OncePerRequestFilter.doFilter(OncePerRequestFilter.java:116)
	at org.apache.catalina.core.ApplicationFilterChain.internalDoFilter(ApplicationFilterChain.java:164)
	at org.apache.catalina.core.ApplicationFilterChain.doFilter(ApplicationFilterChain.java:140)
	at org.springframework.web.filter.CharacterEncodingFilter.doFilterInternal(CharacterEncodingFilter.java:201)
	at org.springframework.web.filter.OncePerRequestFilter.doFilter(OncePerRequestFilter.java:116)
	at org.apache.catalina.core.ApplicationFilterChain.internalDoFilter(ApplicationFilterChain.java:164)
	at org.apache.catalina.core.ApplicationFilterChain.doFilter(ApplicationFilterChain.java:140)
	at org.apache.catalina.core.StandardWrapperValve.invoke(StandardWrapperValve.java:167)
	at org.apache.catalina.core.StandardContextValve.invoke(StandardContextValve.java:90)
	at org.apache.catalina.authenticator.AuthenticatorBase.invoke(AuthenticatorBase.java:483)
	at org.apache.catalina.core.StandardHostValve.invoke(StandardHostValve.java:116)
	at org.apache.catalina.valves.ErrorReportValve.invoke(ErrorReportValve.java:93)
	at org.apache.catalina.core.StandardEngineValve.invoke(StandardEngineValve.java:74)
	at org.apache.catalina.connector.CoyoteAdapter.service(CoyoteAdapter.java:344)
	at org.apache.coyote.http11.Http11Processor.service(Http11Processor.java:398)
	at org.apache.coyote.AbstractProcessorLight.process(AbstractProcessorLight.java:63)
	at org.apache.coyote.AbstractProtocol$ConnectionHandler.process(AbstractProtocol.java:903)
	at org.apache.tomcat.util.net.NioEndpoint$SocketProcessor.doRun(NioEndpoint.java:1769)
	at org.apache.tomcat.util.net.SocketProcessorBase.run(SocketProcessorBase.java:52)
	at org.apache.tomcat.util.threads.ThreadPoolExecutor.runWorker(ThreadPoolExecutor.java:1189)
	at org.apache.tomcat.util.threads.ThreadPoolExecutor$Worker.run(ThreadPoolExecutor.java:658)
	at org.apache.tomcat.util.threads.TaskThread$WrappingRunnable.run(TaskThread.java:63)
	at java.base/java.lang.Thread.run(Thread.java:1447)
2025-08-13 03:13:39 [http-nio-8191-exec-6] WARN  o.s.w.s.m.m.a.ExceptionHandlerExceptionResolver - Resolved [org.intics.hermes.exception.HermesException: Unsupported health plan: P]
2025-08-13 03:13:51 [http-nio-8191-exec-7] INFO  o.i.h.controller.InboundController - Completed processing docTypeBasedRedirect for tenantId=1, documentType=HEALTH_CARE
2025-08-13 03:13:51 [http-nio-8191-exec-7] INFO  o.i.hermes.service.InboundService - docTypeRedirect called with tenantId=1, documentType=HEALTH_CARE, healthPlan=PH, channel=test
2025-08-13 03:13:51 [http-nio-8191-exec-7] INFO  o.i.hermes.service.InboundService - Forwarding request to URL: https://intics.elevance.ngrok.dev/alchemy-server/alchemy/api/v2/transaction/create/pipeline/fileUrl/HEALTH_CARE?tenantId=1&channel=test&documentType=HEALTH_CARE
2025-08-13 03:13:52 [http-nio-8191-exec-7] ERROR o.i.h.e.GlobalExceptionHandler - 404 Not Found on POST request for "https://intics.elevance.ngrok.dev/alchemy-server/alchemy/api/v2/transaction/create/pipeline/fileUrl/HEALTH_CARE": "{"requestTxnId":"SI-123","status":"Invalid file type: . Only PDF and TIF/TIFF files are allowed.","transactionId":null}"
org.intics.hermes.exception.HermesException: 404 Not Found on POST request for "https://intics.elevance.ngrok.dev/alchemy-server/alchemy/api/v2/transaction/create/pipeline/fileUrl/HEALTH_CARE": "{"requestTxnId":"SI-123","status":"Invalid file type: . Only PDF and TIF/TIFF files are allowed.","transactionId":null}"
	at org.intics.hermes.service.InboundService.docTypeRedirect(InboundService.java:110)
	at org.intics.hermes.controller.InboundController.docTypeBasedRedirect(InboundController.java:32)
	at java.base/jdk.internal.reflect.DirectMethodHandleAccessor.invoke(DirectMethodHandleAccessor.java:104)
	at java.base/java.lang.reflect.Method.invoke(Method.java:565)
	at org.springframework.web.method.support.InvocableHandlerMethod.doInvoke(InvocableHandlerMethod.java:258)
	at org.springframework.web.method.support.InvocableHandlerMethod.invokeForRequest(InvocableHandlerMethod.java:191)
	at org.springframework.web.servlet.mvc.method.annotation.ServletInvocableHandlerMethod.invokeAndHandle(ServletInvocableHandlerMethod.java:118)
	at org.springframework.web.servlet.mvc.method.annotation.RequestMappingHandlerAdapter.invokeHandlerMethod(RequestMappingHandlerAdapter.java:991)
	at org.springframework.web.servlet.mvc.method.annotation.RequestMappingHandlerAdapter.handleInternal(RequestMappingHandlerAdapter.java:896)
	at org.springframework.web.servlet.mvc.method.AbstractHandlerMethodAdapter.handle(AbstractHandlerMethodAdapter.java:87)
	at org.springframework.web.servlet.DispatcherServlet.doDispatch(DispatcherServlet.java:1089)
	at org.springframework.web.servlet.DispatcherServlet.doService(DispatcherServlet.java:979)
	at org.springframework.web.servlet.FrameworkServlet.processRequest(FrameworkServlet.java:1014)
	at org.springframework.web.servlet.FrameworkServlet.doPost(FrameworkServlet.java:914)
	at jakarta.servlet.http.HttpServlet.service(HttpServlet.java:590)
	at org.springframework.web.servlet.FrameworkServlet.service(FrameworkServlet.java:885)
	at jakarta.servlet.http.HttpServlet.service(HttpServlet.java:658)
	at org.apache.catalina.core.ApplicationFilterChain.internalDoFilter(ApplicationFilterChain.java:195)
	at org.apache.catalina.core.ApplicationFilterChain.doFilter(ApplicationFilterChain.java:140)
	at org.apache.tomcat.websocket.server.WsFilter.doFilter(WsFilter.java:51)
	at org.apache.catalina.core.ApplicationFilterChain.internalDoFilter(ApplicationFilterChain.java:164)
	at org.apache.catalina.core.ApplicationFilterChain.doFilter(ApplicationFilterChain.java:140)
	at org.springframework.web.filter.RequestContextFilter.doFilterInternal(RequestContextFilter.java:100)
	at org.springframework.web.filter.OncePerRequestFilter.doFilter(OncePerRequestFilter.java:116)
	at org.apache.catalina.core.ApplicationFilterChain.internalDoFilter(ApplicationFilterChain.java:164)
	at org.apache.catalina.core.ApplicationFilterChain.doFilter(ApplicationFilterChain.java:140)
	at org.springframework.web.filter.FormContentFilter.doFilterInternal(FormContentFilter.java:93)
	at org.springframework.web.filter.OncePerRequestFilter.doFilter(OncePerRequestFilter.java:116)
	at org.apache.catalina.core.ApplicationFilterChain.internalDoFilter(ApplicationFilterChain.java:164)
	at org.apache.catalina.core.ApplicationFilterChain.doFilter(ApplicationFilterChain.java:140)
	at org.springframework.web.filter.ServerHttpObservationFilter.doFilterInternal(ServerHttpObservationFilter.java:110)
	at org.springframework.web.filter.OncePerRequestFilter.doFilter(OncePerRequestFilter.java:116)
	at org.apache.catalina.core.ApplicationFilterChain.internalDoFilter(ApplicationFilterChain.java:164)
	at org.apache.catalina.core.ApplicationFilterChain.doFilter(ApplicationFilterChain.java:140)
	at org.springframework.web.filter.CharacterEncodingFilter.doFilterInternal(CharacterEncodingFilter.java:201)
	at org.springframework.web.filter.OncePerRequestFilter.doFilter(OncePerRequestFilter.java:116)
	at org.apache.catalina.core.ApplicationFilterChain.internalDoFilter(ApplicationFilterChain.java:164)
	at org.apache.catalina.core.ApplicationFilterChain.doFilter(ApplicationFilterChain.java:140)
	at org.apache.catalina.core.StandardWrapperValve.invoke(StandardWrapperValve.java:167)
	at org.apache.catalina.core.StandardContextValve.invoke(StandardContextValve.java:90)
	at org.apache.catalina.authenticator.AuthenticatorBase.invoke(AuthenticatorBase.java:483)
	at org.apache.catalina.core.StandardHostValve.invoke(StandardHostValve.java:116)
	at org.apache.catalina.valves.ErrorReportValve.invoke(ErrorReportValve.java:93)
	at org.apache.catalina.core.StandardEngineValve.invoke(StandardEngineValve.java:74)
	at org.apache.catalina.connector.CoyoteAdapter.service(CoyoteAdapter.java:344)
	at org.apache.coyote.http11.Http11Processor.service(Http11Processor.java:398)
	at org.apache.coyote.AbstractProcessorLight.process(AbstractProcessorLight.java:63)
	at org.apache.coyote.AbstractProtocol$ConnectionHandler.process(AbstractProtocol.java:903)
	at org.apache.tomcat.util.net.NioEndpoint$SocketProcessor.doRun(NioEndpoint.java:1769)
	at org.apache.tomcat.util.net.SocketProcessorBase.run(SocketProcessorBase.java:52)
	at org.apache.tomcat.util.threads.ThreadPoolExecutor.runWorker(ThreadPoolExecutor.java:1189)
	at org.apache.tomcat.util.threads.ThreadPoolExecutor$Worker.run(ThreadPoolExecutor.java:658)
	at org.apache.tomcat.util.threads.TaskThread$WrappingRunnable.run(TaskThread.java:63)
	at java.base/java.lang.Thread.run(Thread.java:1447)
2025-08-13 03:13:52 [http-nio-8191-exec-7] WARN  o.s.w.s.m.m.a.ExceptionHandlerExceptionResolver - Resolved [org.intics.hermes.exception.HermesException: 404 Not Found on POST request for "https://intics.elevance.ngrok.dev/alchemy-server/alchemy/api/v2/transaction/create/pipeline/fileUrl/HEALTH_CARE": "{"requestTxnId":"SI-123","status":"Invalid file type: . Only PDF and TIF/TIFF files are allowed.","transactionId":null}"]
2025-08-13 03:14:06 [http-nio-8191-exec-9] INFO  o.i.h.controller.InboundController - Completed processing docTypeBasedRedirect for tenantId=1, documentType=HEALTH_CARE
2025-08-13 03:14:06 [http-nio-8191-exec-9] INFO  o.i.hermes.service.InboundService - docTypeRedirect called with tenantId=1, documentType=HEALTH_CARE, healthPlan=null, channel=test
2025-08-13 03:14:06 [http-nio-8191-exec-9] WARN  o.s.w.s.m.m.a.ExceptionHandlerExceptionResolver - Resolved [java.lang.NullPointerException: Cannot invoke "String.hashCode()" because "<local10>" is null]
2025-08-13 03:14:18 [http-nio-8191-exec-2] INFO  o.i.h.c.InboundShadowController - Completed processing docTypeBasedRedirect for tenantId=1, documentType=HEALTH_CARE
2025-08-13 03:14:18 [http-nio-8191-exec-2] INFO  o.i.hermes.service.InboundService - docTypeRedirect called with tenantId=1, documentType=HEALTH_CARE, healthPlan=PH, channel=test
2025-08-13 03:14:18 [http-nio-8191-exec-2] INFO  o.i.hermes.service.InboundService - Forwarding request to URL: https://intics.elevance.ngrok.dev/alchemy-server/alchemy/api/v2/transaction/create/pipeline/shadow/fileUrl/HEALTH_CARE?tenantId=1&channel=test&documentType=HEALTH_CARE
2025-08-13 03:14:18 [http-nio-8191-exec-2] ERROR o.i.h.e.GlobalExceptionHandler - 400 Bad Request on POST request for "https://intics.elevance.ngrok.dev/alchemy-server/alchemy/api/v2/transaction/create/pipeline/shadow/fileUrl/HEALTH_CARE": "{"payload":{},"responseTimeStamp":"2025-08-12T21:44:18.748950Z","errorCode":400,"status":"Fail","errorMsg":"400 Bad Request: Invalid documentSource has been received in the request body."}"
org.intics.hermes.exception.HermesException: 400 Bad Request on POST request for "https://intics.elevance.ngrok.dev/alchemy-server/alchemy/api/v2/transaction/create/pipeline/shadow/fileUrl/HEALTH_CARE": "{"payload":{},"responseTimeStamp":"2025-08-12T21:44:18.748950Z","errorCode":400,"status":"Fail","errorMsg":"400 Bad Request: Invalid documentSource has been received in the request body."}"
	at org.intics.hermes.service.InboundShadowService.docTypeRedirect(InboundShadowService.java:110)
	at org.intics.hermes.controller.InboundShadowController.docTypeBasedRedirect(InboundShadowController.java:33)
	at java.base/jdk.internal.reflect.DirectMethodHandleAccessor.invoke(DirectMethodHandleAccessor.java:104)
	at java.base/java.lang.reflect.Method.invoke(Method.java:565)
	at org.springframework.web.method.support.InvocableHandlerMethod.doInvoke(InvocableHandlerMethod.java:258)
	at org.springframework.web.method.support.InvocableHandlerMethod.invokeForRequest(InvocableHandlerMethod.java:191)
	at org.springframework.web.servlet.mvc.method.annotation.ServletInvocableHandlerMethod.invokeAndHandle(ServletInvocableHandlerMethod.java:118)
	at org.springframework.web.servlet.mvc.method.annotation.RequestMappingHandlerAdapter.invokeHandlerMethod(RequestMappingHandlerAdapter.java:991)
	at org.springframework.web.servlet.mvc.method.annotation.RequestMappingHandlerAdapter.handleInternal(RequestMappingHandlerAdapter.java:896)
	at org.springframework.web.servlet.mvc.method.AbstractHandlerMethodAdapter.handle(AbstractHandlerMethodAdapter.java:87)
	at org.springframework.web.servlet.DispatcherServlet.doDispatch(DispatcherServlet.java:1089)
	at org.springframework.web.servlet.DispatcherServlet.doService(DispatcherServlet.java:979)
	at org.springframework.web.servlet.FrameworkServlet.processRequest(FrameworkServlet.java:1014)
	at org.springframework.web.servlet.FrameworkServlet.doPost(FrameworkServlet.java:914)
	at jakarta.servlet.http.HttpServlet.service(HttpServlet.java:590)
	at org.springframework.web.servlet.FrameworkServlet.service(FrameworkServlet.java:885)
	at jakarta.servlet.http.HttpServlet.service(HttpServlet.java:658)
	at org.apache.catalina.core.ApplicationFilterChain.internalDoFilter(ApplicationFilterChain.java:195)
	at org.apache.catalina.core.ApplicationFilterChain.doFilter(ApplicationFilterChain.java:140)
	at org.apache.tomcat.websocket.server.WsFilter.doFilter(WsFilter.java:51)
	at org.apache.catalina.core.ApplicationFilterChain.internalDoFilter(ApplicationFilterChain.java:164)
	at org.apache.catalina.core.ApplicationFilterChain.doFilter(ApplicationFilterChain.java:140)
	at org.springframework.web.filter.RequestContextFilter.doFilterInternal(RequestContextFilter.java:100)
	at org.springframework.web.filter.OncePerRequestFilter.doFilter(OncePerRequestFilter.java:116)
	at org.apache.catalina.core.ApplicationFilterChain.internalDoFilter(ApplicationFilterChain.java:164)
	at org.apache.catalina.core.ApplicationFilterChain.doFilter(ApplicationFilterChain.java:140)
	at org.springframework.web.filter.FormContentFilter.doFilterInternal(FormContentFilter.java:93)
	at org.springframework.web.filter.OncePerRequestFilter.doFilter(OncePerRequestFilter.java:116)
	at org.apache.catalina.core.ApplicationFilterChain.internalDoFilter(ApplicationFilterChain.java:164)
	at org.apache.catalina.core.ApplicationFilterChain.doFilter(ApplicationFilterChain.java:140)
	at org.springframework.web.filter.ServerHttpObservationFilter.doFilterInternal(ServerHttpObservationFilter.java:110)
	at org.springframework.web.filter.OncePerRequestFilter.doFilter(OncePerRequestFilter.java:116)
	at org.apache.catalina.core.ApplicationFilterChain.internalDoFilter(ApplicationFilterChain.java:164)
	at org.apache.catalina.core.ApplicationFilterChain.doFilter(ApplicationFilterChain.java:140)
	at org.springframework.web.filter.CharacterEncodingFilter.doFilterInternal(CharacterEncodingFilter.java:201)
	at org.springframework.web.filter.OncePerRequestFilter.doFilter(OncePerRequestFilter.java:116)
	at org.apache.catalina.core.ApplicationFilterChain.internalDoFilter(ApplicationFilterChain.java:164)
	at org.apache.catalina.core.ApplicationFilterChain.doFilter(ApplicationFilterChain.java:140)
	at org.apache.catalina.core.StandardWrapperValve.invoke(StandardWrapperValve.java:167)
	at org.apache.catalina.core.StandardContextValve.invoke(StandardContextValve.java:90)
	at org.apache.catalina.authenticator.AuthenticatorBase.invoke(AuthenticatorBase.java:483)
	at org.apache.catalina.core.StandardHostValve.invoke(StandardHostValve.java:116)
	at org.apache.catalina.valves.ErrorReportValve.invoke(ErrorReportValve.java:93)
	at org.apache.catalina.core.StandardEngineValve.invoke(StandardEngineValve.java:74)
	at org.apache.catalina.connector.CoyoteAdapter.service(CoyoteAdapter.java:344)
	at org.apache.coyote.http11.Http11Processor.service(Http11Processor.java:398)
	at org.apache.coyote.AbstractProcessorLight.process(AbstractProcessorLight.java:63)
	at org.apache.coyote.AbstractProtocol$ConnectionHandler.process(AbstractProtocol.java:903)
	at org.apache.tomcat.util.net.NioEndpoint$SocketProcessor.doRun(NioEndpoint.java:1769)
	at org.apache.tomcat.util.net.SocketProcessorBase.run(SocketProcessorBase.java:52)
	at org.apache.tomcat.util.threads.ThreadPoolExecutor.runWorker(ThreadPoolExecutor.java:1189)
	at org.apache.tomcat.util.threads.ThreadPoolExecutor$Worker.run(ThreadPoolExecutor.java:658)
	at org.apache.tomcat.util.threads.TaskThread$WrappingRunnable.run(TaskThread.java:63)
	at java.base/java.lang.Thread.run(Thread.java:1447)
2025-08-13 03:14:18 [http-nio-8191-exec-2] WARN  o.s.w.s.m.m.a.ExceptionHandlerExceptionResolver - Resolved [org.intics.hermes.exception.HermesException: 400 Bad Request on POST request for "https://intics.elevance.ngrok.dev/alchemy-server/alchemy/api/v2/transaction/create/pipeline/shadow/fileUrl/HEALTH_CARE": "{"payload":{},"responseTimeStamp":"2025-08-12T21:44:18.748950Z","errorCode":400,"status":"Fail","errorMsg":"400 Bad Request: Invalid documentSource has been received in the request body."}"]
2025-08-13 03:14:30 [http-nio-8191-exec-3] INFO  o.i.h.c.InboundShadowController - Completed processing docTypeBasedRedirect for tenantId=1, documentType=HEALTH_CARE
2025-08-13 03:14:30 [http-nio-8191-exec-3] INFO  o.i.hermes.service.InboundService - docTypeRedirect called with tenantId=1, documentType=HEALTH_CARE, healthPlan=P, channel=test
2025-08-13 03:14:30 [http-nio-8191-exec-3] ERROR o.i.h.e.GlobalExceptionHandler - Unsupported health plan: P
org.intics.hermes.exception.HermesException: Unsupported health plan: P
	at org.intics.hermes.service.InboundShadowService.docTypeRedirect(InboundShadowService.java:68)
	at org.intics.hermes.controller.InboundShadowController.docTypeBasedRedirect(InboundShadowController.java:33)
	at java.base/jdk.internal.reflect.DirectMethodHandleAccessor.invoke(DirectMethodHandleAccessor.java:104)
	at java.base/java.lang.reflect.Method.invoke(Method.java:565)
	at org.springframework.web.method.support.InvocableHandlerMethod.doInvoke(InvocableHandlerMethod.java:258)
	at org.springframework.web.method.support.InvocableHandlerMethod.invokeForRequest(InvocableHandlerMethod.java:191)
	at org.springframework.web.servlet.mvc.method.annotation.ServletInvocableHandlerMethod.invokeAndHandle(ServletInvocableHandlerMethod.java:118)
	at org.springframework.web.servlet.mvc.method.annotation.RequestMappingHandlerAdapter.invokeHandlerMethod(RequestMappingHandlerAdapter.java:991)
	at org.springframework.web.servlet.mvc.method.annotation.RequestMappingHandlerAdapter.handleInternal(RequestMappingHandlerAdapter.java:896)
	at org.springframework.web.servlet.mvc.method.AbstractHandlerMethodAdapter.handle(AbstractHandlerMethodAdapter.java:87)
	at org.springframework.web.servlet.DispatcherServlet.doDispatch(DispatcherServlet.java:1089)
	at org.springframework.web.servlet.DispatcherServlet.doService(DispatcherServlet.java:979)
	at org.springframework.web.servlet.FrameworkServlet.processRequest(FrameworkServlet.java:1014)
	at org.springframework.web.servlet.FrameworkServlet.doPost(FrameworkServlet.java:914)
	at jakarta.servlet.http.HttpServlet.service(HttpServlet.java:590)
	at org.springframework.web.servlet.FrameworkServlet.service(FrameworkServlet.java:885)
	at jakarta.servlet.http.HttpServlet.service(HttpServlet.java:658)
	at org.apache.catalina.core.ApplicationFilterChain.internalDoFilter(ApplicationFilterChain.java:195)
	at org.apache.catalina.core.ApplicationFilterChain.doFilter(ApplicationFilterChain.java:140)
	at org.apache.tomcat.websocket.server.WsFilter.doFilter(WsFilter.java:51)
	at org.apache.catalina.core.ApplicationFilterChain.internalDoFilter(ApplicationFilterChain.java:164)
	at org.apache.catalina.core.ApplicationFilterChain.doFilter(ApplicationFilterChain.java:140)
	at org.springframework.web.filter.RequestContextFilter.doFilterInternal(RequestContextFilter.java:100)
	at org.springframework.web.filter.OncePerRequestFilter.doFilter(OncePerRequestFilter.java:116)
	at org.apache.catalina.core.ApplicationFilterChain.internalDoFilter(ApplicationFilterChain.java:164)
	at org.apache.catalina.core.ApplicationFilterChain.doFilter(ApplicationFilterChain.java:140)
	at org.springframework.web.filter.FormContentFilter.doFilterInternal(FormContentFilter.java:93)
	at org.springframework.web.filter.OncePerRequestFilter.doFilter(OncePerRequestFilter.java:116)
	at org.apache.catalina.core.ApplicationFilterChain.internalDoFilter(ApplicationFilterChain.java:164)
	at org.apache.catalina.core.ApplicationFilterChain.doFilter(ApplicationFilterChain.java:140)
	at org.springframework.web.filter.ServerHttpObservationFilter.doFilterInternal(ServerHttpObservationFilter.java:110)
	at org.springframework.web.filter.OncePerRequestFilter.doFilter(OncePerRequestFilter.java:116)
	at org.apache.catalina.core.ApplicationFilterChain.internalDoFilter(ApplicationFilterChain.java:164)
	at org.apache.catalina.core.ApplicationFilterChain.doFilter(ApplicationFilterChain.java:140)
	at org.springframework.web.filter.CharacterEncodingFilter.doFilterInternal(CharacterEncodingFilter.java:201)
	at org.springframework.web.filter.OncePerRequestFilter.doFilter(OncePerRequestFilter.java:116)
	at org.apache.catalina.core.ApplicationFilterChain.internalDoFilter(ApplicationFilterChain.java:164)
	at org.apache.catalina.core.ApplicationFilterChain.doFilter(ApplicationFilterChain.java:140)
	at org.apache.catalina.core.StandardWrapperValve.invoke(StandardWrapperValve.java:167)
	at org.apache.catalina.core.StandardContextValve.invoke(StandardContextValve.java:90)
	at org.apache.catalina.authenticator.AuthenticatorBase.invoke(AuthenticatorBase.java:483)
	at org.apache.catalina.core.StandardHostValve.invoke(StandardHostValve.java:116)
	at org.apache.catalina.valves.ErrorReportValve.invoke(ErrorReportValve.java:93)
	at org.apache.catalina.core.StandardEngineValve.invoke(StandardEngineValve.java:74)
	at org.apache.catalina.connector.CoyoteAdapter.service(CoyoteAdapter.java:344)
	at org.apache.coyote.http11.Http11Processor.service(Http11Processor.java:398)
	at org.apache.coyote.AbstractProcessorLight.process(AbstractProcessorLight.java:63)
	at org.apache.coyote.AbstractProtocol$ConnectionHandler.process(AbstractProtocol.java:903)
	at org.apache.tomcat.util.net.NioEndpoint$SocketProcessor.doRun(NioEndpoint.java:1769)
	at org.apache.tomcat.util.net.SocketProcessorBase.run(SocketProcessorBase.java:52)
	at org.apache.tomcat.util.threads.ThreadPoolExecutor.runWorker(ThreadPoolExecutor.java:1189)
	at org.apache.tomcat.util.threads.ThreadPoolExecutor$Worker.run(ThreadPoolExecutor.java:658)
	at org.apache.tomcat.util.threads.TaskThread$WrappingRunnable.run(TaskThread.java:63)
	at java.base/java.lang.Thread.run(Thread.java:1447)
2025-08-13 03:14:30 [http-nio-8191-exec-3] WARN  o.s.w.s.m.m.a.ExceptionHandlerExceptionResolver - Resolved [org.intics.hermes.exception.HermesException: Unsupported health plan: P]
2025-08-13 03:14:42 [http-nio-8191-exec-5] INFO  o.i.h.c.InboundShadowController - Completed processing docTypeBasedRedirect for tenantId=1, documentType=HEALTH_CARE
2025-08-13 03:14:42 [http-nio-8191-exec-5] INFO  o.i.hermes.service.InboundService - docTypeRedirect called with tenantId=1, documentType=HEALTH_CARE, healthPlan=BH, channel=test
2025-08-13 03:14:42 [http-nio-8191-exec-5] INFO  o.i.hermes.service.InboundService - Forwarding request to URL: https://agentic.intics.ai/alchemy-server/alchemy/api/v2/transaction/create/pipeline/shadow/fileUrl/HEALTH_CARE?tenantId=1&channel=test&documentType=HEALTH_CARE
2025-08-13 03:14:43 [http-nio-8191-exec-5] INFO  o.i.hermes.service.InboundService - Response body received {"requestTxnId":"SI-123","status":"REQUEST_RECEIVED","transactionId":"ITX-3124"}
2025-08-13 03:14:43 [http-nio-8191-exec-5] INFO  o.i.hermes.service.InboundService - Response received with status code: 200 OK
2025-08-13 03:14:52 [http-nio-8191-exec-6] INFO  o.i.h.c.InboundShadowController - Completed processing docTypeBasedRedirect for tenantId=1, documentType=HEALTH_CARE
2025-08-13 03:14:52 [http-nio-8191-exec-6] INFO  o.i.hermes.service.InboundService - docTypeRedirect called with tenantId=1, documentType=HEALTH_CARE, healthPlan=BH, channel=test
2025-08-13 03:14:52 [http-nio-8191-exec-6] INFO  o.i.hermes.service.InboundService - Forwarding request to URL: https://agentic.intics.ai/alchemy-server/alchemy/api/v2/transaction/create/pipeline/shadow/fileUrl/HEALTH_CARE?tenantId=1&channel=test&documentType=HEALTH_CARE
2025-08-13 03:14:52 [http-nio-8191-exec-6] ERROR o.i.h.e.GlobalExceptionHandler - 400 Bad Request on POST request for "https://agentic.intics.ai/alchemy-server/alchemy/api/v2/transaction/create/pipeline/shadow/fileUrl/HEALTH_CARE": "{"payload":{},"responseTimeStamp":"2025-08-12T21:44:52.459630Z","errorCode":400,"status":"Fail","errorMsg":"400 Bad Request: Invalid documentSource has been received in the request body."}"
org.intics.hermes.exception.HermesException: 400 Bad Request on POST request for "https://agentic.intics.ai/alchemy-server/alchemy/api/v2/transaction/create/pipeline/shadow/fileUrl/HEALTH_CARE": "{"payload":{},"responseTimeStamp":"2025-08-12T21:44:52.459630Z","errorCode":400,"status":"Fail","errorMsg":"400 Bad Request: Invalid documentSource has been received in the request body."}"
	at org.intics.hermes.service.InboundShadowService.docTypeRedirect(InboundShadowService.java:110)
	at org.intics.hermes.controller.InboundShadowController.docTypeBasedRedirect(InboundShadowController.java:33)
	at java.base/jdk.internal.reflect.DirectMethodHandleAccessor.invoke(DirectMethodHandleAccessor.java:104)
	at java.base/java.lang.reflect.Method.invoke(Method.java:565)
	at org.springframework.web.method.support.InvocableHandlerMethod.doInvoke(InvocableHandlerMethod.java:258)
	at org.springframework.web.method.support.InvocableHandlerMethod.invokeForRequest(InvocableHandlerMethod.java:191)
	at org.springframework.web.servlet.mvc.method.annotation.ServletInvocableHandlerMethod.invokeAndHandle(ServletInvocableHandlerMethod.java:118)
	at org.springframework.web.servlet.mvc.method.annotation.RequestMappingHandlerAdapter.invokeHandlerMethod(RequestMappingHandlerAdapter.java:991)
	at org.springframework.web.servlet.mvc.method.annotation.RequestMappingHandlerAdapter.handleInternal(RequestMappingHandlerAdapter.java:896)
	at org.springframework.web.servlet.mvc.method.AbstractHandlerMethodAdapter.handle(AbstractHandlerMethodAdapter.java:87)
	at org.springframework.web.servlet.DispatcherServlet.doDispatch(DispatcherServlet.java:1089)
	at org.springframework.web.servlet.DispatcherServlet.doService(DispatcherServlet.java:979)
	at org.springframework.web.servlet.FrameworkServlet.processRequest(FrameworkServlet.java:1014)
	at org.springframework.web.servlet.FrameworkServlet.doPost(FrameworkServlet.java:914)
	at jakarta.servlet.http.HttpServlet.service(HttpServlet.java:590)
	at org.springframework.web.servlet.FrameworkServlet.service(FrameworkServlet.java:885)
	at jakarta.servlet.http.HttpServlet.service(HttpServlet.java:658)
	at org.apache.catalina.core.ApplicationFilterChain.internalDoFilter(ApplicationFilterChain.java:195)
	at org.apache.catalina.core.ApplicationFilterChain.doFilter(ApplicationFilterChain.java:140)
	at org.apache.tomcat.websocket.server.WsFilter.doFilter(WsFilter.java:51)
	at org.apache.catalina.core.ApplicationFilterChain.internalDoFilter(ApplicationFilterChain.java:164)
	at org.apache.catalina.core.ApplicationFilterChain.doFilter(ApplicationFilterChain.java:140)
	at org.springframework.web.filter.RequestContextFilter.doFilterInternal(RequestContextFilter.java:100)
	at org.springframework.web.filter.OncePerRequestFilter.doFilter(OncePerRequestFilter.java:116)
	at org.apache.catalina.core.ApplicationFilterChain.internalDoFilter(ApplicationFilterChain.java:164)
	at org.apache.catalina.core.ApplicationFilterChain.doFilter(ApplicationFilterChain.java:140)
	at org.springframework.web.filter.FormContentFilter.doFilterInternal(FormContentFilter.java:93)
	at org.springframework.web.filter.OncePerRequestFilter.doFilter(OncePerRequestFilter.java:116)
	at org.apache.catalina.core.ApplicationFilterChain.internalDoFilter(ApplicationFilterChain.java:164)
	at org.apache.catalina.core.ApplicationFilterChain.doFilter(ApplicationFilterChain.java:140)
	at org.springframework.web.filter.ServerHttpObservationFilter.doFilterInternal(ServerHttpObservationFilter.java:110)
	at org.springframework.web.filter.OncePerRequestFilter.doFilter(OncePerRequestFilter.java:116)
	at org.apache.catalina.core.ApplicationFilterChain.internalDoFilter(ApplicationFilterChain.java:164)
	at org.apache.catalina.core.ApplicationFilterChain.doFilter(ApplicationFilterChain.java:140)
	at org.springframework.web.filter.CharacterEncodingFilter.doFilterInternal(CharacterEncodingFilter.java:201)
	at org.springframework.web.filter.OncePerRequestFilter.doFilter(OncePerRequestFilter.java:116)
	at org.apache.catalina.core.ApplicationFilterChain.internalDoFilter(ApplicationFilterChain.java:164)
	at org.apache.catalina.core.ApplicationFilterChain.doFilter(ApplicationFilterChain.java:140)
	at org.apache.catalina.core.StandardWrapperValve.invoke(StandardWrapperValve.java:167)
	at org.apache.catalina.core.StandardContextValve.invoke(StandardContextValve.java:90)
	at org.apache.catalina.authenticator.AuthenticatorBase.invoke(AuthenticatorBase.java:483)
	at org.apache.catalina.core.StandardHostValve.invoke(StandardHostValve.java:116)
	at org.apache.catalina.valves.ErrorReportValve.invoke(ErrorReportValve.java:93)
	at org.apache.catalina.core.StandardEngineValve.invoke(StandardEngineValve.java:74)
	at org.apache.catalina.connector.CoyoteAdapter.service(CoyoteAdapter.java:344)
	at org.apache.coyote.http11.Http11Processor.service(Http11Processor.java:398)
	at org.apache.coyote.AbstractProcessorLight.process(AbstractProcessorLight.java:63)
	at org.apache.coyote.AbstractProtocol$ConnectionHandler.process(AbstractProtocol.java:903)
	at org.apache.tomcat.util.net.NioEndpoint$SocketProcessor.doRun(NioEndpoint.java:1769)
	at org.apache.tomcat.util.net.SocketProcessorBase.run(SocketProcessorBase.java:52)
	at org.apache.tomcat.util.threads.ThreadPoolExecutor.runWorker(ThreadPoolExecutor.java:1189)
	at org.apache.tomcat.util.threads.ThreadPoolExecutor$Worker.run(ThreadPoolExecutor.java:658)
	at org.apache.tomcat.util.threads.TaskThread$WrappingRunnable.run(TaskThread.java:63)
	at java.base/java.lang.Thread.run(Thread.java:1447)
2025-08-13 03:14:52 [http-nio-8191-exec-6] WARN  o.s.w.s.m.m.a.ExceptionHandlerExceptionResolver - Resolved [org.intics.hermes.exception.HermesException: 400 Bad Request on POST request for "https://agentic.intics.ai/alchemy-server/alchemy/api/v2/transaction/create/pipeline/shadow/fileUrl/HEALTH_CARE": "{"payload":{},"responseTimeStamp":"2025-08-12T21:44:52.459630Z","errorCode":400,"status":"Fail","errorMsg":"400 Bad Request: Invalid documentSource has been received in the request body."}"]
2025-08-13 03:15:05 [http-nio-8191-exec-7] WARN  o.s.w.s.m.s.DefaultHandlerExceptionResolver - Resolved [org.springframework.web.bind.MissingRequestHeaderException: Required request header 'Authorization' for method parameter type String is not present]
2025-08-13 03:15:13 [http-nio-8191-exec-9] INFO  o.i.h.c.InboundShadowController - Completed processing docTypeBasedRedirect for tenantId=1, documentType=HEALTH_CARE
2025-08-13 03:15:13 [http-nio-8191-exec-9] INFO  o.i.hermes.service.InboundService - docTypeRedirect called with tenantId=1, documentType=HEALTH_CARE, healthPlan=BH, channel=test
2025-08-13 03:15:13 [http-nio-8191-exec-9] INFO  o.i.hermes.service.InboundService - Forwarding request to URL: https://agentic.intics.ai/alchemy-server/alchemy/api/v2/transaction/create/pipeline/shadow/fileUrl/HEALTH_CARE?tenantId=1&channel=test&documentType=HEALTH_CARE
2025-08-13 03:15:14 [http-nio-8191-exec-9] INFO  o.i.hermes.service.InboundService - Response body received {"requestTxnId":"SI-123","status":"REQUEST_RECEIVED","transactionId":"ITX-3125"}
2025-08-13 03:15:14 [http-nio-8191-exec-9] INFO  o.i.hermes.service.InboundService - Response received with status code: 200 OK
2025-08-13 03:15:17 [http-nio-8191-exec-2] INFO  o.i.h.c.InboundShadowController - Completed processing docTypeBasedRedirect for tenantId=1, documentType=HEALTH_CARE
2025-08-13 03:15:17 [http-nio-8191-exec-2] INFO  o.i.hermes.service.InboundService - docTypeRedirect called with tenantId=1, documentType=HEALTH_CARE, healthPlan=BH, channel=test
2025-08-13 03:15:17 [http-nio-8191-exec-2] INFO  o.i.hermes.service.InboundService - Forwarding request to URL: https://agentic.intics.ai/alchemy-server/alchemy/api/v2/transaction/create/pipeline/shadow/fileUrl/HEALTH_CARE?tenantId=1&channel=test&documentType=HEALTH_CARE
2025-08-13 03:15:18 [http-nio-8191-exec-2] ERROR o.i.h.e.GlobalExceptionHandler - 401 Unauthorized on POST request for "https://agentic.intics.ai/alchemy-server/alchemy/api/v2/transaction/create/pipeline/shadow/fileUrl/HEALTH_CARE": [no body]
org.intics.hermes.exception.HermesException: 401 Unauthorized on POST request for "https://agentic.intics.ai/alchemy-server/alchemy/api/v2/transaction/create/pipeline/shadow/fileUrl/HEALTH_CARE": [no body]
	at org.intics.hermes.service.InboundShadowService.docTypeRedirect(InboundShadowService.java:110)
	at org.intics.hermes.controller.InboundShadowController.docTypeBasedRedirect(InboundShadowController.java:33)
	at java.base/jdk.internal.reflect.DirectMethodHandleAccessor.invoke(DirectMethodHandleAccessor.java:104)
	at java.base/java.lang.reflect.Method.invoke(Method.java:565)
	at org.springframework.web.method.support.InvocableHandlerMethod.doInvoke(InvocableHandlerMethod.java:258)
	at org.springframework.web.method.support.InvocableHandlerMethod.invokeForRequest(InvocableHandlerMethod.java:191)
	at org.springframework.web.servlet.mvc.method.annotation.ServletInvocableHandlerMethod.invokeAndHandle(ServletInvocableHandlerMethod.java:118)
	at org.springframework.web.servlet.mvc.method.annotation.RequestMappingHandlerAdapter.invokeHandlerMethod(RequestMappingHandlerAdapter.java:991)
	at org.springframework.web.servlet.mvc.method.annotation.RequestMappingHandlerAdapter.handleInternal(RequestMappingHandlerAdapter.java:896)
	at org.springframework.web.servlet.mvc.method.AbstractHandlerMethodAdapter.handle(AbstractHandlerMethodAdapter.java:87)
	at org.springframework.web.servlet.DispatcherServlet.doDispatch(DispatcherServlet.java:1089)
	at org.springframework.web.servlet.DispatcherServlet.doService(DispatcherServlet.java:979)
	at org.springframework.web.servlet.FrameworkServlet.processRequest(FrameworkServlet.java:1014)
	at org.springframework.web.servlet.FrameworkServlet.doPost(FrameworkServlet.java:914)
	at jakarta.servlet.http.HttpServlet.service(HttpServlet.java:590)
	at org.springframework.web.servlet.FrameworkServlet.service(FrameworkServlet.java:885)
	at jakarta.servlet.http.HttpServlet.service(HttpServlet.java:658)
	at org.apache.catalina.core.ApplicationFilterChain.internalDoFilter(ApplicationFilterChain.java:195)
	at org.apache.catalina.core.ApplicationFilterChain.doFilter(ApplicationFilterChain.java:140)
	at org.apache.tomcat.websocket.server.WsFilter.doFilter(WsFilter.java:51)
	at org.apache.catalina.core.ApplicationFilterChain.internalDoFilter(ApplicationFilterChain.java:164)
	at org.apache.catalina.core.ApplicationFilterChain.doFilter(ApplicationFilterChain.java:140)
	at org.springframework.web.filter.RequestContextFilter.doFilterInternal(RequestContextFilter.java:100)
	at org.springframework.web.filter.OncePerRequestFilter.doFilter(OncePerRequestFilter.java:116)
	at org.apache.catalina.core.ApplicationFilterChain.internalDoFilter(ApplicationFilterChain.java:164)
	at org.apache.catalina.core.ApplicationFilterChain.doFilter(ApplicationFilterChain.java:140)
	at org.springframework.web.filter.FormContentFilter.doFilterInternal(FormContentFilter.java:93)
	at org.springframework.web.filter.OncePerRequestFilter.doFilter(OncePerRequestFilter.java:116)
	at org.apache.catalina.core.ApplicationFilterChain.internalDoFilter(ApplicationFilterChain.java:164)
	at org.apache.catalina.core.ApplicationFilterChain.doFilter(ApplicationFilterChain.java:140)
	at org.springframework.web.filter.ServerHttpObservationFilter.doFilterInternal(ServerHttpObservationFilter.java:110)
	at org.springframework.web.filter.OncePerRequestFilter.doFilter(OncePerRequestFilter.java:116)
	at org.apache.catalina.core.ApplicationFilterChain.internalDoFilter(ApplicationFilterChain.java:164)
	at org.apache.catalina.core.ApplicationFilterChain.doFilter(ApplicationFilterChain.java:140)
	at org.springframework.web.filter.CharacterEncodingFilter.doFilterInternal(CharacterEncodingFilter.java:201)
	at org.springframework.web.filter.OncePerRequestFilter.doFilter(OncePerRequestFilter.java:116)
	at org.apache.catalina.core.ApplicationFilterChain.internalDoFilter(ApplicationFilterChain.java:164)
	at org.apache.catalina.core.ApplicationFilterChain.doFilter(ApplicationFilterChain.java:140)
	at org.apache.catalina.core.StandardWrapperValve.invoke(StandardWrapperValve.java:167)
	at org.apache.catalina.core.StandardContextValve.invoke(StandardContextValve.java:90)
	at org.apache.catalina.authenticator.AuthenticatorBase.invoke(AuthenticatorBase.java:483)
	at org.apache.catalina.core.StandardHostValve.invoke(StandardHostValve.java:116)
	at org.apache.catalina.valves.ErrorReportValve.invoke(ErrorReportValve.java:93)
	at org.apache.catalina.core.StandardEngineValve.invoke(StandardEngineValve.java:74)
	at org.apache.catalina.connector.CoyoteAdapter.service(CoyoteAdapter.java:344)
	at org.apache.coyote.http11.Http11Processor.service(Http11Processor.java:398)
	at org.apache.coyote.AbstractProcessorLight.process(AbstractProcessorLight.java:63)
	at org.apache.coyote.AbstractProtocol$ConnectionHandler.process(AbstractProtocol.java:903)
	at org.apache.tomcat.util.net.NioEndpoint$SocketProcessor.doRun(NioEndpoint.java:1769)
	at org.apache.tomcat.util.net.SocketProcessorBase.run(SocketProcessorBase.java:52)
	at org.apache.tomcat.util.threads.ThreadPoolExecutor.runWorker(ThreadPoolExecutor.java:1189)
	at org.apache.tomcat.util.threads.ThreadPoolExecutor$Worker.run(ThreadPoolExecutor.java:658)
	at org.apache.tomcat.util.threads.TaskThread$WrappingRunnable.run(TaskThread.java:63)
	at java.base/java.lang.Thread.run(Thread.java:1447)
2025-08-13 03:15:18 [http-nio-8191-exec-2] WARN  o.s.w.s.m.m.a.ExceptionHandlerExceptionResolver - Resolved [org.intics.hermes.exception.HermesException: 401 Unauthorized on POST request for "https://agentic.intics.ai/alchemy-server/alchemy/api/v2/transaction/create/pipeline/shadow/fileUrl/HEALTH_CARE": [no body]]
2025-08-13 03:15:38 [http-nio-8191-exec-1] INFO  o.i.h.c.InboundShadowController - Completed processing docTypeBasedRedirect for tenantId=1, documentType=HEALTH_CARE
2025-08-13 03:15:38 [http-nio-8191-exec-1] INFO  o.i.hermes.service.InboundService - docTypeRedirect called with tenantId=1, documentType=HEALTH_CARE, healthPlan=BH, channel=test
2025-08-13 03:15:38 [http-nio-8191-exec-1] INFO  o.i.hermes.service.InboundService - Forwarding request to URL: https://agentic.intics.ai/alchemy-server/alchemy/api/v2/transaction/create/pipeline/shadow/fileUrl/HEALTH_CARE?tenantId=1&channel=test&documentType=HEALTH_CARE
2025-08-13 03:15:38 [http-nio-8191-exec-1] ERROR o.i.h.e.GlobalExceptionHandler - 401 Unauthorized on POST request for "https://agentic.intics.ai/alchemy-server/alchemy/api/v2/transaction/create/pipeline/shadow/fileUrl/HEALTH_CARE": [no body]
org.intics.hermes.exception.HermesException: 401 Unauthorized on POST request for "https://agentic.intics.ai/alchemy-server/alchemy/api/v2/transaction/create/pipeline/shadow/fileUrl/HEALTH_CARE": [no body]
	at org.intics.hermes.service.InboundShadowService.docTypeRedirect(InboundShadowService.java:110)
	at org.intics.hermes.controller.InboundShadowController.docTypeBasedRedirect(InboundShadowController.java:33)
	at java.base/jdk.internal.reflect.DirectMethodHandleAccessor.invoke(DirectMethodHandleAccessor.java:104)
	at java.base/java.lang.reflect.Method.invoke(Method.java:565)
	at org.springframework.web.method.support.InvocableHandlerMethod.doInvoke(InvocableHandlerMethod.java:258)
	at org.springframework.web.method.support.InvocableHandlerMethod.invokeForRequest(InvocableHandlerMethod.java:191)
	at org.springframework.web.servlet.mvc.method.annotation.ServletInvocableHandlerMethod.invokeAndHandle(ServletInvocableHandlerMethod.java:118)
	at org.springframework.web.servlet.mvc.method.annotation.RequestMappingHandlerAdapter.invokeHandlerMethod(RequestMappingHandlerAdapter.java:991)
	at org.springframework.web.servlet.mvc.method.annotation.RequestMappingHandlerAdapter.handleInternal(RequestMappingHandlerAdapter.java:896)
	at org.springframework.web.servlet.mvc.method.AbstractHandlerMethodAdapter.handle(AbstractHandlerMethodAdapter.java:87)
	at org.springframework.web.servlet.DispatcherServlet.doDispatch(DispatcherServlet.java:1089)
	at org.springframework.web.servlet.DispatcherServlet.doService(DispatcherServlet.java:979)
	at org.springframework.web.servlet.FrameworkServlet.processRequest(FrameworkServlet.java:1014)
	at org.springframework.web.servlet.FrameworkServlet.doPost(FrameworkServlet.java:914)
	at jakarta.servlet.http.HttpServlet.service(HttpServlet.java:590)
	at org.springframework.web.servlet.FrameworkServlet.service(FrameworkServlet.java:885)
	at jakarta.servlet.http.HttpServlet.service(HttpServlet.java:658)
	at org.apache.catalina.core.ApplicationFilterChain.internalDoFilter(ApplicationFilterChain.java:195)
	at org.apache.catalina.core.ApplicationFilterChain.doFilter(ApplicationFilterChain.java:140)
	at org.apache.tomcat.websocket.server.WsFilter.doFilter(WsFilter.java:51)
	at org.apache.catalina.core.ApplicationFilterChain.internalDoFilter(ApplicationFilterChain.java:164)
	at org.apache.catalina.core.ApplicationFilterChain.doFilter(ApplicationFilterChain.java:140)
	at org.springframework.web.filter.RequestContextFilter.doFilterInternal(RequestContextFilter.java:100)
	at org.springframework.web.filter.OncePerRequestFilter.doFilter(OncePerRequestFilter.java:116)
	at org.apache.catalina.core.ApplicationFilterChain.internalDoFilter(ApplicationFilterChain.java:164)
	at org.apache.catalina.core.ApplicationFilterChain.doFilter(ApplicationFilterChain.java:140)
	at org.springframework.web.filter.FormContentFilter.doFilterInternal(FormContentFilter.java:93)
	at org.springframework.web.filter.OncePerRequestFilter.doFilter(OncePerRequestFilter.java:116)
	at org.apache.catalina.core.ApplicationFilterChain.internalDoFilter(ApplicationFilterChain.java:164)
	at org.apache.catalina.core.ApplicationFilterChain.doFilter(ApplicationFilterChain.java:140)
	at org.springframework.web.filter.ServerHttpObservationFilter.doFilterInternal(ServerHttpObservationFilter.java:110)
	at org.springframework.web.filter.OncePerRequestFilter.doFilter(OncePerRequestFilter.java:116)
	at org.apache.catalina.core.ApplicationFilterChain.internalDoFilter(ApplicationFilterChain.java:164)
	at org.apache.catalina.core.ApplicationFilterChain.doFilter(ApplicationFilterChain.java:140)
	at org.springframework.web.filter.CharacterEncodingFilter.doFilterInternal(CharacterEncodingFilter.java:201)
	at org.springframework.web.filter.OncePerRequestFilter.doFilter(OncePerRequestFilter.java:116)
	at org.apache.catalina.core.ApplicationFilterChain.internalDoFilter(ApplicationFilterChain.java:164)
	at org.apache.catalina.core.ApplicationFilterChain.doFilter(ApplicationFilterChain.java:140)
	at org.apache.catalina.core.StandardWrapperValve.invoke(StandardWrapperValve.java:167)
	at org.apache.catalina.core.StandardContextValve.invoke(StandardContextValve.java:90)
	at org.apache.catalina.authenticator.AuthenticatorBase.invoke(AuthenticatorBase.java:483)
	at org.apache.catalina.core.StandardHostValve.invoke(StandardHostValve.java:116)
	at org.apache.catalina.valves.ErrorReportValve.invoke(ErrorReportValve.java:93)
	at org.apache.catalina.core.StandardEngineValve.invoke(StandardEngineValve.java:74)
	at org.apache.catalina.connector.CoyoteAdapter.service(CoyoteAdapter.java:344)
	at org.apache.coyote.http11.Http11Processor.service(Http11Processor.java:398)
	at org.apache.coyote.AbstractProcessorLight.process(AbstractProcessorLight.java:63)
	at org.apache.coyote.AbstractProtocol$ConnectionHandler.process(AbstractProtocol.java:903)
	at org.apache.tomcat.util.net.NioEndpoint$SocketProcessor.doRun(NioEndpoint.java:1769)
	at org.apache.tomcat.util.net.SocketProcessorBase.run(SocketProcessorBase.java:52)
	at org.apache.tomcat.util.threads.ThreadPoolExecutor.runWorker(ThreadPoolExecutor.java:1189)
	at org.apache.tomcat.util.threads.ThreadPoolExecutor$Worker.run(ThreadPoolExecutor.java:658)
	at org.apache.tomcat.util.threads.TaskThread$WrappingRunnable.run(TaskThread.java:63)
	at java.base/java.lang.Thread.run(Thread.java:1447)
2025-08-13 03:15:38 [http-nio-8191-exec-1] WARN  o.s.w.s.m.m.a.ExceptionHandlerExceptionResolver - Resolved [org.intics.hermes.exception.HermesException: 401 Unauthorized on POST request for "https://agentic.intics.ai/alchemy-server/alchemy/api/v2/transaction/create/pipeline/shadow/fileUrl/HEALTH_CARE": [no body]]
2025-08-13 03:15:44 [http-nio-8191-exec-3] WARN  o.s.w.s.m.s.DefaultHandlerExceptionResolver - Resolved [org.springframework.web.bind.MethodArgumentNotValidException: Validation failed for argument [0] in public org.springframework.http.ResponseEntity<org.intics.hermes.dto.ResponseStatusPayload<org.intics.hermes.dto.CurrentUser>> org.intics.hermes.controller.AuthController.loginRedirect(org.intics.hermes.dto.LoginRequest,java.lang.String): [Field error in object 'loginRequest' on field 'username': rejected value [null]; codes [NotEmpty.loginRequest.username,NotEmpty.username,NotEmpty.java.lang.String,NotEmpty]; arguments [org.springframework.context.support.DefaultMessageSourceResolvable: codes [loginRequest.username,username]; arguments []; default message [username]]; default message [must not be empty]] ]
2025-08-13 03:15:48 [http-nio-8191-exec-5] INFO  o.i.hermes.controller.AuthController - Login response success for username
2025-08-13 03:15:48 [http-nio-8191-exec-5] INFO  o.intics.hermes.service.AuthService - loginRedirect called with loginSource=PH, username=SmartIntake
2025-08-13 03:15:48 [http-nio-8191-exec-5] INFO  o.intics.hermes.service.AuthService - Forwarding login request to: https://intics.elevance.ngrok.dev/alchemy-server/alchemy/api/v2/auth/login
2025-08-13 03:15:59 [http-nio-8191-exec-6] INFO  o.i.h.c.InboundShadowController - Completed processing docTypeBasedRedirect for tenantId=1, documentType=HEALTH_CARE
2025-08-13 03:15:59 [http-nio-8191-exec-6] INFO  o.i.hermes.service.InboundService - docTypeRedirect called with tenantId=1, documentType=HEALTH_CARE, healthPlan=BH, channel=test
2025-08-13 03:15:59 [http-nio-8191-exec-6] INFO  o.i.hermes.service.InboundService - Forwarding request to URL: https://agentic.intics.ai/alchemy-server/alchemy/api/v2/transaction/create/pipeline/shadow/fileUrl/HEALTH_CARE?tenantId=1&channel=test&documentType=HEALTH_CARE
2025-08-13 03:16:00 [http-nio-8191-exec-6] INFO  o.i.hermes.service.InboundService - Response body received {"requestTxnId":"SI-123","status":"REQUEST_RECEIVED","transactionId":"ITX-3126"}
2025-08-13 03:16:00 [http-nio-8191-exec-6] INFO  o.i.hermes.service.InboundService - Response received with status code: 200 OK
2025-08-13 03:19:11 [SpringApplicationShutdownHook] INFO  o.s.b.w.e.tomcat.GracefulShutdown - Commencing graceful shutdown. Waiting for active requests to complete
2025-08-13 03:19:11 [tomcat-shutdown] INFO  o.s.b.w.e.tomcat.GracefulShutdown - Graceful shutdown complete
2025-08-13 03:19:13 [background-preinit] INFO  o.h.validator.internal.util.Version - HV000001: Hibernate Validator 8.0.2.Final
2025-08-13 03:19:13 [restartedMain] INFO  org.intics.hermes.HermesApplication - Starting HermesApplication using Java 24.0.1 with PID 23476 (/home/roobadharani.deva@zucisystems.com/build/hermes/target/classes started by roobadharani.deva@zucisystems.com in /home/roobadharani.deva@zucisystems.com/build/hermes)
2025-08-13 03:19:13 [restartedMain] INFO  org.intics.hermes.HermesApplication - No active profile set, falling back to 1 default profile: "default"
2025-08-13 03:19:13 [restartedMain] INFO  o.s.b.d.e.DevToolsPropertyDefaultsPostProcessor - Devtools property defaults active! Set 'spring.devtools.add-properties' to 'false' to disable
2025-08-13 03:19:13 [restartedMain] INFO  o.s.b.d.e.DevToolsPropertyDefaultsPostProcessor - For additional web related logging consider setting the 'logging.level.web' property to 'DEBUG'
2025-08-13 03:19:14 [restartedMain] INFO  o.s.b.w.e.tomcat.TomcatWebServer - Tomcat initialized with port 8191 (http)
2025-08-13 03:19:14 [restartedMain] INFO  o.a.coyote.http11.Http11NioProtocol - Initializing ProtocolHandler ["http-nio-8191"]
2025-08-13 03:19:14 [restartedMain] INFO  o.a.catalina.core.StandardService - Starting service [Tomcat]
2025-08-13 03:19:14 [restartedMain] INFO  o.a.catalina.core.StandardEngine - Starting Servlet engine: [Apache Tomcat/10.1.43]
2025-08-13 03:19:14 [restartedMain] INFO  o.a.c.c.C.[.[localhost].[/hermes] - Initializing Spring embedded WebApplicationContext
2025-08-13 03:19:14 [restartedMain] INFO  o.s.b.w.s.c.ServletWebServerApplicationContext - Root WebApplicationContext: initialization completed in 1113 ms
2025-08-13 03:19:15 [restartedMain] INFO  o.s.b.d.a.OptionalLiveReloadServer - LiveReload server is running on port 35729
2025-08-13 03:19:15 [restartedMain] INFO  o.s.b.a.e.web.EndpointLinksResolver - Exposing 1 endpoint beneath base path '/actuator'
2025-08-13 03:19:15 [restartedMain] INFO  o.a.coyote.http11.Http11NioProtocol - Starting ProtocolHandler ["http-nio-8191"]
2025-08-13 03:19:15 [restartedMain] INFO  o.s.b.w.e.tomcat.TomcatWebServer - Tomcat started on port 8191 (http) with context path '/hermes'
2025-08-13 03:19:15 [restartedMain] INFO  org.intics.hermes.HermesApplication - Started HermesApplication in 2.196 seconds (process running for 2.794)
2025-08-13 03:21:45 [SpringApplicationShutdownHook] INFO  o.s.b.w.e.tomcat.GracefulShutdown - Commencing graceful shutdown. Waiting for active requests to complete
2025-08-13 03:21:46 [tomcat-shutdown] INFO  o.s.b.w.e.tomcat.GracefulShutdown - Graceful shutdown complete
2025-08-13 03:21:49 [background-preinit] INFO  o.h.validator.internal.util.Version - HV000001: Hibernate Validator 8.0.2.Final
2025-08-13 03:21:49 [restartedMain] INFO  org.intics.hermes.HermesApplication - Starting HermesApplication using Java 24.0.1 with PID 23667 (/home/roobadharani.deva@zucisystems.com/build/hermes/target/classes started by roobadharani.deva@zucisystems.com in /home/roobadharani.deva@zucisystems.com/build/hermes)
2025-08-13 03:21:49 [restartedMain] INFO  org.intics.hermes.HermesApplication - No active profile set, falling back to 1 default profile: "default"
2025-08-13 03:21:49 [restartedMain] INFO  o.s.b.d.e.DevToolsPropertyDefaultsPostProcessor - Devtools property defaults active! Set 'spring.devtools.add-properties' to 'false' to disable
2025-08-13 03:21:49 [restartedMain] INFO  o.s.b.d.e.DevToolsPropertyDefaultsPostProcessor - For additional web related logging consider setting the 'logging.level.web' property to 'DEBUG'
2025-08-13 03:21:50 [restartedMain] INFO  o.s.b.w.e.tomcat.TomcatWebServer - Tomcat initialized with port 8191 (http)
2025-08-13 03:21:50 [restartedMain] INFO  o.a.coyote.http11.Http11NioProtocol - Initializing ProtocolHandler ["http-nio-8191"]
2025-08-13 03:21:50 [restartedMain] INFO  o.a.catalina.core.StandardService - Starting service [Tomcat]
2025-08-13 03:21:50 [restartedMain] INFO  o.a.catalina.core.StandardEngine - Starting Servlet engine: [Apache Tomcat/10.1.43]
2025-08-13 03:21:50 [restartedMain] INFO  o.a.c.c.C.[.[localhost].[/hermes] - Initializing Spring embedded WebApplicationContext
2025-08-13 03:21:50 [restartedMain] INFO  o.s.b.w.s.c.ServletWebServerApplicationContext - Root WebApplicationContext: initialization completed in 1152 ms
2025-08-13 03:21:51 [restartedMain] INFO  o.s.b.d.a.OptionalLiveReloadServer - LiveReload server is running on port 35729
2025-08-13 03:21:51 [restartedMain] INFO  o.s.b.a.e.web.EndpointLinksResolver - Exposing 1 endpoint beneath base path '/actuator'
2025-08-13 03:21:51 [restartedMain] INFO  o.a.coyote.http11.Http11NioProtocol - Starting ProtocolHandler ["http-nio-8191"]
2025-08-13 03:21:51 [restartedMain] INFO  o.s.b.w.e.tomcat.TomcatWebServer - Tomcat started on port 8191 (http) with context path '/hermes'
2025-08-13 03:21:51 [restartedMain] INFO  org.intics.hermes.HermesApplication - Started HermesApplication in 2.266 seconds (process running for 2.851)
2025-08-13 03:22:03 [http-nio-8191-exec-1] INFO  o.a.c.c.C.[.[localhost].[/hermes] - Initializing Spring DispatcherServlet 'dispatcherServlet'
2025-08-13 03:22:03 [http-nio-8191-exec-1] INFO  o.s.web.servlet.DispatcherServlet - Initializing Servlet 'dispatcherServlet'
2025-08-13 03:22:03 [http-nio-8191-exec-1] INFO  o.s.web.servlet.DispatcherServlet - Completed initialization in 1 ms
2025-08-13 03:22:03 [http-nio-8191-exec-1] INFO  o.i.h.c.InboundShadowController - Completed processing docTypeBasedRedirect for tenantId=1, documentType=HEALTH_CARE
2025-08-13 03:22:03 [http-nio-8191-exec-1] INFO  o.i.h.service.InboundShadowService - docTypeRedirect called with tenantId=1, documentType=HEALTH_CARE, healthPlan=BH, channel=test
2025-08-13 03:22:03 [http-nio-8191-exec-1] INFO  o.i.h.service.InboundShadowService - Forwarding request to URL: https://agentic.intics.ai/alchemy-server/alchemy/api/v2/transaction/create/pipeline/shadow/fileUrl/HEALTH_CARE?tenantId=1&channel=test&documentType=HEALTH_CARE
2025-08-13 03:22:04 [http-nio-8191-exec-1] INFO  o.i.h.service.InboundShadowService - Response body received {"requestTxnId":"SI-123","status":"REQUEST_RECEIVED","transactionId":"ITX-3127"}
2025-08-13 03:22:04 [http-nio-8191-exec-1] INFO  o.i.h.service.InboundShadowService - Response received with status code: 200 OK
2025-08-13 03:22:06 [http-nio-8191-exec-3] INFO  o.i.h.c.InboundShadowController - Completed processing docTypeBasedRedirect for tenantId=1, documentType=HEALTH_CARE
2025-08-13 03:22:06 [http-nio-8191-exec-3] INFO  o.i.h.service.InboundShadowService - docTypeRedirect called with tenantId=1, documentType=HEALTH_CARE, healthPlan=BH, channel=test
2025-08-13 03:22:06 [http-nio-8191-exec-3] INFO  o.i.h.service.InboundShadowService - Forwarding request to URL: https://agentic.intics.ai/alchemy-server/alchemy/api/v2/transaction/create/pipeline/shadow/fileUrl/HEALTH_CARE?tenantId=1&channel=test&documentType=HEALTH_CARE
2025-08-13 03:22:07 [http-nio-8191-exec-3] INFO  o.i.h.service.InboundShadowService - Response body received {"requestTxnId":"SI-123","status":"REQUEST_RECEIVED","transactionId":"ITX-3128"}
2025-08-13 03:22:07 [http-nio-8191-exec-3] INFO  o.i.h.service.InboundShadowService - Response received with status code: 200 OK
2025-08-13 03:22:21 [http-nio-8191-exec-4] INFO  o.i.h.c.InboundShadowController - Completed processing docTypeBasedRedirect for tenantId=1, documentType=HEALTH_CARE
2025-08-13 03:22:21 [http-nio-8191-exec-4] INFO  o.i.h.service.InboundShadowService - docTypeRedirect called with tenantId=1, documentType=HEALTH_CARE, healthPlan=PH, channel=test
2025-08-13 03:22:21 [http-nio-8191-exec-4] INFO  o.i.h.service.InboundShadowService - Forwarding request to URL: https://intics.elevance.ngrok.dev/alchemy-server/alchemy/api/v2/transaction/create/pipeline/shadow/fileUrl/HEALTH_CARE?tenantId=1&channel=test&documentType=HEALTH_CARE
2025-08-13 03:22:22 [http-nio-8191-exec-4] INFO  o.i.h.service.InboundShadowService - Response body received {"requestTxnId":"SI-123","status":"REQUEST_RECEIVED","transactionId":"ITX-843"}
2025-08-13 03:22:22 [http-nio-8191-exec-4] INFO  o.i.h.service.InboundShadowService - Response received with status code: 200 OK
2025-08-13 03:22:26 [http-nio-8191-exec-5] INFO  o.i.h.c.InboundShadowController - Completed processing docTypeBasedRedirect for tenantId=1, documentType=HEALTH_CARE
2025-08-13 03:22:26 [http-nio-8191-exec-5] INFO  o.i.h.service.InboundShadowService - docTypeRedirect called with tenantId=1, documentType=HEALTH_CARE, healthPlan=PH, channel=test
2025-08-13 03:22:26 [http-nio-8191-exec-5] INFO  o.i.h.service.InboundShadowService - Forwarding request to URL: https://intics.elevance.ngrok.dev/alchemy-server/alchemy/api/v2/transaction/create/pipeline/shadow/fileUrl/HEALTH_CARE?tenantId=1&channel=test&documentType=HEALTH_CARE
2025-08-13 03:22:26 [http-nio-8191-exec-5] ERROR o.i.h.e.GlobalExceptionHandler - 400 Bad Request on POST request for "https://intics.elevance.ngrok.dev/alchemy-server/alchemy/api/v2/transaction/create/pipeline/shadow/fileUrl/HEALTH_CARE": "{"payload":{},"responseTimeStamp":"2025-08-12T21:52:26.819265Z","errorCode":400,"status":"Fail","errorMsg":"400 Bad Request: Invalid documentSource has been received in the request body."}"
org.intics.hermes.exception.HermesException: 400 Bad Request on POST request for "https://intics.elevance.ngrok.dev/alchemy-server/alchemy/api/v2/transaction/create/pipeline/shadow/fileUrl/HEALTH_CARE": "{"payload":{},"responseTimeStamp":"2025-08-12T21:52:26.819265Z","errorCode":400,"status":"Fail","errorMsg":"400 Bad Request: Invalid documentSource has been received in the request body."}"
	at org.intics.hermes.service.InboundShadowService.docTypeRedirect(InboundShadowService.java:110)
	at org.intics.hermes.controller.InboundShadowController.docTypeBasedRedirect(InboundShadowController.java:32)
	at java.base/jdk.internal.reflect.DirectMethodHandleAccessor.invoke(DirectMethodHandleAccessor.java:104)
	at java.base/java.lang.reflect.Method.invoke(Method.java:565)
	at org.springframework.web.method.support.InvocableHandlerMethod.doInvoke(InvocableHandlerMethod.java:258)
	at org.springframework.web.method.support.InvocableHandlerMethod.invokeForRequest(InvocableHandlerMethod.java:191)
	at org.springframework.web.servlet.mvc.method.annotation.ServletInvocableHandlerMethod.invokeAndHandle(ServletInvocableHandlerMethod.java:118)
	at org.springframework.web.servlet.mvc.method.annotation.RequestMappingHandlerAdapter.invokeHandlerMethod(RequestMappingHandlerAdapter.java:991)
	at org.springframework.web.servlet.mvc.method.annotation.RequestMappingHandlerAdapter.handleInternal(RequestMappingHandlerAdapter.java:896)
	at org.springframework.web.servlet.mvc.method.AbstractHandlerMethodAdapter.handle(AbstractHandlerMethodAdapter.java:87)
	at org.springframework.web.servlet.DispatcherServlet.doDispatch(DispatcherServlet.java:1089)
	at org.springframework.web.servlet.DispatcherServlet.doService(DispatcherServlet.java:979)
	at org.springframework.web.servlet.FrameworkServlet.processRequest(FrameworkServlet.java:1014)
	at org.springframework.web.servlet.FrameworkServlet.doPost(FrameworkServlet.java:914)
	at jakarta.servlet.http.HttpServlet.service(HttpServlet.java:590)
	at org.springframework.web.servlet.FrameworkServlet.service(FrameworkServlet.java:885)
	at jakarta.servlet.http.HttpServlet.service(HttpServlet.java:658)
	at org.apache.catalina.core.ApplicationFilterChain.internalDoFilter(ApplicationFilterChain.java:195)
	at org.apache.catalina.core.ApplicationFilterChain.doFilter(ApplicationFilterChain.java:140)
	at org.apache.tomcat.websocket.server.WsFilter.doFilter(WsFilter.java:51)
	at org.apache.catalina.core.ApplicationFilterChain.internalDoFilter(ApplicationFilterChain.java:164)
	at org.apache.catalina.core.ApplicationFilterChain.doFilter(ApplicationFilterChain.java:140)
	at org.springframework.web.filter.RequestContextFilter.doFilterInternal(RequestContextFilter.java:100)
	at org.springframework.web.filter.OncePerRequestFilter.doFilter(OncePerRequestFilter.java:116)
	at org.apache.catalina.core.ApplicationFilterChain.internalDoFilter(ApplicationFilterChain.java:164)
	at org.apache.catalina.core.ApplicationFilterChain.doFilter(ApplicationFilterChain.java:140)
	at org.springframework.web.filter.FormContentFilter.doFilterInternal(FormContentFilter.java:93)
	at org.springframework.web.filter.OncePerRequestFilter.doFilter(OncePerRequestFilter.java:116)
	at org.apache.catalina.core.ApplicationFilterChain.internalDoFilter(ApplicationFilterChain.java:164)
	at org.apache.catalina.core.ApplicationFilterChain.doFilter(ApplicationFilterChain.java:140)
	at org.springframework.web.filter.ServerHttpObservationFilter.doFilterInternal(ServerHttpObservationFilter.java:110)
	at org.springframework.web.filter.OncePerRequestFilter.doFilter(OncePerRequestFilter.java:116)
	at org.apache.catalina.core.ApplicationFilterChain.internalDoFilter(ApplicationFilterChain.java:164)
	at org.apache.catalina.core.ApplicationFilterChain.doFilter(ApplicationFilterChain.java:140)
	at org.springframework.web.filter.CharacterEncodingFilter.doFilterInternal(CharacterEncodingFilter.java:201)
	at org.springframework.web.filter.OncePerRequestFilter.doFilter(OncePerRequestFilter.java:116)
	at org.apache.catalina.core.ApplicationFilterChain.internalDoFilter(ApplicationFilterChain.java:164)
	at org.apache.catalina.core.ApplicationFilterChain.doFilter(ApplicationFilterChain.java:140)
	at org.apache.catalina.core.StandardWrapperValve.invoke(StandardWrapperValve.java:167)
	at org.apache.catalina.core.StandardContextValve.invoke(StandardContextValve.java:90)
	at org.apache.catalina.authenticator.AuthenticatorBase.invoke(AuthenticatorBase.java:483)
	at org.apache.catalina.core.StandardHostValve.invoke(StandardHostValve.java:116)
	at org.apache.catalina.valves.ErrorReportValve.invoke(ErrorReportValve.java:93)
	at org.apache.catalina.core.StandardEngineValve.invoke(StandardEngineValve.java:74)
	at org.apache.catalina.connector.CoyoteAdapter.service(CoyoteAdapter.java:344)
	at org.apache.coyote.http11.Http11Processor.service(Http11Processor.java:398)
	at org.apache.coyote.AbstractProcessorLight.process(AbstractProcessorLight.java:63)
	at org.apache.coyote.AbstractProtocol$ConnectionHandler.process(AbstractProtocol.java:903)
	at org.apache.tomcat.util.net.NioEndpoint$SocketProcessor.doRun(NioEndpoint.java:1769)
	at org.apache.tomcat.util.net.SocketProcessorBase.run(SocketProcessorBase.java:52)
	at org.apache.tomcat.util.threads.ThreadPoolExecutor.runWorker(ThreadPoolExecutor.java:1189)
	at org.apache.tomcat.util.threads.ThreadPoolExecutor$Worker.run(ThreadPoolExecutor.java:658)
	at org.apache.tomcat.util.threads.TaskThread$WrappingRunnable.run(TaskThread.java:63)
	at java.base/java.lang.Thread.run(Thread.java:1447)
2025-08-13 03:22:26 [http-nio-8191-exec-5] WARN  o.s.w.s.m.m.a.ExceptionHandlerExceptionResolver - Resolved [org.intics.hermes.exception.HermesException: 400 Bad Request on POST request for "https://intics.elevance.ngrok.dev/alchemy-server/alchemy/api/v2/transaction/create/pipeline/shadow/fileUrl/HEALTH_CARE": "{"payload":{},"responseTimeStamp":"2025-08-12T21:52:26.819265Z","errorCode":400,"status":"Fail","errorMsg":"400 Bad Request: Invalid documentSource has been received in the request body."}"]
2025-08-13 03:22:51 [http-nio-8191-exec-6] INFO  o.i.h.c.InboundShadowController - Completed processing docTypeBasedRedirect for tenantId=1, documentType=HEALTH_CARE
2025-08-13 03:22:51 [http-nio-8191-exec-6] INFO  o.i.h.service.InboundShadowService - docTypeRedirect called with tenantId=1, documentType=HEALTH_CARE, healthPlan=BH, channel=test
2025-08-13 03:22:51 [http-nio-8191-exec-6] INFO  o.i.h.service.InboundShadowService - Forwarding request to URL: https://agentic.intics.ai/alchemy-server/alchemy/api/v2/transaction/create/pipeline/shadow/fileUrl/HEALTH_CARE?tenantId=1&channel=test&documentType=HEALTH_CARE
2025-08-13 03:22:51 [http-nio-8191-exec-6] ERROR o.i.h.e.GlobalExceptionHandler - 400 Bad Request on POST request for "https://agentic.intics.ai/alchemy-server/alchemy/api/v2/transaction/create/pipeline/shadow/fileUrl/HEALTH_CARE": "{"payload":{},"responseTimeStamp":"2025-08-12T21:52:51.786994Z","errorCode":400,"status":"Fail","errorMsg":"400 Bad Request: Invalid documentSource has been received in the request body."}"
org.intics.hermes.exception.HermesException: 400 Bad Request on POST request for "https://agentic.intics.ai/alchemy-server/alchemy/api/v2/transaction/create/pipeline/shadow/fileUrl/HEALTH_CARE": "{"payload":{},"responseTimeStamp":"2025-08-12T21:52:51.786994Z","errorCode":400,"status":"Fail","errorMsg":"400 Bad Request: Invalid documentSource has been received in the request body."}"
	at org.intics.hermes.service.InboundShadowService.docTypeRedirect(InboundShadowService.java:110)
	at org.intics.hermes.controller.InboundShadowController.docTypeBasedRedirect(InboundShadowController.java:32)
	at java.base/jdk.internal.reflect.DirectMethodHandleAccessor.invoke(DirectMethodHandleAccessor.java:104)
	at java.base/java.lang.reflect.Method.invoke(Method.java:565)
	at org.springframework.web.method.support.InvocableHandlerMethod.doInvoke(InvocableHandlerMethod.java:258)
	at org.springframework.web.method.support.InvocableHandlerMethod.invokeForRequest(InvocableHandlerMethod.java:191)
	at org.springframework.web.servlet.mvc.method.annotation.ServletInvocableHandlerMethod.invokeAndHandle(ServletInvocableHandlerMethod.java:118)
	at org.springframework.web.servlet.mvc.method.annotation.RequestMappingHandlerAdapter.invokeHandlerMethod(RequestMappingHandlerAdapter.java:991)
	at org.springframework.web.servlet.mvc.method.annotation.RequestMappingHandlerAdapter.handleInternal(RequestMappingHandlerAdapter.java:896)
	at org.springframework.web.servlet.mvc.method.AbstractHandlerMethodAdapter.handle(AbstractHandlerMethodAdapter.java:87)
	at org.springframework.web.servlet.DispatcherServlet.doDispatch(DispatcherServlet.java:1089)
	at org.springframework.web.servlet.DispatcherServlet.doService(DispatcherServlet.java:979)
	at org.springframework.web.servlet.FrameworkServlet.processRequest(FrameworkServlet.java:1014)
	at org.springframework.web.servlet.FrameworkServlet.doPost(FrameworkServlet.java:914)
	at jakarta.servlet.http.HttpServlet.service(HttpServlet.java:590)
	at org.springframework.web.servlet.FrameworkServlet.service(FrameworkServlet.java:885)
	at jakarta.servlet.http.HttpServlet.service(HttpServlet.java:658)
	at org.apache.catalina.core.ApplicationFilterChain.internalDoFilter(ApplicationFilterChain.java:195)
	at org.apache.catalina.core.ApplicationFilterChain.doFilter(ApplicationFilterChain.java:140)
	at org.apache.tomcat.websocket.server.WsFilter.doFilter(WsFilter.java:51)
	at org.apache.catalina.core.ApplicationFilterChain.internalDoFilter(ApplicationFilterChain.java:164)
	at org.apache.catalina.core.ApplicationFilterChain.doFilter(ApplicationFilterChain.java:140)
	at org.springframework.web.filter.RequestContextFilter.doFilterInternal(RequestContextFilter.java:100)
	at org.springframework.web.filter.OncePerRequestFilter.doFilter(OncePerRequestFilter.java:116)
	at org.apache.catalina.core.ApplicationFilterChain.internalDoFilter(ApplicationFilterChain.java:164)
	at org.apache.catalina.core.ApplicationFilterChain.doFilter(ApplicationFilterChain.java:140)
	at org.springframework.web.filter.FormContentFilter.doFilterInternal(FormContentFilter.java:93)
	at org.springframework.web.filter.OncePerRequestFilter.doFilter(OncePerRequestFilter.java:116)
	at org.apache.catalina.core.ApplicationFilterChain.internalDoFilter(ApplicationFilterChain.java:164)
	at org.apache.catalina.core.ApplicationFilterChain.doFilter(ApplicationFilterChain.java:140)
	at org.springframework.web.filter.ServerHttpObservationFilter.doFilterInternal(ServerHttpObservationFilter.java:110)
	at org.springframework.web.filter.OncePerRequestFilter.doFilter(OncePerRequestFilter.java:116)
	at org.apache.catalina.core.ApplicationFilterChain.internalDoFilter(ApplicationFilterChain.java:164)
	at org.apache.catalina.core.ApplicationFilterChain.doFilter(ApplicationFilterChain.java:140)
	at org.springframework.web.filter.CharacterEncodingFilter.doFilterInternal(CharacterEncodingFilter.java:201)
	at org.springframework.web.filter.OncePerRequestFilter.doFilter(OncePerRequestFilter.java:116)
	at org.apache.catalina.core.ApplicationFilterChain.internalDoFilter(ApplicationFilterChain.java:164)
	at org.apache.catalina.core.ApplicationFilterChain.doFilter(ApplicationFilterChain.java:140)
	at org.apache.catalina.core.StandardWrapperValve.invoke(StandardWrapperValve.java:167)
	at org.apache.catalina.core.StandardContextValve.invoke(StandardContextValve.java:90)
	at org.apache.catalina.authenticator.AuthenticatorBase.invoke(AuthenticatorBase.java:483)
	at org.apache.catalina.core.StandardHostValve.invoke(StandardHostValve.java:116)
	at org.apache.catalina.valves.ErrorReportValve.invoke(ErrorReportValve.java:93)
	at org.apache.catalina.core.StandardEngineValve.invoke(StandardEngineValve.java:74)
	at org.apache.catalina.connector.CoyoteAdapter.service(CoyoteAdapter.java:344)
	at org.apache.coyote.http11.Http11Processor.service(Http11Processor.java:398)
	at org.apache.coyote.AbstractProcessorLight.process(AbstractProcessorLight.java:63)
	at org.apache.coyote.AbstractProtocol$ConnectionHandler.process(AbstractProtocol.java:903)
	at org.apache.tomcat.util.net.NioEndpoint$SocketProcessor.doRun(NioEndpoint.java:1769)
	at org.apache.tomcat.util.net.SocketProcessorBase.run(SocketProcessorBase.java:52)
	at org.apache.tomcat.util.threads.ThreadPoolExecutor.runWorker(ThreadPoolExecutor.java:1189)
	at org.apache.tomcat.util.threads.ThreadPoolExecutor$Worker.run(ThreadPoolExecutor.java:658)
	at org.apache.tomcat.util.threads.TaskThread$WrappingRunnable.run(TaskThread.java:63)
	at java.base/java.lang.Thread.run(Thread.java:1447)
2025-08-13 03:22:51 [http-nio-8191-exec-6] WARN  o.s.w.s.m.m.a.ExceptionHandlerExceptionResolver - Resolved [org.intics.hermes.exception.HermesException: 400 Bad Request on POST request for "https://agentic.intics.ai/alchemy-server/alchemy/api/v2/transaction/create/pipeline/shadow/fileUrl/HEALTH_CARE": "{"payload":{},"responseTimeStamp":"2025-08-12T21:52:51.786994Z","errorCode":400,"status":"Fail","errorMsg":"400 Bad Request: Invalid documentSource has been received in the request body."}"]
2025-08-13 03:23:00 [http-nio-8191-exec-9] INFO  o.i.h.c.InboundShadowController - Completed processing docTypeBasedRedirect for tenantId=1, documentType=HEALTH_CARE
2025-08-13 03:23:00 [http-nio-8191-exec-9] INFO  o.i.h.service.InboundShadowService - docTypeRedirect called with tenantId=1, documentType=HEALTH_CARE, healthPlan=BH, channel=test
2025-08-13 03:23:00 [http-nio-8191-exec-9] INFO  o.i.h.service.InboundShadowService - Forwarding request to URL: https://agentic.intics.ai/alchemy-server/alchemy/api/v2/transaction/create/pipeline/shadow/fileUrl/HEALTH_CARE?tenantId=1&channel=test&documentType=HEALTH_CARE
2025-08-13 03:23:00 [http-nio-8191-exec-9] ERROR o.i.h.e.GlobalExceptionHandler - 401 Unauthorized on POST request for "https://agentic.intics.ai/alchemy-server/alchemy/api/v2/transaction/create/pipeline/shadow/fileUrl/HEALTH_CARE": [no body]
org.intics.hermes.exception.HermesException: 401 Unauthorized on POST request for "https://agentic.intics.ai/alchemy-server/alchemy/api/v2/transaction/create/pipeline/shadow/fileUrl/HEALTH_CARE": [no body]
	at org.intics.hermes.service.InboundShadowService.docTypeRedirect(InboundShadowService.java:110)
	at org.intics.hermes.controller.InboundShadowController.docTypeBasedRedirect(InboundShadowController.java:32)
	at java.base/jdk.internal.reflect.DirectMethodHandleAccessor.invoke(DirectMethodHandleAccessor.java:104)
	at java.base/java.lang.reflect.Method.invoke(Method.java:565)
	at org.springframework.web.method.support.InvocableHandlerMethod.doInvoke(InvocableHandlerMethod.java:258)
	at org.springframework.web.method.support.InvocableHandlerMethod.invokeForRequest(InvocableHandlerMethod.java:191)
	at org.springframework.web.servlet.mvc.method.annotation.ServletInvocableHandlerMethod.invokeAndHandle(ServletInvocableHandlerMethod.java:118)
	at org.springframework.web.servlet.mvc.method.annotation.RequestMappingHandlerAdapter.invokeHandlerMethod(RequestMappingHandlerAdapter.java:991)
	at org.springframework.web.servlet.mvc.method.annotation.RequestMappingHandlerAdapter.handleInternal(RequestMappingHandlerAdapter.java:896)
	at org.springframework.web.servlet.mvc.method.AbstractHandlerMethodAdapter.handle(AbstractHandlerMethodAdapter.java:87)
	at org.springframework.web.servlet.DispatcherServlet.doDispatch(DispatcherServlet.java:1089)
	at org.springframework.web.servlet.DispatcherServlet.doService(DispatcherServlet.java:979)
	at org.springframework.web.servlet.FrameworkServlet.processRequest(FrameworkServlet.java:1014)
	at org.springframework.web.servlet.FrameworkServlet.doPost(FrameworkServlet.java:914)
	at jakarta.servlet.http.HttpServlet.service(HttpServlet.java:590)
	at org.springframework.web.servlet.FrameworkServlet.service(FrameworkServlet.java:885)
	at jakarta.servlet.http.HttpServlet.service(HttpServlet.java:658)
	at org.apache.catalina.core.ApplicationFilterChain.internalDoFilter(ApplicationFilterChain.java:195)
	at org.apache.catalina.core.ApplicationFilterChain.doFilter(ApplicationFilterChain.java:140)
	at org.apache.tomcat.websocket.server.WsFilter.doFilter(WsFilter.java:51)
	at org.apache.catalina.core.ApplicationFilterChain.internalDoFilter(ApplicationFilterChain.java:164)
	at org.apache.catalina.core.ApplicationFilterChain.doFilter(ApplicationFilterChain.java:140)
	at org.springframework.web.filter.RequestContextFilter.doFilterInternal(RequestContextFilter.java:100)
	at org.springframework.web.filter.OncePerRequestFilter.doFilter(OncePerRequestFilter.java:116)
	at org.apache.catalina.core.ApplicationFilterChain.internalDoFilter(ApplicationFilterChain.java:164)
	at org.apache.catalina.core.ApplicationFilterChain.doFilter(ApplicationFilterChain.java:140)
	at org.springframework.web.filter.FormContentFilter.doFilterInternal(FormContentFilter.java:93)
	at org.springframework.web.filter.OncePerRequestFilter.doFilter(OncePerRequestFilter.java:116)
	at org.apache.catalina.core.ApplicationFilterChain.internalDoFilter(ApplicationFilterChain.java:164)
	at org.apache.catalina.core.ApplicationFilterChain.doFilter(ApplicationFilterChain.java:140)
	at org.springframework.web.filter.ServerHttpObservationFilter.doFilterInternal(ServerHttpObservationFilter.java:110)
	at org.springframework.web.filter.OncePerRequestFilter.doFilter(OncePerRequestFilter.java:116)
	at org.apache.catalina.core.ApplicationFilterChain.internalDoFilter(ApplicationFilterChain.java:164)
	at org.apache.catalina.core.ApplicationFilterChain.doFilter(ApplicationFilterChain.java:140)
	at org.springframework.web.filter.CharacterEncodingFilter.doFilterInternal(CharacterEncodingFilter.java:201)
	at org.springframework.web.filter.OncePerRequestFilter.doFilter(OncePerRequestFilter.java:116)
	at org.apache.catalina.core.ApplicationFilterChain.internalDoFilter(ApplicationFilterChain.java:164)
	at org.apache.catalina.core.ApplicationFilterChain.doFilter(ApplicationFilterChain.java:140)
	at org.apache.catalina.core.StandardWrapperValve.invoke(StandardWrapperValve.java:167)
	at org.apache.catalina.core.StandardContextValve.invoke(StandardContextValve.java:90)
	at org.apache.catalina.authenticator.AuthenticatorBase.invoke(AuthenticatorBase.java:483)
	at org.apache.catalina.core.StandardHostValve.invoke(StandardHostValve.java:116)
	at org.apache.catalina.valves.ErrorReportValve.invoke(ErrorReportValve.java:93)
	at org.apache.catalina.core.StandardEngineValve.invoke(StandardEngineValve.java:74)
	at org.apache.catalina.connector.CoyoteAdapter.service(CoyoteAdapter.java:344)
	at org.apache.coyote.http11.Http11Processor.service(Http11Processor.java:398)
	at org.apache.coyote.AbstractProcessorLight.process(AbstractProcessorLight.java:63)
	at org.apache.coyote.AbstractProtocol$ConnectionHandler.process(AbstractProtocol.java:903)
	at org.apache.tomcat.util.net.NioEndpoint$SocketProcessor.doRun(NioEndpoint.java:1769)
	at org.apache.tomcat.util.net.SocketProcessorBase.run(SocketProcessorBase.java:52)
	at org.apache.tomcat.util.threads.ThreadPoolExecutor.runWorker(ThreadPoolExecutor.java:1189)
	at org.apache.tomcat.util.threads.ThreadPoolExecutor$Worker.run(ThreadPoolExecutor.java:658)
	at org.apache.tomcat.util.threads.TaskThread$WrappingRunnable.run(TaskThread.java:63)
	at java.base/java.lang.Thread.run(Thread.java:1447)
2025-08-13 03:23:00 [http-nio-8191-exec-9] WARN  o.s.w.s.m.m.a.ExceptionHandlerExceptionResolver - Resolved [org.intics.hermes.exception.HermesException: 401 Unauthorized on POST request for "https://agentic.intics.ai/alchemy-server/alchemy/api/v2/transaction/create/pipeline/shadow/fileUrl/HEALTH_CARE": [no body]]
2025-08-13 03:23:17 [SpringApplicationShutdownHook] INFO  o.s.b.w.e.tomcat.GracefulShutdown - Commencing graceful shutdown. Waiting for active requests to complete
2025-08-13 03:23:17 [tomcat-shutdown] INFO  o.s.b.w.e.tomcat.GracefulShutdown - Graceful shutdown complete
2025-08-13 03:23:30 [background-preinit] INFO  o.h.validator.internal.util.Version - HV000001: Hibernate Validator 8.0.2.Final
2025-08-13 03:23:31 [restartedMain] INFO  org.intics.hermes.HermesApplication - Starting HermesApplication using Java 24.0.1 with PID 23846 (/home/roobadharani.deva@zucisystems.com/build/hermes/target/classes started by roobadharani.deva@zucisystems.com in /home/roobadharani.deva@zucisystems.com/build/hermes)
2025-08-13 03:23:31 [restartedMain] INFO  org.intics.hermes.HermesApplication - No active profile set, falling back to 1 default profile: "default"
2025-08-13 03:23:31 [restartedMain] INFO  o.s.b.d.e.DevToolsPropertyDefaultsPostProcessor - Devtools property defaults active! Set 'spring.devtools.add-properties' to 'false' to disable
2025-08-13 03:23:31 [restartedMain] INFO  o.s.b.d.e.DevToolsPropertyDefaultsPostProcessor - For additional web related logging consider setting the 'logging.level.web' property to 'DEBUG'
2025-08-13 03:23:32 [restartedMain] INFO  o.s.b.w.e.tomcat.TomcatWebServer - Tomcat initialized with port 8191 (http)
2025-08-13 03:23:32 [restartedMain] INFO  o.a.coyote.http11.Http11NioProtocol - Initializing ProtocolHandler ["http-nio-8191"]
2025-08-13 03:23:32 [restartedMain] INFO  o.a.catalina.core.StandardService - Starting service [Tomcat]
2025-08-13 03:23:32 [restartedMain] INFO  o.a.catalina.core.StandardEngine - Starting Servlet engine: [Apache Tomcat/10.1.43]
2025-08-13 03:23:32 [restartedMain] INFO  o.a.c.c.C.[.[localhost].[/hermes] - Initializing Spring embedded WebApplicationContext
2025-08-13 03:23:32 [restartedMain] INFO  o.s.b.w.s.c.ServletWebServerApplicationContext - Root WebApplicationContext: initialization completed in 1081 ms
2025-08-13 03:23:32 [restartedMain] INFO  o.s.b.d.a.OptionalLiveReloadServer - LiveReload server is running on port 35729
2025-08-13 03:23:32 [restartedMain] INFO  o.s.b.a.e.web.EndpointLinksResolver - Exposing 1 endpoint beneath base path '/actuator'
2025-08-13 03:23:32 [restartedMain] INFO  o.a.coyote.http11.Http11NioProtocol - Starting ProtocolHandler ["http-nio-8191"]
2025-08-13 03:23:32 [restartedMain] INFO  o.s.b.w.e.tomcat.TomcatWebServer - Tomcat started on port 8191 (http) with context path '/hermes'
2025-08-13 03:23:32 [restartedMain] INFO  org.intics.hermes.HermesApplication - Started HermesApplication in 2.15 seconds (process running for 2.666)
